Player,Prop Type,Prop Value,Start Time,RF_Prediction,RF_Confidence,Model_Type,LLM_Prediction,LLM_RF_Agreement,LLM_Confidence,LLM_Justification,Actual_Stat,Actual_Result,Reflection
tyler fitzgerald,Hitter Fantasy Score,5.5,Thu 3:10 PM,1,0.65,hitter,Over,True,Medium,"Tyler Fitzgerald has a higher wOBA (0.371) and xwOBA (0.357) against left-handed pitchers compared to right-handed ones, and the opposing pitcher has a high ERA (6.68), which suggests a subpar performance. Additionally, Coors Field's park factor for home runs is 91.0, increasing the chances of Fitzgerald hitting one or scoring on bases.",,,
jung hoo lee,Hitter Fantasy Score,9.0,Thu 3:10 PM,1,0.82,hitter,Over,True,Low,"Player's strong performance against lefties (OPS of 0.934), park factor for home runs, and the opposing pitcher's elevated ERA suggest a higher likelihood of scoring fantasy points, but the model's low confidence indicates it may not be accurate in this case due to the sparse training data and potential overemphasis on recent form versus long-term performance metrics.",,,
jordan beck,Hitter Fantasy Score,7.5,Thu 3:10 PM,1,0.56,hitter,Over,True,Medium,"Despite his low 56% confidence level, Jordan Beck's solid wOBA/xwOBA versus lefties and a favorable park factor for home runs at Coors Field suggest an opportunity to score higher than the 7.5 threshold. However, the opposing pitcher has decent control with a K/BB ratio of 2.65, which may limit base runners and potential RBIs for Beck.",,,
willy adames,Hitter Fantasy Score,8.5,Thu 3:10 PM,1,0.69,hitter,Over,True,Low,"Willy Adames' wOBA vs RHP (0.309) and recent form (0.482 OPS in last 15 games) suggest solid hitting capabilities against right-handed pitchers, but the pitcher he is facing has a high ERA of 6.68 and K/BB ratio of 1.57. However, Coors Field's park factor (97.0 for overall and 91.0 for home runs) could potentially boost his HR potential. The model's prediction may be overly optimistic due to its early development stage with sparse training data.",,,
thairo estrada,Hitter Fantasy Score,6.5,Thu 3:10 PM,1,0.65,hitter,Under,False,Low,"Despite the favorable park factor for home runs, Estrada's career splits against right-handed pitchers (.257 AVG, .593 OPS) and poor wOBA of 0.254 vs RHP are not encouraging signs. Additionally, his low ISO (0.086) indicates limited power output. The opposing pitcher's K/BB ratio (2.65) suggests a tendency to issue walks, but Estrada's poor plate discipline (0% BB vs RHP) and recent form (.245 AVG in last 15 games against righties) are concerning. The model's low confidence level also raises doubts about the prediction.",,,
dominic smith,Hitter Fantasy Score,6.5,Thu 3:10 PM,1,0.69,hitter,Under,False,Low,"Domonic Smith's wOBA (0.29) and xwOBA (0.239) vs right-handed pitchers suggest a low offensive output, especially with his recent form against RHP (AVG: 0.27). Moreover, the opposing pitcher has a high ERA of 6.68 and K/BB ratio of 1.57, making him vulnerable to hitters like Smith. However, the park factor for home runs at Coors Field may slightly boost his chances, but it's unlikely to push him over the prop line of 6.5 Fantasy Score.",,,
spencer torkelson,Hits+Runs+RBIs,1.5,Thu 6:35 PM,1,0.8,hitter,Over,True,Low,"Player's wOBA vs LHP (0.414) is significantly higher than league average (0.326), but the model's confidence level is low, suggesting a potential overestimation of the hits+runs+RBIs total. Recent form against lefties is also strong, with an OPS of 1.048 in the last 15 games. However, lacking information about the opposing pitcher and game conditions makes it difficult to fully evaluate this pick.",,,
colton cowser,Total Bases,0.5,Thu 6:35 PM,1,0.61,hitter,Under,False,Low,"Despite a favorable park factor and wind condition, Cowser has a dismal .091 batting average against left-handed pitchers (LHP) this season, with only one hit in 11 at-bats. The opposing pitcher boasts impressive stats, including a 33.4% K rate, which is concerning for Cowser's chances of getting a base hit. Additionally, the model has low confidence in its prediction due to the sparse training data and early development stage.",,,
parker meadows,Hits+Runs+RBIs,1.5,Thu 6:35 PM,1,0.81,hitter,Over,True,Low,"Despite his impressive wOBA and xwOBA vs LHP, the small sample size against lefties (4 AB) warrants caution. Additionally, the model's low confidence suggests potential inaccuracy due to sparse training data.",,,
colt keith,Hits+Runs+RBIs,1.5,Thu 6:35 PM,1,0.5579306608884074,hitter,Over,True,Medium,"Although Colt Keith's H+R+RBI performance vs RHP (0.261 AVG, 0.354 OBP) is slightly better than his LHP counterpart, the model prediction seems overly optimistic given his poor performance vs LHP in terms of AVG (0.156), wOBA (0.197), and xwOBA (0.359). Additionally, the opposing pitcher's stats are unavailable, making it challenging to assess their suitability for Keith. The game conditions appear favorable for hitting, but overall context is insufficient to confidently agree with the model prediction.",,,
coby mayo,Total Bases,0.5,Thu 6:35 PM,1,0.57,hitter,Under,False,Low,"Despite a decent wOBA vs LHP (0.226), Coby Mayo has only 1 hit in 6 at-bats against the lefty starter, indicating limited success. The opposing pitcher also has a low walk rate (BB/9: 0.76) and high strikeout percentage (K%: 33.4%). Additionally, wind conditions may slightly decrease fly ball distance, reducing Mayo's chances of doubles or triples.",,,
coby mayo,Hits+Runs+RBIs,0.5,Thu 6:35 PM,1,0.57,hitter,Under,False,Low,"Despite a decent wOBA against LHP (0.226), Coby Mayo's limited plate appearances versus lefties this season (7 PA) make it difficult to trust the model's prediction, especially when considering his low hitting performance in past games vs LHP (1 hit). Additionally, facing a strong lefty starter with a 33.4% K rate could lead to strikeouts. The park factor for home runs at Oriole Park is also relatively neutral.",,,
gleyber torres,Hits+Runs+RBIs,1.5,Thu 6:35 PM,1,0.52,hitter,Over,True,Low,"Despite a high OPS against left-handers (1.042), Torres' recent form is poor, with a .211 AVG in the last 15 games versus LHP. The pitcher's stats are unavailable, making it challenging to assess the matchup further. The park factor for home runs at Camden Yards is relatively neutral (93), which might impact Torres' performance.",,,
dylan carlson,Hits,0.5,Thu 6:35 PM,0,0.48,hitter,Under,True,High,"Despite a relatively high recent form against RHP (0.279 AVG), Carlson's career averages and splits (0.218 vs RHP, 0.2 vs LHP) suggest a lower probability of hits. The opposing pitcher has a strong K/BB% (33.4%, 2.2%) and low HR/9 rate (0.65), making it difficult for Carlson to generate power or force walks. Additionally, the crosswind conditions at Camden Yards may slightly decrease his hit potential compared to neutral or favorable winds.",,,
dylan carlson,Total Bases,0.5,Thu 6:35 PM,1,0.51,hitter,Under,False,Low,"Despite a good wOBA against RHP (0.289), Dylan Carlson's recent form vs RHP is poor, with an AVG of 0.279 in the last 15 games. Facing a strong pitcher with a K/BB% of 31.2%, Carlson may struggle to make solid contact and generate bases.",,,
javier baez,Hitter Fantasy Score,3.5,Thu 6:35 PM,1,0.7,hitter,Over,True,Medium,"Baez's .351 AVG vs LHP and recent form (.370 OBP, .556 SLG in last 15 games) are strong indicators for an Over pick, but the model's confidence level is only 70%. However, facing a left-handed pitcher with unknown stats may impact his performance negatively, so skepticism is warranted.",,,
riley greene,Hitter Fantasy Score,6.5,Thu 6:35 PM,1,0.79,hitter,Over,True,Medium,"Despite Greene's recent form dips vs LHP, his xwOBA (0.347) and barrel% (18.1%) against RHP indicate a solid ability to make hard contact. Given the neutral-ish hitter wind conditions at Oriole Park, Greene has a good chance of posting a respectable fantasy score. However, the model's prediction should be treated cautiously due to its lower confidence level and lack of detailed opponent information.",,,
spencer torkelson,Hitter Fantasy Score,5.0,Thu 6:35 PM,1,0.78,hitter,Over,True,Low,"Despite a high wOBA against LHP (0.414), recent form is poor versus LHP (0.263 AVG, 0.417 OBP in last 15 games). Additionally, the opposing pitcher's stats are unavailable to assess matchup strength.",,,
adley rutschman,Hitter Fantasy Score,4.5,Thu 6:35 PM,0,0.46,hitter,Over,False,Low,"Despite the low confidence level, Rutschman's strong wOBA against lefties (0.328) and recent form (0.417 AVG in the last 15 games against LHP) outweigh the opposing pitcher's strong K/BB ratio, making it more likely that he scores more than 4.5 fantasy points in this matchup.",,,
gunnar henderson,Hitter Fantasy Score,5.0,Thu 6:35 PM,1,0.6881722488038278,hitter,Over,True,Low,"Despite Gunnar Henderson's excellent numbers against right-handed pitchers (0.96 OPS), the opposing pitcher has a low ERA and K/BB ratio, which may limit his scoring opportunities. Furthermore, Henderson's recent form versus lefties is significantly lower than against righties. The game is being played at Camden Yards, a park with a neutral HR factor, and wind conditions are not favorable for hitters.",,,
kerry carpenter,Hitter Fantasy Score,5.5,Thu 6:35 PM,1,0.7581722488038278,hitter,Under,False,Low,"Despite Kerry Carpenter's solid wOBA vs RHP (0.356), his ISO is low at 0.233, and his recent form against RHP has been subpar (AVG: 0.208). The opposing pitcher's stats are unavailable, which complicates the analysis. However, considering Carpenter's low BB% vs LHP, a potential matchup with a left-handed pitcher may be unfavorable for his offensive output. The park factor (93.0 for HR) and crosswind conditions could potentially work against him as well.",,,
ryan o'hearn,Hitter Fantasy Score,4.5,Thu 6:35 PM,0,0.4981722488038277,hitter,Over,False,Low,"Player has a strong 0.321 average vs RHP and excellent 50.6% hard hit rate against 4-seam fastballs. However, the model's confidence is low due to sparse training data and limited game context, such as recent form, park factor, or pitcher matchup specifics.",,,
dillon dingler,Hitter Fantasy Score,4.5,Thu 6:35 PM,1,0.7,hitter,Over,True,Low,"Despite the player's recent hot streak against lefties (0.382 AVG in last 15 games), his overall wOBA against LHP is lower than RHP (0.376 vs 0.317). Additionally, the confidence level of the model is low and should be treated with caution given its early development stage.",,,
jackson holliday,Hitter Fantasy Score,5.0,Thu 6:35 PM,1,0.8019877827844104,hitter,Over,True,Low,"Despite his solid wOBA and recent form against RHP, Holliday struggles significantly against LHP with a lower AVG, OBP, SLG, and ISO. The opposing pitcher has a strong K/9 but also a low BB%, which could limit opportunities for Holliday to get on base. Additionally, the park factor for HR is only 96, suggesting it's slightly pitcher-friendly. These factors suggest a lower fantasy score for Holliday in this game.",,,
gleyber torres,Hitter Fantasy Score,5.0,Thu 6:35 PM,0,0.47,hitter,Over,False,Low,"Gleyber Torres has a higher wOBA (0.446) and xwOBA (0.398) against LHP compared to his overall season averages, with a strong 14.8% BB% and 8.2% K% vs LHP in the current season. Furthermore, Gleyber Torres has a high barrel% (10.3%) and hard hit % (37.7%) against four-seam fastballs, which is likely to be the pitcher's primary pitch. Despite an average FIP of 4.56 mph, the wind conditions at Camden Yards should help boost the potential for extra bases and runs.",,,
bobby witt,Total Bases,1.5,Thu 7:40 PM,0,0.3412521176651779,hitter,Under,True,Medium,"Despite a high wOBA and SLG against RHP (0.351, 0.48), Bobby Witt's raw stats vs RHP are limited with only 60 hits in 215 AB. Additionally, he'll be facing a right-handed pitcher today with a solid K% (29.4%) and respectable ERA (5.34). Although the park factor favors hitters, the opposing pitcher's above-average strikeout ability may limit opportunities for Witt to accumulate total bases.",,,
aaron judge,Hits+Runs+RBIs,2.5,Thu 7:40 PM,1,0.8,hitter,Over,True,Low,"Although Judge has a strong season average vs LHP (1.471 OPS), his recent form against lefties is poor (0.31 AVG, 0.474 OBP in the last 15 games). The opposing pitcher has a low K% and BB%, which could limit Judge's RBI opportunities despite the HR-friendly park conditions.",,,
dj lemahieu,Hits+Runs+RBIs,1.5,Thu 7:40 PM,1,0.53,hitter,Over,True,Low,"Despite D.J. LeMahieu's solid season averages vs RHP (wOBA 0.364), the opposing pitcher has a low K% and high HR/9, which may lead to more hits than runs or RBIs due to increased hard contact by batters. Additionally, the hitter-friendly conditions at Kauffman Stadium could contribute to higher offensive output. The model's prediction appears to be influenced heavily by traditional stats rather than advanced metrics and recent form, making it less reliable in this instance.",,,
vinnie pasquantino,Hits+Runs+RBIs,1.5,Thu 7:40 PM,1,0.7,hitter,Over,True,Low,"Player has a poor recent form against RHP (.226 AVG), and the opposing pitcher has a high K% (29.4%) and low BB% (11.0%). Additionally, the game is played at Kauffman Stadium with a neutral-ish hitter's environment.",,,
kyle isbel,Hitter Strikeouts,0.5,Thu 7:40 PM,1,0.64,hitter,Over,True,Medium,"Player has a K% of 15.2% vs RHP (above league average), and the opponent's pitcher has a K% of 29.4%. Additionally, the player's recent form against RHP shows a higher K% compared to his season averages. The game conditions do not seem to favor a reduction in strikeouts.",,,
salvador perez,Hits+Runs+RBIs,1.5,Thu 7:40 PM,1,0.68,hitter,Over,True,Low,"Perez has a higher wOBA against RHP (0.284) compared to the league baseline (0.314), but his recent form against RHP is slightly lower than the season average. The opposing pitcher has a high K% (29.4%) and HR/9 (0.94). Despite Perez's solid hard-hit metrics, the game conditions are only neutral for hitters at best, which may limit his production.",,,
maikel garcia,Hits+Runs+RBIs,1.5,Thu 7:40 PM,0,0.48,hitter,Over,False,Medium,"Despite the model's prediction, Maikel Garcia has a solid wOBA (0.343) vs LHP and a recent form (AVG 0.214, OBP 0.290 in last 15 games), with decent plate discipline against left-handed pitchers (BB% 7.7%, K% 25.0%). Additionally, the opposing pitcher has an elevated BB/9 (4.4) and HR/9 (0.94), which could lead to more opportunities for Garcia to reach base or drive in runs. However, confidence is medium due to the sparse training data of the RF model.",,,
anthony volpe,Hits+Runs+RBIs,1.5,Thu 7:40 PM,1,0.62,hitter,Over,True,Low,"Volpe has a higher average wOBA (0.376) vs LHP compared to his season averages against RHP (0.319), and his recent form is also better against lefties in the last 15 games (0.276 AVG). However, the model's prediction might be off due to limited training data. The matchup with a left-handed pitcher, park factors, and wind conditions may boost Volpe's chances of reaching base via hits, runs, or RBIs.",,,
austin wells,Hits+Runs+RBIs,1.5,Thu 7:40 PM,1,0.58,hitter,Over,True,Low,"Despite the model's prediction, Austin Wells has a higher wOBA (0.376 vs LHP) compared to his average against RHP (0.303), suggesting he might generate more offense versus lefties. Additionally, the pitcher in this matchup has a K/9 of 6.92 and BB/9 of 2.63, which may lead to less contact for Wells. The low confidence level indicates that these factors could still result in an under performance for our specified prop bet (Hits+Runs+RBIs).",,,
ben rice,Total Bases,1.5,Thu 7:40 PM,0,0.3812521176651778,hitter,Over,False,Low,"Player's wOBA (0.37) vs RHP is higher than the league average (0.314), and he has a high barrel% (16.2%) against 4-seam fastballs. However, the model's confidence level is low due to sparse training data and the underperforming recent form of the player.",,,
jonathan india,Hits+Runs+RBIs,1.5,Thu 7:40 PM,1,0.69,hitter,Over,True,Low,"Player has a lower season average (0.236 vs 0.318) against right-handed pitchers, and recent form is only slightly better (0.288 vs 0.387) versus RHP in last 15 games compared to LHP. Opponent's ERA is high, but the pitcher doesn't have a significant platoon split, and the game is played at a hitter-friendly park (Kauffman Stadium). The model's low confidence level highlights potential issues in its prediction.",,,
cody bellinger,Total Bases,1.5,Thu 7:40 PM,1,0.5212521176651779,hitter,Over,True,Medium,"Despite a lower overall wOBA vs RHP, Bellinger's excellent recent form (0.333 AVG vs LHP in last 15 games) and strong splits against lefties (0.402 wOBA) suggest an above-average performance. However, the model's prediction is based on limited data and should be treated with caution.",,,
cody bellinger,Hitter Strikeouts,0.5,Thu 7:40 PM,1,0.6150442066077245,hitter,Under,False,Low,"Cody Bellinger has a K% of 18.5 vs RHP compared to the league average of 22.0. His recent form vs RHP also shows improved performance (0.25 AVG, 0.348 OBP). The pitcher's K-BB% is above average at 11.9%, suggesting fewer strikeouts for Bellinger. However, the model's confidence level is low and disagreement with the RF model indicates caution should be exercised.",,,
john rave,Total Bases,0.5,Thu 7:40 PM,0,0.21,hitter,Over,False,Medium,"John Rave has a superior batting average vs LHP (0.5) compared to RHP (0.2), and the opposing pitcher has higher walk rate (BB/9: 4.4) and lower strikeout rate (K%: 29.4%) against left-handed batters, making him susceptible to base hits. Additionally, the game is being played at Kauffman Stadium with a park factor favoring hitters for home runs.",,,
john rave,Hits,0.5,Thu 7:40 PM,0,0.2,hitter,Over,False,Low,"Despite the low confidence level (20%) from the model, John Rave's career-long .500 batting average vs lefties suggests a higher likelihood of getting at least one hit. The opposing pitcher has an above-average BB/9 rate (5.2), which increases the chances of reaching base even if he doesn't get a clean hit. However, consider the model's prediction with caution due to its low confidence and limited training data.",,,
nolan arenado,Hitter Strikeouts,0.5,Thu 7:40 PM,1,0.58,hitter,Under,False,Medium,"Player has a K% of 12.0% vs RHP and no data on the pitcher's matchup. The player's career K% is above the league average (22.0%) but below their personal RHP K%. However, the confidence level is relatively low, so some caution should be taken when making predictions based solely on this information.",,,
nolan gorman,Total Bases,0.5,Thu 7:40 PM,0,0.4850442066077245,hitter,Under,True,Medium,"Despite a good OBP and SLG against RHP, Gorman's Total Bases numbers are low (0.424 SLG), and he faces a right-handed pitcher in a neutral-ish park with a decent K% and BB%. Additionally, his recent form is strong, but his career stats against this type of pitcher provide mixed results.",,,
nolan gorman,Hits,0.5,Thu 7:40 PM,0,0.5,hitter,Under,True,Low,"Despite the player's strong recent form vs RHP (.355 AVG), they have a significantly lower career average against right-handed pitchers (0.239). In addition, they have only 106 PA vs RHP this season, which may not be sufficient for a representative sample size.",,,
ivan herrera,Hits+Runs+RBIs,1.5,Thu 7:40 PM,1,0.74,hitter,Over,True,Low,"Despite a high wOBA vs LHP (0.47) and a recent form that shows increased OBP (0.421 in last 15 games vs LHP), the player's overall low rate of hits, runs, and RBIs against lefties limits his chances of exceeding 1.5 props. Additionally, park factors at Busch Stadium do not favor home runs, and the opposing pitcher's stats are unavailable to analyze.",,,
alec burleson,Hitter Strikeouts,0.5,Thu 7:40 PM,1,0.51,hitter,Under,False,Low,"Burleson has a significantly higher K% vs LHP (16.7%) compared to the league average (22.0%), and he faces a lefty pitcher with no specific data available but typically strikes out fewer than the league average. The game conditions are neutral, providing little advantage for strikeouts.",,,
sal frelick,Hitter Strikeouts,0.5,Thu 7:40 PM,0,0.2906433280290975,hitter,Under,True,Low,"Player's K% vs RHP (12.2%) is higher than league average (22.0%), and they are facing a pitcher with a high K-BB% (21.9%). Additionally, the player has lower OBP, SLG, wOBA, xwOBA against RHP compared to their overall season averages, indicating a possible struggle against right-handed pitching.",,,
masyn winn,Hits+Runs+RBIs,1.5,Thu 7:40 PM,1,0.5813769751693002,hitter,Over,True,Low,"Despite the player's solid season averages vs RHP, their recent form suggests a dip in performance. Additionally, the model's prediction has low confidence and limited information about the opposing pitcher is available.",,,
joey ortiz,Total Bases,0.5,Thu 7:40 PM,1,0.89,hitter,Under,False,Low,"Despite a .285 xwOBA and 32.9% hard hit percentage, Joey Ortiz struggles against right-handed pitchers with a wOBA of only 0.241 in 139 ABs this season. In addition, the opposing pitcher has a K/BB% of 21.9%, which might limit opportunities for Ortiz to reach base and accumulate total bases. The headwind also hinders hitters at American Family Field.",,,
joey ortiz,Hits,0.5,Thu 7:40 PM,1,0.86,hitter,Under,False,Low,"Player has a low .187 AVG vs RHP with only 26 hits in 139 at-bats, a subpar wOBA of 0.241, and minimal hard-hit metrics. Facing a pitcher with K% of 26.5% slightly increases the chances of getting struck out. The headwind hinders balls in the air, making it difficult for hitters like Joey Ortiz to reach base.",,,
joey ortiz,Hitter Strikeouts,0.5,Thu 7:40 PM,1,0.87,hitter,Under,False,Low,"Joey Ortiz has a high K% (14.7%) vs RHP and the pitcher he is facing has a K-BB% of 21.9%. Despite good recent form, Joey's history against RHP suggests he may struggle in this matchup. Wind conditions also hinder hitters with low flyball rates like Ortiz.",,,
rhys hoskins,Total Bases,0.5,Thu 7:40 PM,0,0.32,hitter,Over,False,Low,"Despite a low confidence level, the player's strong .832 OPS against left-handed pitchers (OPS vs LHP: 0.832) along with his high barrel% (11.9%) and hard hit % (45.0%) could potentially lead to more than one total base in this game. However, the pitcher's strong 9.68 K/9 and the headwind at American Family Field may limit Rhys Hoskins' chances for extra-base hits.",,,
rhys hoskins,Hits,0.5,Thu 7:40 PM,0,0.3,hitter,Over,False,Low,"Player has a strong .356 wOBA vs LHP and is facing a pitcher with a high 1.67 BB/9 rate. His recent form against LHP is also impressive (.834 OPS in the last 15 games). However, the model's confidence level is low due to the sparse training data and the opposing pitcher's strong stats (ERA 3.35, K/9 9.68).",,,
jake bauers,Total Bases,0.5,Thu 7:40 PM,0,0.41,hitter,Under,True,High,"Despite the favorable park factor for home runs, Bauer's limited plate appearances against lefties (10) and low wOBA vs LHP (0.34) indicate a lower chance of getting multiple bases in this matchup. Furthermore, the opposing pitcher has a strong K% and the wind condition is not conducive for balls in the air.",,,
jake bauers,Hits,0.5,Thu 7:40 PM,0,0.45,hitter,Over,False,Medium,"Jake Bauers has a higher AVG vs LHP (0.3) compared to RHP (0.221), and he's facing a left-handed pitcher in this game. Moreover, his recent form against LHP (0.222 AVG in the last 15 games) is better than against RHP (0.147).",,,
jackson chourio,Hits+Runs+RBIs,1.5,Thu 7:40 PM,0,0.41,hitter,Over,False,Low,"Jackson Chourio has a significantly higher wOBA (0.435) and xwOBA (0.301) against left-handed pitchers compared to his overall average, and the opposing pitcher has a high BB/9 rate (5.2), which could lead to more opportunities for Chourio to reach base. Despite the model's prediction, Chourio's recent form vs LHP (0.412 AVG in last 15 games) is promising, and the hitter-friendly American Family Field with a park factor of 105.0 for home runs could potentially boost his production. However, given the model's low confidence and the early development stage, exercise caution when making predictions based on this analysis.",,,
isaac collins,Total Bases,0.5,Thu 7:40 PM,1,0.61,hitter,Over,True,Medium,"Despite the pitcher's strong numbers, Isaac Collins has a higher SLG (0.269) vs RHP and a 4-seam FB wOBA of 0.297, showing he can generate more total bases against this type of pitch. However, the model's prediction should be treated skeptically given its sparse training data and only moderate confidence level (61.0%).",,,
isaac collins,Hits,0.5,Thu 7:40 PM,1,0.57,hitter,Over,True,Low,"Despite the player's solid .319 wOBA against LHP and recent strong form (0.292 AVG in the last 15 games), the low batting average of 0.217 versus LHP along with a pitcher who has a strong K/9 rate (9.68) suggests difficulty reaching base, making the model's Over prediction questionable in this matchup.",,,
caleb durbin,Total Bases,0.5,Thu 7:40 PM,1,0.6,hitter,Under,False,Low,"Player has a low SLG and wOBA against RHP (0.289, 0.269), while the opposing pitcher has a good K-rate (26.5%) and groundball rate (0.457%). Moreover, headwind reduces the carry in the air, hindering hitters.",,,
caleb durbin,Hits,0.5,Thu 7:40 PM,1,0.62,hitter,Over,True,Low,"Despite the player's high wOBA (0.305) and xwOBA (0.277) vs LHP, their recent form is subpar with a .222 AVG over the last 15 games against lefties. Additionally, the opposing pitcher has a strong K/9 rate (9.68), increasing the chances of striking out rather than getting hits.",,,
bobby witt,Hitter Fantasy Score,7.5,Thu 7:40 PM,1,0.503316388967335,hitter,Over,True,Low,"Despite a favorable recent form (0.281 AVG vs LHP in last 15 games), Bobby Witt's overall season stats show lower performance against lefties, with a wOBA of 0.351 and only 5 hits in 50 at-bats. Additionally, the opposing pitcher has a reasonable K/BB ratio (2.68) which may limit walks and prevent base runners for Witt to score on.",,,
aaron judge,Hitter Fantasy Score,9.5,Thu 7:40 PM,1,0.77,hitter,Over,True,Low,"Judge has a significantly higher wOBA (0.578) against left-handed pitchers compared to the league average (0.314), and his recent form vs LHP remains strong with an OPS of 1.163 in the last 15 games. However, given the model's low confidence level and the sparse training data, proceed with caution.",,,
vinnie pasquantino,Hitter Fantasy Score,5.0,Thu 7:40 PM,1,0.703316388967335,hitter,Over,True,Low,"Despite a 70.3% confidence, Pasquantino's wOBA vs RHP (0.363) is significantly higher than the league average (0.314), and his recent form vs RHP (0.465 AVG in last 15 games) is also impressive. However, he faces a starter with a K/BB ratio of 2.68, which might limit his opportunities for on-base production. Additionally, the park factor (HR: 95.0) does not favor home runs for hitters.",,,
kyle isbel,Hitter Fantasy Score,2.5,Thu 7:40 PM,1,0.53,hitter,Over,True,Low,"Kyle Isbel's .317 wOBA against RHP is higher than league average, and he has a high 32.1% hard-hit rate versus the pitcher's dominant 4-seam fastball. However, the model's low confidence (53%) suggests potential overconfidence or insufficient training data. The player's overall low production against lefties makes it less reliable to use his performance vs RHP here.",,,
salvador perez,Hitter Fantasy Score,5.0,Thu 7:40 PM,1,0.71,hitter,Over,True,Low,"Perez's season wOBA vs RHP (0.284) is higher than the league average (0.314), and his recent form against RHP (.729 OPS) supports this trend. However, the model's low confidence level indicates that the prediction may not be reliable, considering the sparse training data and the opposing pitcher's strong K/BB ratio (2.68).",,,
drew waters,Hitter Fantasy Score,3.0,Thu 7:40 PM,1,0.6312521176651779,hitter,Under,False,Low,"Despite a solid season average against right-handed pitchers (wOBA 0.318), Drew Waters' recent form versus RHP is poor (AVG 0.306, OBP 0.324). Moreover, facing a right-handed pitcher with an ERA of 5.34 and K/BB ratio of 2.68, he may struggle to rack up fantasy points. Additionally, the park factor for home runs at Kauffman Stadium is only 95.0, which could limit Waters' opportunities for scoring in this category.",,,
maikel garcia,Hitter Fantasy Score,5.0,Thu 7:40 PM,0,0.433316388967335,hitter,Under,True,Medium,"Despite a decent batting average and slugging percentage vs RHP, Maikel Garcia's wOBA and xwOBA against right-handed pitchers are lower than league averages. The opposing pitcher has a higher K/BB ratio which could lead to more strikeouts for Garcia. Additionally, the park factor for home runs at Kauffman Stadium is 95, indicating neutral conditions for home runs. However, the model's prediction might not be accurate due to its early development stage and sparse training data.",,,
jonathan india,Hitter Fantasy Score,5.0,Thu 7:40 PM,1,0.7,hitter,Over,True,Low,"Player has a strong wOBA vs LHP (0.378) compared to the league average (0.326). However, the model's confidence is low due to sparse training data and an over-reliance on recent form, which might not be representative of the player's overall performance against lefties. The matchup with a mediocre LHP also contributes to the prediction.",,,
paul goldschmidt,Hitter Fantasy Score,6.5,Thu 7:40 PM,0,0.48,hitter,Over,False,Low,"Despite the low confidence level (48.0%), Goldschmidt has a significantly better OPS against lefties (1.286) compared to righties (0.658). In addition, his wOBA is more than double against lefties (0.538) compared to righties (0.291), and he has been performing exceptionally well against lefties in the recent 15 games (OPS of 0.905). Although the pitcher has decent stats, Goldschmidt's track record vs LHP should provide him with an opportunity to exceed the prop line for Hitter Fantasy Score at 6.5.",,,
cody bellinger,Hitter Fantasy Score,6.5,Thu 7:40 PM,1,0.55,hitter,Over,True,Low,"Bellinger has a significantly higher wOBA (0.402 vs LHP) and xwOBA (0.341) than his season average, facing a left-handed pitcher with a 7.3% BB%. Additionally, he has excelled recently against lefties (0.333 AVG, 0.606 SLG in the last 15 games). However, the model's prediction is not reliable given its low confidence level and the early development stage of the RF model.",,,
jac caglianone,Hitter Fantasy Score,4.5,Thu 7:40 PM,1,0.52,hitter,Over,True,Low,"The player's wOBA vs LHP (0.217) is below the league average (0.314), and he faces a lefty starter with a K/BB ratio of 18.4%. Additionally, his recent form against LHP has been unfavorable. However, due to the model's low confidence level, this prediction should be treated skeptically.",,,
nolan arenado,Hitter Fantasy Score,4.5,Thu 7:40 PM,1,0.63,hitter,Over,True,Low,"Despite a strong wOBA/xwOBA against lefties (0.339/0.342), Nolan Arenado's recent form versus LHP is not consistent with his season average (0.278 vs 0.303). Additionally, the lack of data on the opposing pitcher makes it difficult to accurately assess the matchup.",,,
ivan herrera,Hitter Fantasy Score,5.0,Thu 7:40 PM,1,0.79,hitter,Over,True,Low,"Player has a higher wOBA (0.47) vs LHP compared to the league average (0.314), but the model's confidence is low due to sparse training data and missing opponent information. The park factor for home runs at Busch Stadium is 95.0, slightly below average, but favorable conditions with a crosswind may compensate. However, recent form is only slightly above the league average OPS (.869 vs .711), suggesting some regression to the mean might be expected.",,,
lars nootbaar,Hitter Fantasy Score,6.5,Thu 7:40 PM,1,0.553316388967335,hitter,Over,True,Low,"Despite a low confidence level, Nootbaar's wOBA (0.324 vs RHP) and xwOBA (0.333) are above the league average, and his 4-seam FB HardHit% is high at 53.5%. However, the model's prediction may be overestimated due to sparse training data and a lack of detailed opponent information.",,,
brendan donovan,Hitter Fantasy Score,5.0,Thu 7:40 PM,0,0.243316388967335,hitter,Over,False,Medium,"Despite the low confidence level (24.3%), Donovan's strong wOBA vs RHP (0.387) and recent form vs RHP (0.278 avg in last 15 games) suggest potential for a higher-than-projected fantasy score, despite facing an unknown right-handed pitcher at Busch Stadium, which has a park factor of 98.0 for HRs.",,,
alec burleson,Hitter Fantasy Score,4.5,Thu 7:40 PM,1,0.6712521176651779,hitter,Over,True,Low,"Burleson has a higher wOBA (0.344 vs 0.243) and xwOBA (0.325 vs 0.286) against right-handed pitchers, yet the model predicts over for a player fantasy score. However, the confidence level is low due to limited data on the opposing pitcher and uncertainties in game conditions.",,,
brice turang,Hitter Fantasy Score,5.5,Thu 7:40 PM,1,0.52,hitter,Over,True,Low,"Despite a low confidence level, Turang's xwOBA of 0.348 and recent form versus RHP (0.182 AVG, 0.302 OBP) suggest an Over pick, but the pitcher's strong K/BB ratio and wind conditions may limit hits and runs.",,,
william contreras,Hitter Fantasy Score,5.0,Thu 7:40 PM,1,0.8,hitter,Over,True,Low,"Although Contreras has a higher wOBA vs RHP (0.335) compared to the league baseline, his recent form against RHP is poor with an AVG of 0.167 in the last 15 games. However, he faces a right-handed pitcher with a high K/BB ratio (21.9%), which may limit opportunities for on-base events. Additionally, the headwind could hinder Contreras' power, and the park factor at American Family Field is slightly above average for home runs (HR: 105.0).",,,
willson contreras,Hitter Fantasy Score,5.0,Thu 7:40 PM,1,0.633316388967335,hitter,Over,True,Low,"Although Contreras has a higher wOBA vs RHP (0.328) than the league average (0.314), his recent form versus RHP is only slightly above the league average OPS (0.877 vs 0.816). Additionally, with limited data on the opposing pitcher and no specific pitch-type breakdown provided, it's challenging to assess matchup strength. The crosswind might help Contreras increase his line drive percentage, but the low confidence in the model's prediction suggests potential for error.",,,
sal frelick,Hitter Fantasy Score,4.5,Thu 7:40 PM,0,0.3406433280290975,hitter,Under,True,Medium,"Frelick has a .273 AVG vs RHP and is facing a starter with 9.68 K/9, which could limit his opportunities to score fantasy points. Additionally, his recent form against RHP is just .366 in the last 15 games, below his season average.",,,
masyn winn,Hitter Fantasy Score,5.0,Thu 7:40 PM,1,0.5361781475677742,hitter,Over,True,Low,"Player's wOBA (0.359) against RHP is higher than league average (0.314), and recent form (last 15 games) vs RHP shows a better AVG (0.238) compared to the season average (0.294). However, the model's confidence level is low (53.6%) due to sparse training data and the lack of pitcher/opponent info.",,,
joey ortiz,Hitter Fantasy Score,3.0,Thu 7:40 PM,1,0.65,hitter,Under,False,Low,"Despite a solid wOBA (0.241 vs RHP), Joey Ortiz's low raw counts against right-handed pitchers (AB=139, H=26) suggest limited production. The opposing pitcher has a low BB/9 (1.67) and a K% of 26.5%, making it challenging for Ortiz to get on base through walks or strikeout avoidance. Furthermore, the game conditions with a headwind may impact fly balls and reduce their carry.",,,
rhys hoskins,Hitter Fantasy Score,4.5,Thu 7:40 PM,0,0.4412521176651778,hitter,Over,False,Low,"Despite a relatively low 44.1% confidence from the model, Rhys Hoskins' strong recent form (0.286 OBP vs LHP in last 15 games) and excellent career stats versus lefties (0.353 OBP and 0.356 wOBA), along with a favorable park factor for HRs at American Family Field, indicate potential for an above-average fantasy score against this southpaw starter.",,,
victor scott,Hitter Fantasy Score,3.0,Thu 7:40 PM,1,0.61,hitter,Over,True,Low,"Player's wOBA vs RHP (0.321) is higher than the league average (0.314), and he'll be facing a right-handed pitcher with no data provided. However, his recent form against RHP is poor (0.097 AVG in last 15 games). The confidence level of the model is only 61%, indicating a weak prediction.",,,
jackson chourio,Hitter Fantasy Score,5.5,Thu 7:40 PM,0,0.36,hitter,Over,False,Medium,"Jackson Chourio has a significantly better average wOBA (0.435) and xwOBA (0.301) against lefties than righties, which bodes well for this matchup. Additionally, his recent form vs LHP (0.412 AVG, 0.444 OBP, 0.647 SLG over the last 15 games) is strong compared to his performance against RHP in that span (0.191 AVG, 0.224 OBP, 0.404 SLG). The opposing pitcher's K/BB ratio of 5.79 suggests a potential for walks, which could increase Chourio's on-base opportunities. However, the model's confidence level is relatively low (36%), so this pick should be approached with caution due to the sparse training data available in the model.",,,
pedro pages,Hitter Fantasy Score,3.0,Thu 7:40 PM,0,0.44,hitter,Over,False,Medium,"Pages has a higher wOBA (0.312) vs LHP compared to the league average (0.314), and he's facing a left-handed pitcher with a high BB/9 (5.2). Despite his low confidence, the model's prediction might still be too conservative considering his solid recent form against LHP (0.772 OPS in last 15 games) and favorable park conditions for hitters at Busch Stadium.",,,
caleb durbin,Hitter Fantasy Score,3.0,Thu 7:40 PM,1,0.53,hitter,Over,True,Low,"The model's low confidence is justified as the player has a favorable .305 wOBA vs LHP, but the opposition pitcher has a low BB/9 (1.67) and K/9 (9.68). Furthermore, recent form vs LHP (.222 AVG, .3 OBP) does not support an Over prediction. The headwind also hinders hitters at American Family Field.",,,
ke'bryan hayes,Hitter Strikeouts,0.5,Thu 8:05 PM,1,0.82,hitter,Under,False,Low,"Player has a high K% (20.0%) vs RHP and faces a pitcher with a 19.3% K%. Additionally, the player's career wOBA against RHP is lower than league average (0.285).",,,
ian happ,Hits+Runs+RBIs,1.5,Thu 8:05 PM,1,0.61,hitter,Over,True,Low,"Despite a solid wOBA vs LHP (0.348), Happ has only 2 hits in his last 15 games against lefties. Opponent's pitching profile shows a K/9 rate of 6.47, which may affect Happ's ability to reach base for runs or RBIs.",,,
seiya suzuki,Hits+Runs+RBIs,1.5,Thu 8:05 PM,0,0.46,hitter,Over,False,Low,"Despite a low confidence level, Suzuki's wOBA (0.469 vs LHP) and recent form against lefties (OPS of 1.017 in the last 15 games) outweigh his overall stats (H+R+RBI at 1.5 UNDER prediction). However, facing a pitcher with below-average K/BB% may limit his opportunities.",,,
nico hoerner,Hits+Runs+RBIs,1.5,Thu 8:05 PM,1,0.52,hitter,Over,True,Low,"The player has a higher wOBA (0.376) vs LHP compared to RHP (0.289), but the model's prediction is based on overall season averages, disregarding recent form and opponent-specific data. Moreover, the pitcher has a high K/BB% (9.4%) that could lead to fewer walks for Hoerner, reducing his potential RBI opportunities.",,,
henry davis,Hits,0.5,Thu 8:05 PM,0,0.36,hitter,Under,True,Low,"Despite the high BA vs LHP in recent form (0.282), player's season average against lefties is lower (0.16). Additionally, the opposing pitcher has a good K/BB ratio and strong groundball tendencies, which could limit base-reaching opportunities for Davis.",,,
henry davis,Total Bases,0.5,Thu 8:05 PM,0,0.38,hitter,Under,True,Medium,"Despite his recent form against RHP (0.282 AVG in last 15 games), Davis's season-long wOBA vs RHP (0.282) is below the league average (0.314). Additionally, he has a lower SLG vs RHP (0.344) compared to the league average (0.395). The opposing pitcher's 1.65 BB/9 and tailwind conditions slightly favor hitters, but Davis's K% vs RHP (18.6%) is higher than the league average (22.0%), which increases his chances of striking out instead of recording a base.",,,
kyle tucker,Hits+Runs+RBIs,1.5,Thu 8:05 PM,0,0.38,hitter,Over,False,Low,"Despite a low batting average against lefties (0.296), Kyle Tucker's wOBA, xwOBA, and barrel% show impressive contact quality (wOBA 0.407, xwOBA 0.405, Barrel% 12.7%). However, the model's prediction is based on a low confidence level (38%) and should be treated skeptically, especially considering Tucker's recent form vs LHP (AVG: 0.321, OPS: 0.889 in last 15 games) and the pitcher's below-average control (BB/9: 2.99).",,,
kyle tucker,Hitter Strikeouts,0.5,Thu 8:05 PM,0,0.32,hitter,Over,False,Low,"Kyle Tucker's K% vs RHP is 13.9%, which is higher than the league average (22.0%). His recent form vs RHP also shows a .233 AVG in the last 15 games. Despite his solid stats against LHP, he is facing a right-handed pitcher today. The low confidence level is due to the model's early development and limited training data.",,,
adam frazier,Total Bases,0.5,Thu 8:05 PM,0,0.4,hitter,Under,True,Low,"Despite the player's recent form against RHP (.354 AVG), his career stats show poor performance with a 0.105 AVG and 0.194 wOBA vs LHP, which is the opposing pitcher's type in this game. Additionally, the opponent's strong K% and BB/9 indicate a pitcher who limits baserunners.",,,
carson kelly,Hits+Runs+RBIs,1.5,Thu 8:05 PM,0,0.4479306608884074,hitter,Over,False,Low,"Player's wOBA against RHP (0.41) is significantly higher than his recent form vs RHP (0.188), suggesting a positive regression to the mean. Additionally, he has a 10.4% barrel% and a 43.5% hard-hit rate with 4-seam fastballs, which aligns well with the pitcher's predominant pitch type (45.3% usage). However, the model's low confidence level indicates that these factors may not be enough to guarantee an Over prediction.",,,
ke'bryan hayes,Hitter Fantasy Score,3.5,Thu 8:05 PM,1,0.69,hitter,Under,False,Low,"K. Hayes has a low 0.425 OPS against LHP this season and faces a starter with a strong 14.6% K-BB%. Additionally, his recent form versus LHP is slightly above average (0.243 AVG), which may not be enough to meet the Over line of 3.5. However, the model's confidence is low due to its early development stage and sparse training data.",,,
bryan reynolds,Hitter Fantasy Score,5.0,Thu 8:05 PM,1,0.68,hitter,Over,True,Low,"Despite the model's prediction, Bryan Reynolds' excellent wOBA (0.345 vs LHP) and recent form (0.4 average in last 15 games against LHP) significantly boost his chances of scoring points in this matchup against a lefty starter. However, given the sparse training data for the model, this prediction should be taken with caution.",,,
oneil cruz,Hitter Fantasy Score,8.0,Thu 8:05 PM,1,0.91,hitter,Over,True,Low,"Despite the player's solid season averages vs RHP (0.937 OPS), their recent form against right-handed pitchers has been underperforming (0.25 AVG). Additionally, the opposing pitcher has a low K/BB ratio and faces a favorable ballpark for hitters in PNC Park. These factors suggest that the player might struggle to accumulate enough fantasy points to meet the Over line of 8.0.",,,
ian happ,Hitter Fantasy Score,6.5,Thu 8:05 PM,1,0.61,hitter,Over,True,Low,"Despite a solid season average vs RHP (wOBA 0.323), Happ's recent form against right-handed pitchers is poor (AVG: 0.282, OBP: 0.364). Additionally, the opposing pitcher has an impressive K/9 (6.47) and HR/9 (1.12) that could limit Happ's opportunities to accumulate points.",,,
seiya suzuki,Hitter Fantasy Score,5.5,Thu 8:05 PM,1,0.52,hitter,Over,True,Low,"Although Suzuki has strong stats against lefties (0.323 AVG vs LHP, 0.469 wOBA), the model's confidence is low (52.0%). Additionally, the opposing pitcher has a favorable K/BB ratio (2.17) that could limit Suzuki's opportunities. The matchup and park factor do slightly favor hitters, but it's not enough to strongly support the model's prediction.",,,
nico hoerner,Hitter Fantasy Score,4.5,Thu 8:05 PM,1,0.58,hitter,Over,True,Low,"Player's wOBA vs LHP (0.376) and strong recent form against lefties (AVG: 0.333, OPS: 0.802) suggest potential for a high fantasy score, but the model's low confidence indicates it may be overestimating given the opposing pitcher's solid K/BB ratio (K/9: 6.47, BB/9: 2.99).",,,
dansby swanson,Hitter Fantasy Score,5.0,Thu 8:05 PM,1,0.6238977635782748,hitter,Under,False,Low,"Dansby Swanson's recent form against RHP (0.214 AVG) and LHP (0.133 AVG), combined with the pitcher's strong performance (ERA 3.24, K/BB 2.17) suggests a low likelihood of a high fantasy score.",,,
andrew mccutchen,Hitter Fantasy Score,4.5,Thu 8:05 PM,0,0.33,hitter,Over,False,Low,"Despite the model's low confidence level, McCutchen has a strong wOBA of 0.338 vs RHP and a high barrel% of 10.6%. The opponent pitcher has a high K/BB ratio (4.14), which may lead to more walks for McCutchen. Additionally, the game is being played at PNC Park with favorable conditions for hitters.",,,
henry davis,Hitter Fantasy Score,3.5,Thu 8:05 PM,0,0.28,hitter,Over,False,Low,"Player has a high wOBA against RHP (0.282) and an OPS of 0.836 in recent form vs RHP, which may outweigh the pitcher's decent K/BB ratio and park factor.",,,
pete crow-armstrong,Hitter Fantasy Score,6.5,Thu 8:05 PM,0,0.5,hitter,Under,True,Medium,"Player has a low .341 OBP and .243 wOBA against RHP, and faces a pitcher with good K/BB ratio (9.4%). Furthermore, recent form vs RHP is below average. Despite the tailwind helping hitters, the player's raw splits show minimal production versus RHP.",,,
isiah kiner-falefa,Hitter Fantasy Score,3.0,Thu 8:05 PM,0,0.2213769751693002,hitter,Under,True,High,"Player has a lower wOBA (0.257) vs LHP compared to league average (0.314), and the opposing pitcher's 4.83 FIP suggests he may struggle against left-handed batters, reducing Isiah Kiner-Falefa's chances of accumulating a high fantasy score.",,,
kyle tucker,Hitter Fantasy Score,7.0,Thu 8:05 PM,1,0.55,hitter,Over,True,Low,"Despite Kyle Tucker's favorable stats vs LHP (wOBA 0.407, xwOBA 0.405, and HardHit% 49.3), the pitcher he is facing has a strong K/BB ratio (2.17) and low BABIP (0.219). Additionally, Tucker's recent form versus lefties has been below his season average (0.321 AVG vs 0.296 season average), suggesting some potential regression to the mean. The game conditions are neutral with a tailwind that may slightly aid fly balls but won't have a major impact.",,,
matt shaw,Hitter Fantasy Score,3.0,Thu 8:05 PM,0,0.46,hitter,Under,True,Medium,"Player's .326 wOBA vs LHP falls below the league average (.326), and the opposing pitcher has a K/BB ratio of 9.4%. Additionally, the player's recent form vs LHP is subpar compared to his season averages, which might indicate regression towards the mean.",,,
justin turner,Hitter Fantasy Score,3.0,Thu 8:05 PM,0,0.49,hitter,Over,False,Low,"Turner's recent form against left-handed pitchers (0.294 AVG, 0.706 OPS in last 15 games) is promising, and the tailwind at PNC Park may aid his fly balls. However, given the low confidence level of the model, this prediction should be treated skeptically due to the sparse training data.",,,
carson kelly,Hitter Fantasy Score,4.5,Thu 8:05 PM,0,0.4781722488038277,hitter,Over,False,Medium,"Despite a lower wOBA vs LHP (0.308), Carson Kelly's recent form vs LHP (OPS of 0.468 in the last 15 games) is promising, and he faces a lefty starter with a relatively high BB/9 rate (2.99). Additionally, the 7.45 mph tailwind at PNC Park could aid fly balls, boosting hitter-friendly conditions for Kelly.",,,
spencer horwitz,Hitter Fantasy Score,5.0,Thu 8:05 PM,1,0.53,hitter,Under,False,Low,"Despite a good wOBA vs RHP (0.278), the player's overall stats against right-handed pitchers are limited, and his recent form is poor, with only a 0.205 AVG in the last 15 games. Additionally, the opposing pitcher has decent strikeout and groundball rates that could limit the player's opportunities to get on base or score runs.",,,
jeremy pena,Runs,0.5,Thu 8:10 PM,0,0.48,hitter,Under,True,Medium,"Despite the strong performance against lefties in recent form, Jeremy Pena's overall stats vs LHP (0.364 AVG, 0.545 SLG) are lower compared to his performance against RHP. The opposing pitcher has a K/9 rate of 5.79 and low BB/9 rate of 2.05, which could result in fewer base runners for Pena to capitalize on. Additionally, the headwind at Minute Maid Park may affect fly balls.",,,
jake meyers,Hitter Strikeouts,0.5,Thu 8:10 PM,0,0.38,hitter,Over,False,Low,"Player's K% vs RHP (18.4%) is above the league average (22.0%) and he has a higher K% in recent form against RHP (24%). Additionally, his hard-hit metrics are solid (49.0% 4-seam FB HardHit%), which may lead to more strikeouts.",,,
jake meyers,Hits+Runs+RBIs,1.5,Thu 8:10 PM,0,0.41,hitter,Over,False,Low,"Although Jake Meyers has a good season average against RHP (0.293), his recent form and performance vs LHP is stronger (0.35 AVG, 0.8 OPS in last 15 games). Despite the pitcher's solid ERA, he has a relatively high BB/9 rate that may benefit Meyers, who also possesses a good BB% against RHP (9.7%). However, the model's low confidence is justified due to its early development and sparse training data.",,,
yainer diaz,Hitter Strikeouts,0.5,Thu 8:10 PM,0,0.44,hitter,Under,True,Low,"Diaz has a higher K% (18.8%) vs RHP than the league average (22.0%), while the opponent pitcher has a good K% (15.6%) and K-BB% (10.1%) against right-handed batters. Additionally, the park factor for strikeouts at Minute Maid Park is slightly above average (1.07).",,,
victor caratini,Hitter Strikeouts,0.5,Thu 8:10 PM,0,0.5,hitter,Over,False,Medium,"Despite a low strikeout rate against RHP (15.6%), Victor Caratini's recent form suggests a slight uptick in strikeouts vs RHP compared to the league average (22.0%). Additionally, the opposing pitcher has a 15.6% K%, which may lead to more swing-and-miss opportunities for Caratini.",,,
victor caratini,Hits+Runs+RBIs,1.5,Thu 8:10 PM,1,0.52,hitter,Over,True,Low,"The model's prediction is not supported by Caratini's strong performance against LHP, specifically a .437 wOBA and 1.021 OPS. However, the low confidence level suggests caution when interpreting the model's prediction.",,,
christian walker,Hits+Runs+RBIs,1.5,Thu 8:10 PM,0,0.41,hitter,Over,False,Low,"Walker's wOBA vs RHP (0.307) is higher than the league average (0.314), and he has a strong recent form against RHP (0.306 AVG in last 15 games). However, the model's confidence level is low (41%), suggesting that it may not be accurate in this case.",,,
michael a taylor,Total Bases,0.5,Thu 8:10 PM,1,0.54,hitter,Under,False,Low,"Player has poor career performance against RHP with a .250 AVG, and the opposing pitcher has strong strikeout potential (25.1% K%). Additionally, the park factor for Minute Maid Park is slightly favorable to hitters. However, the model's confidence level is low, so this prediction should be treated with caution.",,,
michael a taylor,Hits,0.5,Thu 8:10 PM,1,0.55,hitter,Under,False,Low,"Player's overall stats vs LHP (AVG: 0.164) are significantly lower than his season average, and his recent form against lefties (AVG: 0.192 in last 15 games) is also not promising. The opposing pitcher has a solid control with a low BB/9 rate of 2.86, which could limit the player's opportunities to reach base. Additionally, the headwind hindering balls in the air further weakens his chances for hits.",,,
isaac paredes,Hitter Strikeouts,0.5,Thu 8:10 PM,0,0.3,hitter,Under,True,Low,"Despite the low confidence level, Paredes has a high K% (17.8%) against RHP, and the pitcher in question has a K-BB% of 10.1%, making it likely for Paredes to strikeout at least once. Additionally, he's struggled recently against RHP with a .196 AVG over his last 15 games.",,,
tim elko,Hits,0.5,Thu 8:10 PM,0,0.26,hitter,Under,True,Medium,"Despite a decent average against left-handers (0.25), Tim Elko's overall low batting average (0.149) and the opposing pitcher's strong performance metrics suggest difficulty hitting consistently. The small sample size of 8 at-bats against this specific pitcher also impacts the prediction.",,,
tim elko,Total Bases,0.5,Thu 8:10 PM,0,0.25,hitter,Under,True,Low,"Despite Elko's impressive numbers against LHP (0.958 OPS), his limited plate appearances and the model's low confidence level warrant skepticism. The opposing pitcher has a decent K/9 rate, which could limit Elko's opportunities for hits. Additionally, Minute Maid Park's headwind hinders balls in the air, potentially reducing Elko's power production.",,,
vinny capra,Hits,0.5,Thu 8:10 PM,0,0.38,hitter,Under,True,Medium,"Despite Capra's recent form against LHP (0.069 AVG in last 15 games), his career average of 0.103 against lefties is stronger, and the opposing pitcher has a low BB/9 rate (2.86) that could limit base-on-ball opportunities. Additionally, the headwind at Minute Maid Park may negatively affect Capra's chances of getting hits on fly balls.",,,
vinny capra,Total Bases,0.5,Thu 8:10 PM,0,0.32,hitter,Under,True,Medium,"Despite the player's strong career performance vs LHP (.304 OPS), their current season wOBA is below average at .137, and recent form against LHP is poor (.169 OPS in last 15 games). The opposing pitcher has a decent K/BB ratio that may limit the player's opportunities to reach base via walks. Additionally, the game conditions are not favorable, with a headwind hindering balls in the air.",,,
jose altuve,Hitter Fantasy Score,6.5,Thu 8:10 PM,1,0.58,hitter,Over,True,Low,"Despite Jose Altuve's solid stats against lefties (.386 wOBA), the pitcher he is facing has a low K/BB ratio, limiting potential strikeouts, and his recent form isn't extraordinary. Additionally, the game conditions might be slightly unfavorable with a headwind that hinders balls in the air.",,,
jeremy pena,Hitter Fantasy Score,7.5,Thu 8:10 PM,1,0.55,hitter,Over,True,Low,"The player has a higher wOBA and xwOBA against left-handed pitchers (0.412 vs 0.372), showing a stronger offensive performance. However, the model's low confidence level signals caution due to its early development stage with limited training data.",,,
jake meyers,Hitter Fantasy Score,4.5,Thu 8:10 PM,0,0.3912521176651778,hitter,Under,True,Low,"Despite a solid OPS of 0.763 against right-handed pitchers (RHP) and a wOBA of 0.339, Jake Meyers has only played 174 ABs vs RHP in the season, making it difficult to rely solely on these stats for a prediction. Furthermore, his recent form against RHP shows a decline in performance compared to LHP (AVG: 0.24 vs 0.35). The opposing pitcher has an ERA of 3.62, a K/9 rate of 5.79, and a strong K% of 15.6%, which may contribute to Meyers' struggles against RHP. Additionally, the game conditions with a headwind might affect batted balls in the air, potentially hindering hitters like Meyers.",,,
yainer diaz,Hitter Fantasy Score,5.0,Thu 8:10 PM,0,0.35,hitter,Under,True,Medium,"Player has a solid .323 AVG and 0.957 OPS vs LHP, but faces a pitcher with a low K/BB ratio (10.1%) which could limit strikeouts. Low confidence due to limited data on the player against this specific pitcher.",,,
andrew benintendi,Hitter Fantasy Score,4.5,Thu 8:10 PM,1,0.57,hitter,Over,True,Low,"Despite a 57% confidence level, the model underestimates Benintendi's performance against right-handed pitchers (0.33 wOBA vs RHP) and his recent form (0.302 AVG in last 15 games). Additionally, the opposing pitcher has a higher K% than average, which may lead to more strikeouts for Benintendi but also increases the chance of walks, boosting fantasy score. The park factor at Minute Maid Park is 106 for home runs, favoring hitters.",,,
victor caratini,Hitter Fantasy Score,5.0,Thu 8:10 PM,1,0.52,hitter,Over,True,Low,"Despite his strong wOBA/xwOBA against lefties (0.437/.365), Caratini's recent form against LHP is limited to 11 plate appearances, which might not be representative of his true ability. Additionally, the pitcher he's facing has a K% of 15.6%, suggesting that strikeouts could limit Caratini's potential for runs and RBIs. The low confidence level stems from the model being in early development with sparse training data and the use of limited recent form to predict this prop bet.",,,
christian walker,Hitter Fantasy Score,5.0,Thu 8:10 PM,1,0.59,hitter,Over,True,Medium,"Walker has shown strong performance against right-handed pitchers (0.307 wOBA, 47.1% hard hit %) and is facing a right-handed pitcher in a hitter-friendly park (Minute Maid Park). However, the model's confidence level is only medium, indicating a need for caution due to the limited training data for the RF model.",,,
austin slater,Hitter Fantasy Score,3.5,Thu 8:10 PM,1,0.5812521176651778,hitter,Over,True,Low,"Despite a low confidence level, Slater's impressive wOBA against lefties (0.373), recent form versus LHP (0.235 avg in the last 15 games), and a hitter-friendly park (HR Park Factor: 106.0) suggest potential for a high fantasy score. However, the opposing pitcher's solid K/9 (8.89), K/BB ratio (17.0%), and recent form (low hard-hit rate in the last 15 days) may limit Slater's production.",,,
isaac paredes,Hitter Fantasy Score,6.0,Thu 8:10 PM,0,0.283316388967335,hitter,Under,True,High,"Paredes' recent form vs RHP (0.196 AVG, 0.259 OBP) is significantly worse than his season averages (0.266 AVG, 0.360 OBP), and he faces a pitcher with a K/BB ratio of 2.82 and low HR/9 rate (1.33). Additionally, the headwind at Minute Maid Park may hinder his batted balls in the air.",,,
cam smith,Hitter Fantasy Score,3.0,Thu 8:10 PM,1,0.51,hitter,Over,True,Low,"Despite a low confidence level, Smith has shown improved performance in recent games (vs LHP), with an OPS of 1.076 over the last 15 contests, which is higher than his season average. However, the pitcher he's facing today has a strong K/BB ratio and the game conditions are not favorable for home runs, making this a closer call than the model's prediction suggests.",,,
chase meidroth,Hitter Fantasy Score,5.0,Thu 8:10 PM,0,0.5,hitter,Over,False,Medium,"Player has a higher OPS against LHP (0.812) than the league average (0.711), and faces a lefty starter with below-average K/9 (8.89). Additionally, favorable game conditions include a hitter-friendly park (HR factor: 106.0) and a warm temperature (70.3°F). However, the model's confidence is only medium due to the limited training data in the RF model's development stage.",,,
mike tauchman,Hitter Fantasy Score,5.0,Thu 8:10 PM,0,0.47,hitter,Over,False,Low,"Despite a 47.0% confidence level, Tauchman's .448 wOBA against lefties and .316 AVG in the last 15 games versus LHP present promising hitting stats, offset by the opposing pitcher's strong K/BB ratio (17.0%) which may limit his opportunities at the plate. However, Minute Maid Park has a HR park factor of 106.0, which could potentially boost Tauchman's power in this matchup. The model's prediction should be treated cautiously due to its low confidence level and the need for more comprehensive data and refinement.",,,
jacob melton,Hitter Fantasy Score,3.5,Thu 8:10 PM,1,0.83,hitter,Under,False,Low,"Despite the player's decent performance against right-handed pitchers (0.519 OPS), his wOBA and xwOBA are significantly lower. Moreover, he has zero hits against lefties this season, which suggests a poor matchup against the lefty starter in today's game. The low confidence is due to the sparse training data for the RF model.",,,
kyle teel,Hitter Fantasy Score,3.5,Thu 8:10 PM,1,0.67,hitter,Under,False,Low,"Despite a recent hot streak against right-handed pitchers (RHP), Kyle Teel's career stats show limited production vs RHP (.3 AVG, .533 OBP) and no data for wOBA or xwOBA, which are strong indicators of fantasy score. The opposing pitcher has a K/BB ratio of 3.11, limiting opportunities for walks and on-base production. Furthermore, the game conditions at Minute Maid Park (HR park factor 106.0) may inflate home run totals, but the low HR/9 rate (0.64) of the pitcher suggests that Teel might not be able to capitalize on this advantage. The low confidence level is due to the sparse training data available for the RF model.",,,
antonio senzatela,Pitcher Strikeouts,3.0,Thu 3:10 PM,0,0.5157579658475314,pitcher,Over,False,Low,"Despite the model's prediction, Senzatela's 20.4% K% against RHP is below league average (22.0%), suggesting a low likelihood of generating strikeouts in this matchup. Additionally, opponent data is missing, which makes it difficult to evaluate the potential impact on Senzatela's performance.",,,
antonio senzatela,Pitcher Strikeouts,3.0,Thu 3:10 PM,0,0.5157579658475314,pitcher,Under,True,Low,"Despite a 3.0 Strikeout average being below the league baseline of 22.0%, Senzatela's 16.2% K% vs RHP is lower than the league average, and he faces an opponent with no strikeout data provided. The game conditions at Citi Field do not significantly favor pitchers or hitters.",,,
hayden birdsong,Pitcher Strikeouts,5.5,Thu 3:10 PM,0,0.5124452705626908,pitcher,Under,True,Low,"Birdsong has a K% of 26.5% vs RHP and the opposing pitcher's stats are missing, making it difficult to determine his effectiveness against RHP. Additionally, the park factor for strikeouts is neutral at Citi Field, which may lead to a lower number of strikeouts than in some other ballparks.",,,
hayden birdsong,Pitcher Strikeouts,5.5,Thu 3:10 PM,0,0.5124452705626908,pitcher,Under,True,Low,"Birdsong has a K% of 25.8% vs RHP this season, significantly lower than the league average (22.0%). The opposing pitcher's K% is also relatively low at 23%. Additionally, there are no specific matchup data or game conditions provided that could influence strikeout totals for Birdsong.",,,
tarik skubal,Pitches Thrown,94.5,Thu 6:35 PM,1,0.3800517725181251,pitcher,Over,True,Low,"Despite a lack of data on the player's pitching statistics and opponent performance, we can observe that Tarik Skubal's average pitch velocity is typically around 95 mph. Given the model's low confidence level, it's reasonable to assume some deviation from the predicted Over/Under line. However, without further context, it's difficult to make a definitive call on this specific prop bet.",,,
tarik skubal,Pitches Thrown,94.5,Thu 6:35 PM,1,0.3800517725181251,pitcher,Over,True,Medium,"Despite a low confidence level (38%), Skubal's season average pitch velocity of 95.4 mph and the opponent's hard-hit rate against four-seam fastballs (55.9%) suggest that he may throw over the specified threshold. However, the limited data on the opposing pitcher makes it difficult to be certain.",,,
tarik skubal,Pitcher Fantasy Score,44.5,Thu 6:35 PM,1,0.3226210511635605,pitcher,Under,False,Low,"Despite having a decent OPS vs LHP (0.56), the player has minimal experience facing left-handed pitchers, with only 13 plate appearances this season. Also, Skubal's opponent in this game is yet to be defined, so we lack crucial information on the opposing pitcher's effectiveness against lefties. The low confidence level stems from these uncertainties and the early stage of development of our model.",,,
tarik skubal,Pitcher Fantasy Score,44.5,Thu 6:35 PM,1,0.3226210511635605,pitcher,Under,False,Low,"Pitcher Skubal has no relevant batting data provided against his opposing pitcher. Additionally, the model's prediction is based on limited information and shows only 32.3% confidence.",,,
tarik skubal,Pitcher Strikeouts,8.0,Thu 6:35 PM,1,0.4618167610403331,pitcher,Over,True,Low,"Although Tarik Skubal has a K% of 28.6 vs RHP (above the league average of 22.0), his opponent's stats are unavailable, making it challenging to assess. However, in Target Field, which leans slightly in favor of hitters, his 4-seam FB HardHit% and wOBA (0.39 & 0.356 respectively) against RHP suggest a potential increase in hits, limiting strikeout opportunities.",,,
tarik skubal,Pitcher Strikeouts,8.0,Thu 6:35 PM,1,0.4618167610403331,pitcher,Over,True,Low,"Skubal has a 24.1% K% vs RHP (league avg is 22.0%), the opposing pitcher has a 23.6% K%, and the park factor for strikeouts is neutral. However, with limited data available, we should approach this prediction skeptically.",,,
seth lugo,Pitcher Strikeouts,4.5,Thu 7:40 PM,1,0.3473978325531868,pitcher,Over,True,Low,"The player, Seth Lugo, is a pitcher and not a hitter. In this case, strikeouts refer to the number of strikeouts he will record as a pitcher, but there's no data available for his K% or other relevant stats that would help make an informed prediction about this particular prop bet. The model's prediction should be treated skeptically due to its low confidence level and the lack of supporting data.",,,
seth lugo,Pitcher Strikeouts,4.5,Thu 7:40 PM,1,0.3473978325531868,pitcher,Under,False,Low,"Despite Seth Lugo's impressive 24.1% K-rate vs RHP, his K rate drops significantly to 27.9% against LHP (player stats). The opponent in this game has not been provided; however, if we assume an average opponent with a K% around league average of 22%, the gap between them is too close for a confident prediction. Additionally, the stadium park factor for strikeouts is at 104.0 (HR), suggesting favorable conditions for hitters rather than pitchers, further reducing the likelihood of a high strikeout total for Lugo in this matchup.",,,
will warren,Pitcher Fantasy Score,24.5,Thu 7:40 PM,0,0.5169288342416428,pitcher,Under,True,Low,"No season averages, splits, rate & quality metrics, plate discipline stats available for the player. The model lacks sufficient data to make an informed prediction.",,,
will warren,Pitcher Fantasy Score,24.5,Thu 7:40 PM,0,0.5169288342416428,pitcher,Under,True,Low,"Player has a low average of 0.231 and low OPS of 0.629 against right-handed pitchers, which is lower than league averages. Additionally, the game conditions don't significantly favor hitters with a park factor of 100 for both total runs and home runs. The opponent's pitcher data is not available, making it difficult to assess the player's matchup.",,,
will warren,Pitcher Strikeouts,5.0,Thu 7:40 PM,1,0.3445595850572651,pitcher,Over,True,Low,"Player's K/9 (strikeouts per 9 innings) is 7.5 compared to the league average of 22.0, suggesting a higher strikeout potential. However, due to the model's low confidence and lack of specific matchup data against the opposing batter or type, this prediction should be viewed cautiously.",,,
will warren,Pitcher Strikeouts,5.0,Thu 7:40 PM,1,0.3445595850572651,pitcher,Under,False,Low,"Despite playing at Coors Field, the pitcher has poor K/9 (4.79) and K% (11.0%) compared to league averages. Additionally, the opposing batter's career K% vs LHP is 25.9%. However, the model's confidence level is only 34.5%, so this prediction should be treated with caution.",,,
will warren,Pitching Outs,15.5,Thu 7:40 PM,0,0.5022945487820012,pitcher,Under,True,Low,"Pitcher Will Warren's 13.0-1.0-10.0 record and 6.68 ERA indicate struggles, but his K/9 (4.79) and HR/9 (1.6) are not ideal for generating many outs. Additionally, the opponent has a .363 average against right-handed pitchers, which could result in more balls being put into play. The crosswind might help suppress some home runs but may also lead to more foul balls. However, given the early development stage of the model and sparse training data, this prediction should be viewed skeptically.",,,
will warren,Pitching Outs,15.5,Thu 7:40 PM,0,0.5022945487820012,pitcher,Under,True,Low,"The model's prediction is based on insufficient data; the pitcher lacks key stats such as ERA, K/9, and BABIP. Additionally, there are no significant splits provided for the player facing right-handed pitchers, which makes it difficult to make an informed prediction about their performance.",,,
sonny gray,Pitcher Fantasy Score,35.5,Thu 7:40 PM,0,0.548641678184758,pitcher,Under,True,Low,"Pitcher fantasy score depends on various factors like strikeouts, walks, earned runs, quality starts, etc. Given the limited data available, it is hard to make a strong prediction. Sonny Gray does not have any significant pitch-specific hard-hit metrics provided, and the opponent's pitcher stats are also missing. Furthermore, game conditions such as stadium, park factor, temperature, and wind are unknown. Assuming Gray has average performance in these areas, it is more likely that his fantasy score will be under 35.5.",,,
sonny gray,Pitcher Fantasy Score,35.5,Thu 7:40 PM,0,0.548641678184758,pitcher,Under,True,Medium,"Sonny Gray faces a strong opponent with a 9.57 K/9 and low walk rate, limiting baserunners. Additionally, Gray has solid strikeout numbers against both RHP (15.4% BB%) and LHP (no data), making it less likely for opposing batters to reach base. The park factor at Coors Field favors hitters but is partially offset by Gray's ability to limit hard-hit balls (0.36% HardHit% on recent form).",,,
sonny gray,Pitcher Strikeouts,6.0,Thu 7:40 PM,0,0.6115125693146193,pitcher,Under,True,Low,"Sonny Gray has a K% of 24.7% vs RHP, while the opposing pitcher has a K% of 25%. The park factor for strikeouts is 107, favoring hitters. However, the game is being played at Coors Field, which may inflate this statistic for both pitchers. Gray's K-BB% (15.4%) is below league average (22%), indicating he may struggle to generate strikeouts consistently.",,,
sonny gray,Pitcher Strikeouts,6.0,Thu 7:40 PM,0,0.6115125693146193,pitcher,Under,True,Low,"Player's strikeout rate against right-handed pitchers is not provided, making it difficult to evaluate this prop. However, the model prediction has a low confidence level (61.2%), so we should be skeptical of its pick.",,,
sonny gray,Pitches Thrown,90.5,Thu 7:40 PM,0,0.5708897645697174,pitcher,Over,False,Medium,"Despite the pitcher's 90.5 mph average velocity, Sonny Gray has a high groundball rate (48.3% for the last 15 games), which could lead to fewer strikeouts. On top of that, the game is being played at Coors Field, where fly balls tend to have a higher probability of turning into hits due to its spacious outfield.",,,
sonny gray,Pitches Thrown,90.5,Thu 7:40 PM,0,0.5708897645697174,pitcher,Under,True,Low,"Sonny Gray is a pitcher, so we're looking at pitches thrown by him. There's insufficient data on his average pitch velocity and the opponent's stats are also missing. Due to the model's low confidence and sparse training data, I wouldn't rely heavily on its prediction.",,,
sonny gray,Hits Allowed,4.5,Thu 7:40 PM,-999,0.2062682611435091,pitcher,Under,True,Low,"Gray is a pitcher and his Hits Allowed average is 4.5 which is higher than his season averages of 3.0 Hits Allowed per 9 innings (H/9) against both RHP and LHP. However, the model's prediction has low confidence due to its early development with sparse training data. Additionally, facing a subpar pitcher at Coors Field might potentially increase hits allowed, but the opponent's high ERA and relatively poor strikeout rate suggest that Gray could limit hard-hit balls, reducing his vulnerability.",,,
sonny gray,Hits Allowed,4.5,Thu 7:40 PM,-999,0.2062682611435091,pitcher,Under,True,Low,"Pitcher Sonny Gray allows an average of 6.9 Hits per 9 innings (as a batter, not as a pitcher) against RHP in his career. The opponent has a K% of 22%, which is slightly below the league average for right-handed pitchers. Additionally, there's no significant weather data provided to suggest an advantage for hitters.",,,
jameson taillon,Hits Allowed,4.5,Thu 8:05 PM,-999,0.1459659061507447,pitcher,Under,True,Low,"The pitcher (Taillon) has no data for hits allowed against RHP. Given the lack of available data, it's difficult to make a definitive prediction based on past performance. However, considering Taillon is a pitcher and hitters generally have fewer opportunities to get a hit compared to pitchers, the under seems plausible. The confidence level is low due to the model having minimal training data for this specific prop bet and player type.",,,
jameson taillon,Hits Allowed,4.5,Thu 8:05 PM,-999,0.1459659061507447,pitcher,Under,True,Low,"Although the pitcher Taillon has a higher ERA against right-handed batters (RHP), his opponents are only hitting .363, which could be inflated by playing at Coors Field. Additionally, the opposing pitcher has a K/9 of 4.79 and a K% of 11.0%, suggesting he can strike out hitters effectively.",,,
jameson taillon,Pitcher Fantasy Score,32.5,Thu 8:05 PM,0,0.5223892528150721,pitcher,Under,True,Low,"Player's fantasy score is determined by pitching performance, which includes strikeouts, earned runs, and quality starts. With incomplete data provided for Taillon and the opposing pitcher, a confident prediction cannot be made. However, the model's prediction leans towards Under, indicating a potential lower-than-average fantasy output, assuming comparable skill levels between the two pitchers based on available statistics.",,,
jameson taillon,Pitcher Fantasy Score,32.5,Thu 8:05 PM,0,0.5223892528150721,pitcher,Under,True,Low,"Despite the opposing pitcher's struggles, Jameson Taillon is facing a hitter-friendly environment in Coors Field. His season averages vs RHP (.574 OPS) do not indicate a strong offensive performance. The matchup opponent has a 1.062 OPS against right-handed batters this season. Low confidence due to the model's skepticism and sparse training data.",,,
jameson taillon,Pitches Thrown,88.5,Thu 8:05 PM,0,0.5476514577828234,pitcher,Under,True,Low,"Player's pitch repertoire data is missing, making it difficult to accurately predict pitch count. However, the model's prediction has low confidence, indicating that it may be an unreliable indicator in this case.",,,
jameson taillon,Pitches Thrown,88.5,Thu 8:05 PM,0,0.5476514577828234,pitcher,Under,True,Low,"The pitcher (Taillon) has a slightly above-average velocity of 94.7 mph, but his opponent's HardHit% is only 0.444%, which suggests minimal contact. Moreover, the opposing pitcher has struggled with control, indicated by a K/BB% of 1.57. Playing at Coors Field may potentially increase offensive opportunities, but Taillon's stats do not suggest an above-average performance in terms of pitches thrown.",,,
jameson taillon,Pitcher Strikeouts,5.0,Thu 8:05 PM,0,0.5987183470621895,pitcher,Under,True,Low,"Model prediction is likely false due to insufficient data. Taillon's K% vs RHP and specific matchup info are missing, which are crucial factors for Pitcher Strikeouts props. Assuming league average K%, Taillon would have a 6.9 K/9 rate (2025 YTD average), falling just short of the Over line. However, the model's confidence is low due to the lack of detailed matchup data.",,,
jameson taillon,Pitcher Strikeouts,5.0,Thu 8:05 PM,0,0.5987183470621895,pitcher,Under,True,Low,"Taillon's K/9 (9.57) is higher than the league average (22.0), but his opponent also has a higher K% (24.7%) compared to the league average (22.0). Additionally, playing in Coors Field tends to increase offense, which may lead to fewer strikeouts for Taillon due to the park's hitter-friendly environment.",,,
andrew heaney,Pitcher Fantasy Score,22.5,Thu 8:05 PM,0,0.6497208525823246,pitcher,Under,True,Low,"Despite having a 2.73 ERA on the season, Heaney's opponent has an impressive 8.6 BB% and 40.9 Hard-Hit%, indicating a tendency to allow hard-hit balls. With no detailed batting stats provided against Heaney, it is difficult to evaluate his matchup advantage. The lack of specific park factor information also hinders the analysis.",,,
andrew heaney,Pitcher Fantasy Score,22.5,Thu 8:05 PM,0,0.6497208525823246,pitcher,Under,True,Low,"Despite the low confidence of the model, Heaney's offensive numbers against LHP (0.143 AVG, 0.203 OBP) suggest limited production. The opposing pitcher, with an ERA of 6.68 and HR/9 of 1.6, could struggle as well. However, the game at Coors Field can boost offensive numbers, so there's a small chance this prop goes over, but it's not likely based on player and pitcher performance statistics.",,,
andrew heaney,Pitching Outs,16.5,Thu 8:05 PM,0,0.643456378256094,pitcher,Under,True,Low,"Despite Andew Heaney's K% against RHP being slightly above the league average (K%: 23.8%, league avg: 22.0%), his opponent has a higher K-BB% (17.4%) and lower HR/9 (0.5) compared to the league averages (K-BB%: 13.2%, HR/9: 1.1). This suggests that his strikeout potential might be overestimated, making it less likely for him to record a high number of outs.",,,
andrew heaney,Pitching Outs,16.5,Thu 8:05 PM,0,0.643456378256094,pitcher,Over,False,Medium,"Despite the pitcher's solid overall numbers, Andew Heaney has a strong .364 OBP vs LHP. Coors Field, with its favorable park factor for HR, may contribute to additional base runners reaching base.",,,
andrew heaney,Pitcher Strikeouts,4.0,Thu 8:05 PM,0,0.5231954556482835,pitcher,Under,True,Low,"The model's prediction is based on the pitcher's K% which is not provided. However, given that the player has no data for K% vs RHP or LHP, it's reasonable to assume an average K% for a starting pitcher (approximately 22%, according to league baselines). The opponent's K% is also unknown, and park factors don't provide useful information in this case. Without specific matchup data, the prediction cannot be considered reliable.",,,
andrew heaney,Pitcher Strikeouts,4.0,Thu 8:05 PM,0,0.5231954556482835,pitcher,Over,False,Low,"Despite Andew Heaney's solid K% versus right-handed batters (16.7%), facing an opponent with a 24.7% K% in his career weakens the prediction confidence. Additionally, pitching at Coors Field and an average exit velocity of 87 mph suggest lower strikeout potential.",,,
framber valdez,Pitcher Strikeouts,7.0,Thu 8:10 PM,1,0.3979961241741357,pitcher,Over,True,Low,"Valdez has a 33.0% K rate against right-handed batters, which is higher than the league average (22.0%) but still below the model's prediction confidence. The opponent pitcher also has a low 11.0% K rate and is facing a hitter-friendly stadium (Coors Field).",,,
framber valdez,Pitcher Strikeouts,7.0,Thu 8:10 PM,1,0.3979961241741357,pitcher,Over,True,Low,"Framber Valdez has a K% of 28.7% against right-handed batters, which is higher than the league average of 22%. The opponent has a K% of 19.4%, below the league average. In addition, Valdez's strikeout rate has been on an upward trend in his last 15 games (K/9: 9.7). However, the model's prediction is based on limited data and should be treated skeptically.",,,
framber valdez,Pitcher Fantasy Score,41.5,Thu 8:10 PM,1,0.3600034499739289,pitcher,Under,False,Medium,"Valdez's low .176 AVG and .222 OBP vs LHP, along with the opposing pitcher's 4.79 K/9 rate may limit his Pitcher Fantasy Score in this matchup. Additionally, Coors Field has a park factor of 91 for HR, which slightly favors hitters but not enough to significantly boost Valdez's score based on his modest offensive production against lefties.",,,
framber valdez,Pitcher Fantasy Score,41.5,Thu 8:10 PM,1,0.3600034499739289,pitcher,Under,False,Low,Lack of hitter stats against the opposing pitcher and limited data on park factors make it difficult to justify an Over prediction with confidence. The model's low confidence in this call underscores the importance of having a balanced set of factors when making Pitcher Fantasy Score predictions.,,,
framber valdez,Pitches Thrown,95.5,Thu 8:10 PM,1,0.3650483653618012,pitcher,Under,False,Low,"Pitcher Valdez throws at an average velocity of 94.7 mph which is below the Over/Under line of 95.5, and his opponent has a high HardHit% (0.429%) in the last 15 days. Additionally, pitching at Coors Field may lead to fewer strikeouts due to its friendly hitting environment.",,,
framber valdez,Pitches Thrown,95.5,Thu 8:10 PM,1,0.3650483653618012,pitcher,Under,False,Low,"Framber Valdez primarily pitches against RHP with a 4-seam FB HardHit% of No data%, pitching tonight against an opponent whose BABIP is also unavailable. Without key context, it's hard to make a strong prediction.",,,
davis martin,Earned Runs Allowed,2.5,Thu 8:10 PM,0,0.5318080074966681,pitcher,Under,True,Low,"Despite the strong park factor and opponent's high ERA, Martin has a 3.61 BB/9 rate which may lead to fewer earned runs allowed due to issuing walks. However, given the model's low confidence, this prediction should be viewed skeptically.",,,
davis martin,Earned Runs Allowed,2.5,Thu 8:10 PM,0,0.5318080074966681,pitcher,Under,True,Low,"Despite the model's prediction, Martin's career ERA against right-handed batters (ERA not provided) and his K% (not provided) suggest a potential for high earned runs allowed. Additionally, the opposing pitcher's data is not available to evaluate their performance against righties effectively.",,,
davis martin,Pitcher Fantasy Score,24.5,Thu 8:10 PM,0,0.7382966783283383,pitcher,Under,True,Low,"Player has a significantly lower OBP (0.286) and wOBA (no data) against left-handed pitchers compared to right-handed pitchers. Additionally, the opposing pitcher has a low BB/9 rate (3.61), which suggests a lower probability of walks for the player. The park factor at Coors Field favors hitters but the pitcher's quality statistics may offset this advantage.",,,
davis martin,Pitcher Fantasy Score,24.5,Thu 8:10 PM,0,0.7382966783283383,pitcher,Under,True,Low,"Lack of relevant data for player, opponent, and game context. The model's prediction may be incorrect due to incomplete information.",,,
davis martin,Pitcher Strikeouts,4.0,Thu 8:10 PM,0,0.6312916942258725,pitcher,Under,True,Low,"No relevant data provided on pitcher's strikeout numbers, opponent's K%, park factor, or specific matchup data. The model seems to be relying too heavily on league averages in this case.",,,
davis martin,Pitcher Strikeouts,4.0,Thu 8:10 PM,0,0.6312916942258725,pitcher,Under,True,Low,"Despite the pitcher having a high ERA and HR/9, their K% is low compared to league average (11.0% vs 22.0%). Davis Martin has also shown relatively low strikeout rates against both RHP (K%: 22.0%) and LHP (K%: 25.7%). Additionally, pitching at Coors Field could potentially inflate opponent's hitting stats.",,,
davis martin,Pitches Thrown,91.5,Thu 8:10 PM,0,0.7116035873827904,pitcher,Under,True,Low,"Player averages 90.4 mph exit velocity which is below the opposing pitcher's 4-seam FB average velocity of 95.88 mph, and has a low hard hit rate (0.36%) against similar velocities in his recent form. Additionally, Davis Martin struggles with strikeouts versus right-handed pitchers (28% K%) compared to the opposing pitcher's 24.7% K%. The game is being played at Coors Field where ballparks have a higher HR rate due to its high altitude, but this factor may be offset by Davis Martin's control issues (3.61 BB/9) in such conditions.",,,
davis martin,Pitches Thrown,91.5,Thu 8:10 PM,0,0.7116035873827904,pitcher,Under,True,Low,"No pitch velocity data is available for Martin. The model's prediction is based on sparse training data, making it unreliable.",,,
