Player,Position,Team,Prop Type,Prop Value,Opposing Team,Odds Category,Start Time,XBH,GIDP,SO,HBP,AB,R,CS,H,BB,3B,SF,HR,SB,SH,IBB,2B,PA,TB,RBI,CG,SV,SHO,GF,DEC,TBF,ER,GS,WP,IP,ERA,Pitches Thrown,Pitching Outs,Actual Stat,Hit
javier baez,IF,DET,Hitter Strikeouts,0.5,CIN,base,Sun 12:05 PM,0,0,0,0,3,0,0,0,1,0,0,0,0,0,0,0,4,0,0,,,,,,,,,,,,0,0,0.0,0
javier baez,IF,DET,Hits+Runs+RBIs,1.5,CIN,base,Sun 12:05 PM,0,0,0,0,3,0,0,0,1,0,0,0,0,0,0,0,4,0,0,,,,,,,,,,,,0,0,0.0,0
riley greene,OF,DET,Hits+Runs+RBIs,1.5,CIN,base,Sun 12:05 PM,0,0,1,0,3,1,0,0,1,0,0,0,0,0,0,0,4,0,0,,,,,,,,,,,,0,0,1.0,0
spencer torkelson,IF,DET,Runs,0.5,CIN,base,Sun 12:05 PM,0,0,0,1,2,1,0,1,2,0,0,0,0,0,1,0,5,1,0,,,,,,,,,,,,0,0,1.0,1
tj friedl,OF,CIN,Hits+Runs+RBIs,1.5,DET,base,Sun 12:05 PM,0,0,0,0,3,1,0,1,2,0,0,0,0,0,0,0,5,1,0,,,,,,,,,,,,0,0,2.0,1
zach mckinstry,IF,DET,Hitter Strikeouts,0.5,CIN,base,Sun 12:05 PM,0,0,2,0,5,1,0,1,0,0,0,0,1,0,0,0,5,1,0,,,,,,,,,,,,0,0,2.0,1
elly de la cruz,IF,CIN,Hits+Runs+RBIs,1.5,DET,base,Sun 12:05 PM,1,1,1,0,4,2,0,1,1,0,0,1,0,0,0,0,5,4,1,,,,,,,,,,,,0,0,4.0,1
christian encarnacion-strand,IF,CIN,Hits+Runs+RBIs,1.5,DET,base,Sun 12:05 PM,0,0,0,0,1,0,0,1,0,0,0,0,0,0,0,0,1,1,0,,,,,,,,,,,,0,0,1.0,0
wenceel perez,OF,DET,Hitter Strikeouts,0.5,CIN,base,Sun 12:05 PM,0,0,0,0,4,0,0,1,0,0,0,0,1,0,0,0,4,1,1,,,,,,,,,,,,0,0,0.0,0
wenceel perez,OF,DET,Hits+Runs+RBIs,1.5,CIN,base,Sun 12:05 PM,0,0,0,0,4,0,0,1,0,0,0,0,1,0,0,0,4,1,1,,,,,,,,,,,,0,0,2.0,1
gleyber torres,IF,DET,Walks,0.5,CIN,base,Sun 12:05 PM,0,0,0,0,3,0,0,0,0,0,0,0,0,0,0,0,3,0,0,,,,,,,,,,,,0,0,0.0,0
gleyber torres,IF,DET,Runs,0.5,CIN,base,Sun 12:05 PM,0,0,0,0,3,0,0,0,0,0,0,0,0,0,0,0,3,0,0,,,,,,,,,,,,0,0,0.0,0
jahmai jones,OF,DET,Runs,0.5,CIN,base,Sun 12:05 PM,0,0,0,0,1,0,0,0,0,0,0,0,0,0,0,0,1,0,0,,,,,,,,,,,,0,0,0.0,0
javier baez,IF,DET,Hitter Fantasy Score,3.5,CIN,base,Sun 12:05 PM,0,0,0,0,3,0,0,0,1,0,0,0,0,0,0,0,4,0,0,,,,,,,,,,,,0,0,2.0,0
riley greene,OF,DET,Hitter Fantasy Score,6.5,CIN,base,Sun 12:05 PM,0,0,1,0,3,1,0,0,1,0,0,0,0,0,0,0,4,0,0,,,,,,,,,,,,0,0,4.0,0
spencer torkelson,IF,DET,Hitter Fantasy Score,4.5,CIN,base,Sun 12:05 PM,0,0,0,1,2,1,0,1,2,0,0,0,0,0,1,0,5,1,0,,,,,,,,,,,,0,0,11.0,1
tj friedl,OF,CIN,Hitter Fantasy Score,5.5,DET,base,Sun 12:05 PM,0,0,0,0,3,1,0,1,2,0,0,0,0,0,0,0,5,1,0,,,,,,,,,,,,0,0,9.0,1
will benson,OF,CIN,Hitter Fantasy Score,4.5,DET,base,Sun 12:05 PM,0,0,0,0,4,0,0,0,1,0,0,0,0,0,0,0,5,0,0,,,,,,,,,,,,0,0,2.0,0
spencer steer,IF,CIN,Hitter Fantasy Score,4.5,DET,base,Sun 12:05 PM,1,0,1,0,4,1,0,1,0,0,0,1,0,0,0,0,4,4,1,,,,,,,,,,,,0,0,14.0,1
zach mckinstry,IF,DET,Hitter Fantasy Score,4.5,CIN,base,Sun 12:05 PM,0,0,2,0,5,1,0,1,0,0,0,0,1,0,0,0,5,1,0,,,,,,,,,,,,0,0,10.0,1
matt mclain,IF,CIN,Hitter Fantasy Score,3.5,DET,base,Sun 12:05 PM,1,0,1,0,4,1,0,1,0,0,0,1,0,0,0,0,4,4,3,,,,,,,,,,,,0,0,18.0,1
elly de la cruz,IF,CIN,Hitter Fantasy Score,7.5,DET,base,Sun 12:05 PM,1,1,1,0,4,2,0,1,1,0,0,1,0,0,0,0,5,4,1,,,,,,,,,,,,0,0,18.0,1
parker meadows,OF,DET,Hitter Fantasy Score,3.5,CIN,base,Sun 12:05 PM,0,0,1,0,4,0,0,0,0,0,0,0,0,0,0,0,4,0,0,,,,,,,,,,,,0,0,0.0,0
dillon dingler,C,DET,Hitter Fantasy Score,5.0,CIN,base,Sun 12:05 PM,0,0,1,0,4,0,0,0,0,0,0,0,0,0,0,0,4,0,0,,,,,,,,,,,,0,0,0.0,0
gleyber torres,IF,DET,Hitter Fantasy Score,6.5,CIN,base,Sun 12:05 PM,0,0,0,0,3,0,0,0,0,0,0,0,0,0,0,0,3,0,0,,,,,,,,,,,,0,0,0.0,0
bo bichette,IF,TOR,Hits+Runs+RBIs,1.5,PHI,base,Sun 1:35 PM,0,0,1,0,4,1,0,0,0,0,0,0,0,0,0,0,4,0,0,,,,,,,,,,,,0,0,1.0,0
kyle schwarber,DH,PHI,Hits+Runs+RBIs,1.5,TOR,base,Sun 1:35 PM,0,0,2,0,4,0,0,0,0,0,0,0,0,0,0,0,4,0,0,,,,,,,,,,,,0,0,0.0,0
kyle schwarber,DH,PHI,Runs,0.5,TOR,base,Sun 1:35 PM,0,0,2,0,4,0,0,0,0,0,0,0,0,0,0,0,4,0,0,,,,,,,,,,,,0,0,0.0,0
kyle schwarber,DH,PHI,Walks,0.5,TOR,base,Sun 1:35 PM,0,0,2,0,4,0,0,0,0,0,0,0,0,0,0,0,4,0,0,,,,,,,,,,,,0,0,0.0,0
nick castellanos,OF,PHI,Hits+Runs+RBIs,1.5,TOR,base,Sun 1:35 PM,0,0,1,0,3,1,0,0,1,0,0,0,0,0,0,0,4,0,0,,,,,,,,,,,,0,0,1.0,0
jt realmuto,C,PHI,Hits+Runs+RBIs,1.5,TOR,base,Sun 1:35 PM,0,0,1,1,3,0,0,0,0,0,0,0,0,0,0,0,4,0,0,,,,,,,,,,,,0,0,0.0,0
alejandro kirk,C,TOR,Hitter Strikeouts,0.5,PHI,base,Sun 1:35 PM,0,0,1,0,4,0,0,0,0,0,0,0,0,0,0,0,4,0,0,,,,,,,,,,,,0,0,1.0,1
bryson stott,IF,PHI,Hitter Strikeouts,0.5,TOR,base,Sun 1:35 PM,0,0,0,0,3,0,0,1,1,0,0,0,0,0,0,0,4,1,1,,,,,,,,,,,,0,0,0.0,0
trea turner,IF,PHI,Runs,0.5,TOR,base,Sun 1:35 PM,0,0,0,0,3,0,0,0,1,0,0,0,0,0,0,0,4,0,0,,,,,,,,,,,,0,0,0.0,0
alan roden,OF,TOR,Hits,0.5,PHI,base,Sun 1:35 PM,0,0,0,0,1,0,0,0,0,0,0,0,0,0,0,0,1,0,0,,,,,,,,,,,,0,0,0.0,0
alan roden,OF,TOR,Total Bases,0.5,PHI,base,Sun 1:35 PM,0,0,0,0,1,0,0,0,0,0,0,0,0,0,0,0,1,0,0,,,,,,,,,,,,0,0,0.0,0
jonatan clase,OF,TOR,Hits+Runs+RBIs,0.5,PHI,base,Sun 1:35 PM,0,0,0,0,3,0,0,0,0,0,0,0,0,0,0,0,3,0,0,,,,,,,,,,,,0,0,0.0,0
ronald acuna,OF,ATL,Hits+Runs+RBIs,2.5,COL,base,Sun 1:35 PM,1,0,0,0,3,3,0,2,1,0,0,1,0,0,0,0,4,5,2,,,,,,,,,,,,0,0,7.0,1
matt olson,IF,ATL,Runs,0.5,COL,base,Sun 1:35 PM,0,0,1,0,3,0,0,1,1,0,0,0,0,0,0,0,4,1,1,,,,,,,,,,,,0,0,0.0,0
marcell ozuna,DH,ATL,Runs,0.5,COL,base,Sun 1:35 PM,0,1,2,0,4,0,0,0,0,0,0,0,0,0,0,0,4,0,0,,,,,,,,,,,,0,0,0.0,0
michael harris,OF,ATL,Hits+Runs+RBIs,1.5,COL,base,Sun 1:35 PM,0,0,1,0,3,0,0,0,0,0,0,0,0,0,0,0,3,0,0,,,,,,,,,,,,0,0,0.0,0
michael harris,OF,ATL,Hitter Strikeouts,0.5,COL,base,Sun 1:35 PM,0,0,1,0,3,0,0,0,0,0,0,0,0,0,0,0,3,0,0,,,,,,,,,,,,0,0,1.0,1
sam hilliard,OF,COL,Hitter Strikeouts,1.5,ATL,base,Sun 1:35 PM,0,0,3,0,3,0,0,0,1,0,0,0,0,0,0,0,4,0,0,,,,,,,,,,,,0,0,3.0,1
sean murphy,C,ATL,Hits+Runs+RBIs,1.5,COL,base,Sun 1:35 PM,0,0,1,0,3,1,0,2,1,0,0,0,0,0,0,0,4,2,0,,,,,,,,,,,,0,0,3.0,1
eli white,OF,ATL,Hits+Runs+RBIs,1.5,COL,base,Sun 1:35 PM,0,0,0,0,1,1,0,1,0,0,0,0,0,0,0,0,1,1,0,,,,,,,,,,,,0,0,2.0,1
keston hiura,IF,COL,Total Bases,0.5,ATL,base,Sun 1:35 PM,0,0,1,2,2,1,0,1,0,0,0,0,0,0,0,0,4,1,0,,,,,,,,,,,,0,0,1.0,1
keston hiura,IF,COL,Hits+Runs+RBIs,0.5,ATL,base,Sun 1:35 PM,0,0,1,2,2,1,0,1,0,0,0,0,0,0,0,0,4,1,0,,,,,,,,,,,,0,0,2.0,1
ryan ritter,IF,COL,Hits,0.5,ATL,base,Sun 1:35 PM,0,0,3,0,3,0,0,0,0,0,0,0,0,0,0,0,3,0,0,,,,,,,,,,,,0,0,0.0,0
ryan ritter,IF,COL,Total Bases,0.5,ATL,base,Sun 1:35 PM,0,0,3,0,3,0,0,0,0,0,0,0,0,0,0,0,3,0,0,,,,,,,,,,,,0,0,0.0,0
rafael devers,IF,BOS,Hits+Runs+RBIs,1.5,NYY,base,Sun 1:35 PM,0,1,2,0,4,0,0,0,0,0,0,0,0,0,0,0,4,0,0,,,,,,,,,,,,0,0,0.0,0
aaron judge,OF,NYY,Total Bases,1.5,BOS,base,Sun 1:35 PM,0,0,3,0,4,0,0,0,0,0,0,0,0,0,0,0,4,0,0,,,,,,,,,,,,0,0,0.0,0
aaron judge,OF,NYY,Hits+Runs+RBIs,2.5,BOS,base,Sun 1:35 PM,0,0,3,0,4,0,0,0,0,0,0,0,0,0,0,0,4,0,0,,,,,,,,,,,,0,0,0.0,0
dj lemahieu,IF,NYY,Hits+Runs+RBIs,1.5,BOS,base,Sun 1:35 PM,0,0,1,0,3,0,0,0,0,0,0,0,0,0,0,0,3,0,0,,,,,,,,,,,,0,0,0.0,0
dj lemahieu,IF,NYY,Hitter Strikeouts,0.5,BOS,base,Sun 1:35 PM,0,0,1,0,3,0,0,0,0,0,0,0,0,0,0,0,3,0,0,,,,,,,,,,,,0,0,1.0,1
jarren duran,OF,BOS,Hits+Runs+RBIs,1.5,NYY,base,Sun 1:35 PM,0,0,1,0,3,0,0,0,1,0,0,0,0,0,0,0,4,0,0,,,,,,,,,,,,0,0,0.0,0
austin wells,C,NYY,Hits+Runs+RBIs,1.5,BOS,base,Sun 1:35 PM,0,0,0,0,4,0,0,1,0,0,0,0,0,0,0,0,4,1,1,,,,,,,,,,,,0,0,2.0,1
trent grisham,OF,NYY,Runs,0.5,BOS,base,Sun 1:35 PM,0,0,2,0,4,0,0,0,0,0,0,0,0,0,0,0,4,0,0,,,,,,,,,,,,0,0,0.0,0
trent grisham,OF,NYY,Hits+Runs+RBIs,1.5,BOS,base,Sun 1:35 PM,0,0,2,0,4,0,0,0,0,0,0,0,0,0,0,0,4,0,0,,,,,,,,,,,,0,0,0.0,0
ben rice,IF,NYY,Total Bases,1.5,BOS,base,Sun 1:35 PM,0,1,1,0,4,0,0,0,0,0,0,0,0,0,0,0,4,0,0,,,,,,,,,,,,0,0,0.0,0
romy gonzalez,IF,BOS,Hits+Runs+RBIs,1.5,NYY,base,Sun 1:35 PM,1,0,1,0,4,0,0,1,0,0,0,0,0,0,0,1,4,2,1,,,,,,,,,,,,0,0,2.0,1
cody bellinger,OF,NYY,Total Bases,1.5,BOS,base,Sun 1:35 PM,0,0,0,0,4,0,0,0,0,0,0,0,0,0,0,0,4,0,0,,,,,,,,,,,,0,0,0.0,0
cody bellinger,OF,NYY,Hitter Strikeouts,0.5,BOS,base,Sun 1:35 PM,0,0,0,0,4,0,0,0,0,0,0,0,0,0,0,0,4,0,0,,,,,,,,,,,,0,0,0.0,0
mike trout,OF,LAA,Walks,0.5,BAL,base,Sun 1:35 PM,1,0,1,0,3,1,0,1,2,0,0,1,0,0,0,0,5,4,2,,,,,,,,,,,,0,0,2.0,1
mike trout,OF,LAA,Hits+Runs+RBIs,1.5,BAL,base,Sun 1:35 PM,1,0,1,0,3,1,0,1,2,0,0,1,0,0,0,0,5,4,2,,,,,,,,,,,,0,0,4.0,1
taylor ward,OF,LAA,Hits+Runs+RBIs,1.5,BAL,base,Sun 1:35 PM,1,0,1,0,4,0,0,3,1,0,0,0,0,0,0,1,5,4,1,,,,,,,,,,,,0,0,4.0,1
adley rutschman,C,BAL,Hits+Runs+RBIs,1.5,LAA,base,Sun 1:35 PM,0,0,1,0,3,1,0,2,1,0,0,0,0,0,0,0,4,2,0,,,,,,,,,,,,0,0,3.0,1
luis rengifo,IF,LAA,Hitter Strikeouts,0.5,BAL,base,Sun 1:35 PM,2,0,0,0,4,2,0,2,0,0,0,2,0,0,0,0,4,8,2,,,,,,,,,,,,0,0,0.0,0
luis rengifo,IF,LAA,Hits+Runs+RBIs,1.5,BAL,base,Sun 1:35 PM,2,0,0,0,4,2,0,2,0,0,0,2,0,0,0,0,4,8,2,,,,,,,,,,,,0,0,6.0,1
gunnar henderson,IF,BAL,Hits+Runs+RBIs,1.5,LAA,base,Sun 1:35 PM,0,0,1,0,4,1,0,1,0,0,0,0,1,0,0,0,4,1,1,,,,,,,,,,,,0,0,3.0,1
ramon urias,IF,BAL,Hits+Runs+RBIs,1.5,LAA,base,Sun 1:35 PM,0,0,1,0,3,0,0,1,0,0,0,0,0,0,0,0,3,1,0,,,,,,,,,,,,0,0,1.0,0
zach neto,IF,LAA,Runs,0.5,BAL,base,Sun 1:35 PM,0,0,1,0,4,2,1,1,1,0,0,0,0,0,0,0,5,1,0,,,,,,,,,,,,0,0,2.0,1
jordan westburg,IF,BAL,Hits+Runs+RBIs,1.5,LAA,base,Sun 1:35 PM,0,0,0,0,4,0,0,1,0,0,0,0,0,0,0,0,4,1,2,,,,,,,,,,,,0,0,3.0,1
nolan schanuel,IF,LAA,Hits+Runs+RBIs,1.5,BAL,base,Sun 1:35 PM,0,0,1,1,4,0,0,0,0,0,0,0,0,0,0,0,5,0,0,,,,,,,,,,,,0,0,0.0,0
jackson holliday,IF,BAL,Hits+Runs+RBIs,1.5,LAA,base,Sun 1:35 PM,1,0,0,0,5,1,0,1,0,0,0,0,0,0,0,1,5,2,0,,,,,,,,,,,,0,0,2.0,1
ramon laureano,OF,BAL,Hits+Runs+RBIs,1.5,LAA,base,Sun 1:35 PM,0,0,1,0,3,1,0,0,1,0,0,0,0,0,0,0,4,0,0,,,,,,,,,,,,0,0,1.0,0
nick fortes,C,MIA,Hits,0.5,WSH,base,Sun 1:35 PM,0,0,0,0,3,0,0,1,1,0,1,0,0,0,0,0,5,1,2,,,,,,,,,,,,0,0,1.0,1
nick fortes,C,MIA,Hitter Strikeouts,0.5,WSH,base,Sun 1:35 PM,0,0,0,0,3,0,0,1,1,0,1,0,0,0,0,0,5,1,2,,,,,,,,,,,,0,0,0.0,0
nick fortes,C,MIA,Total Bases,0.5,WSH,base,Sun 1:35 PM,0,0,0,0,3,0,0,1,1,0,1,0,0,0,0,0,5,1,2,,,,,,,,,,,,0,0,1.0,1
cj abrams,IF,WSH,Runs,0.5,MIA,base,Sun 1:35 PM,0,0,1,0,4,0,0,2,1,0,0,0,0,0,1,0,5,2,0,,,,,,,,,,,,0,0,0.0,0
luis garcia,IF,WSH,Hits+Runs+RBIs,1.5,MIA,base,Sun 1:35 PM,1,0,0,0,4,0,0,1,0,0,0,0,0,0,0,1,4,2,0,,,,,,,,,,,,0,0,1.0,0
xavier edwards,IF,MIA,Hits+Runs+RBIs,1.5,WSH,base,Sun 1:35 PM,0,0,1,0,5,1,1,3,1,0,0,0,0,0,0,0,6,3,1,,,,,,,,,,,,0,0,5.0,1
otto lopez,IF,MIA,Hits+Runs+RBIs,1.5,WSH,base,Sun 1:35 PM,0,0,1,0,5,0,0,2,0,0,0,0,0,0,0,0,5,2,0,,,,,,,,,,,,0,0,2.0,1
james wood,OF,WSH,Hits+Runs+RBIs,1.5,MIA,base,Sun 1:35 PM,0,0,0,0,5,0,0,0,0,0,0,0,0,0,0,0,5,0,0,,,,,,,,,,,,0,0,0.0,0
james wood,OF,WSH,Runs,0.5,MIA,base,Sun 1:35 PM,0,0,0,0,5,0,0,0,0,0,0,0,0,0,0,0,5,0,0,,,,,,,,,,,,0,0,0.0,0
james wood,OF,WSH,Walks,0.5,MIA,base,Sun 1:35 PM,0,0,0,0,5,0,0,0,0,0,0,0,0,0,0,0,5,0,0,,,,,,,,,,,,0,0,0.0,0
nathaniel lowe,IF,WSH,Hits+Runs+RBIs,1.5,MIA,base,Sun 1:35 PM,0,0,2,0,3,1,0,1,1,0,0,0,0,0,0,0,4,1,0,,,,,,,,,,,,0,0,2.0,1
heriberto hernandez,OF,MIA,Hits,0.5,WSH,base,Sun 1:35 PM,0,0,1,0,3,1,0,1,1,0,0,0,0,0,0,0,4,1,0,,,,,,,,,,,,0,0,1.0,1
heriberto hernandez,OF,MIA,Total Bases,0.5,WSH,base,Sun 1:35 PM,0,0,1,0,3,1,0,1,1,0,0,0,0,0,0,0,4,1,0,,,,,,,,,,,,0,0,1.0,1
vladimir guerrero,IF,TOR,Hitter Fantasy Score,5.5,PHI,base,Sun 1:35 PM,1,0,0,0,4,0,0,2,0,0,0,0,0,0,0,1,4,3,1,,,,,,,,,,,,0,0,10.0,1
george springer,OF,TOR,Hitter Fantasy Score,4.5,PHI,base,Sun 1:35 PM,0,0,2,0,4,0,0,0,0,0,0,0,0,0,0,0,4,0,0,,,,,,,,,,,,0,0,0.0,0
bo bichette,IF,TOR,Hitter Fantasy Score,5.5,PHI,base,Sun 1:35 PM,0,0,1,0,4,1,0,0,0,0,0,0,0,0,0,0,4,0,0,,,,,,,,,,,,0,0,2.0,0
kyle schwarber,DH,PHI,Hitter Fantasy Score,6.0,TOR,base,Sun 1:35 PM,0,0,2,0,4,0,0,0,0,0,0,0,0,0,0,0,4,0,0,,,,,,,,,,,,0,0,0.0,0
nick castellanos,OF,PHI,Hitter Fantasy Score,5.0,TOR,base,Sun 1:35 PM,0,0,1,0,3,1,0,0,1,0,0,0,0,0,0,0,4,0,0,,,,,,,,,,,,0,0,4.0,0
jt realmuto,C,PHI,Hitter Fantasy Score,4.5,TOR,base,Sun 1:35 PM,0,0,1,1,3,0,0,0,0,0,0,0,0,0,0,0,4,0,0,,,,,,,,,,,,0,0,2.0,0
alejandro kirk,C,TOR,Hitter Fantasy Score,4.5,PHI,base,Sun 1:35 PM,0,0,1,0,4,0,0,0,0,0,0,0,0,0,0,0,4,0,0,,,,,,,,,,,,0,0,0.0,0
alec bohm,IF,PHI,Hitter Fantasy Score,5.0,TOR,base,Sun 1:35 PM,0,0,0,0,4,0,0,0,0,0,0,0,0,0,0,0,4,0,0,,,,,,,,,,,,0,0,0.0,0
trea turner,IF,PHI,Hitter Fantasy Score,7.0,TOR,base,Sun 1:35 PM,0,0,0,0,3,0,0,0,1,0,0,0,0,0,0,0,4,0,0,,,,,,,,,,,,0,0,2.0,0
ronald acuna,OF,ATL,Hitter Fantasy Score,9.5,COL,base,Sun 1:35 PM,1,0,0,0,3,3,0,2,1,0,0,1,0,0,0,0,4,5,2,,,,,,,,,,,,0,0,25.0,1
austin riley,IF,ATL,Hitter Fantasy Score,6.5,COL,base,Sun 1:35 PM,0,0,2,0,4,0,0,2,0,0,0,0,0,0,0,0,4,2,1,,,,,,,,,,,,0,0,8.0,1
matt olson,IF,ATL,Hitter Fantasy Score,6.5,COL,base,Sun 1:35 PM,0,0,1,0,3,0,0,1,1,0,0,0,0,0,0,0,4,1,1,,,,,,,,,,,,0,0,7.0,1
marcell ozuna,DH,ATL,Hitter Fantasy Score,6.5,COL,base,Sun 1:35 PM,0,1,2,0,4,0,0,0,0,0,0,0,0,0,0,0,4,0,0,,,,,,,,,,,,0,0,0.0,0
ozzie albies,IF,ATL,Hitter Fantasy Score,4.5,COL,base,Sun 1:35 PM,0,0,0,0,3,0,0,0,0,0,0,0,0,0,0,0,3,0,0,,,,,,,,,,,,0,0,0.0,0
eli white,OF,ATL,Hitter Fantasy Score,3.5,COL,base,Sun 1:35 PM,0,0,0,0,1,1,0,1,0,0,0,0,0,0,0,0,1,1,0,,,,,,,,,,,,0,0,5.0,1
brenton doyle,OF,COL,Hitter Fantasy Score,5.0,ATL,base,Sun 1:35 PM,0,0,2,0,4,0,0,1,0,0,0,0,0,0,0,0,4,1,1,,,,,,,,,,,,0,0,5.0,1
hunter goodman,C,COL,Hitter Fantasy Score,4.5,ATL,base,Sun 1:35 PM,0,0,1,0,4,1,0,1,0,0,0,0,0,0,0,0,4,1,0,,,,,,,,,,,,0,0,5.0,1
jordan beck,OF,COL,Hitter Fantasy Score,5.5,ATL,base,Sun 1:35 PM,0,0,1,0,1,0,0,0,0,0,0,0,0,0,0,0,1,0,0,,,,,,,,,,,,0,0,0.0,0
nick allen,IF,ATL,Hitter Fantasy Score,3.0,COL,base,Sun 1:35 PM,0,0,0,0,3,1,0,1,0,0,0,0,0,0,0,0,3,1,0,,,,,,,,,,,,0,0,5.0,1
thairo estrada,IF,COL,Hitter Fantasy Score,4.5,ATL,base,Sun 1:35 PM,0,0,0,0,4,0,0,0,0,0,0,0,0,0,0,0,4,0,0,,,,,,,,,,,,0,0,0.0,0
rafael devers,IF,BOS,Hitter Fantasy Score,5.5,NYY,base,Sun 1:35 PM,0,1,2,0,4,0,0,0,0,0,0,0,0,0,0,0,4,0,0,,,,,,,,,,,,0,0,0.0,0
aaron judge,OF,NYY,Hitter Fantasy Score,9.5,BOS,base,Sun 1:35 PM,0,0,3,0,4,0,0,0,0,0,0,0,0,0,0,0,4,0,0,,,,,,,,,,,,0,0,0.0,0
jarren duran,OF,BOS,Hitter Fantasy Score,6.5,NYY,base,Sun 1:35 PM,0,0,1,0,3,0,0,0,1,0,0,0,0,0,0,0,4,0,0,,,,,,,,,,,,0,0,2.0,0
anthony volpe,IF,NYY,Hitter Fantasy Score,5.0,BOS,base,Sun 1:35 PM,0,0,0,0,3,0,0,1,1,0,0,0,0,0,0,0,4,1,1,,,,,,,,,,,,0,0,7.0,1
ceddanne rafaela,IF,BOS,Hitter Fantasy Score,3.5,NYY,base,Sun 1:35 PM,0,0,0,0,2,0,0,0,0,0,0,0,0,1,0,0,3,0,0,,,,,,,,,,,,0,0,0.0,0
ben rice,IF,NYY,Hitter Fantasy Score,6.5,BOS,base,Sun 1:35 PM,0,1,1,0,4,0,0,0,0,0,0,0,0,0,0,0,4,0,0,,,,,,,,,,,,0,0,0.0,0
paul goldschmidt,IF,NYY,Hitter Fantasy Score,6.5,BOS,base,Sun 1:35 PM,1,0,1,0,3,2,0,1,1,0,0,0,0,0,0,1,4,2,0,,,,,,,,,,,,0,0,11.0,1
cody bellinger,OF,NYY,Hitter Fantasy Score,6.5,BOS,base,Sun 1:35 PM,0,0,0,0,4,0,0,0,0,0,0,0,0,0,0,0,4,0,0,,,,,,,,,,,,0,0,0.0,0
kristian campbell,IF,BOS,Hitter Fantasy Score,3.5,NYY,base,Sun 1:35 PM,0,0,0,1,1,1,0,0,1,0,0,0,0,0,0,0,3,0,0,,,,,,,,,,,,0,0,6.0,1
mike trout,OF,LAA,Hitter Fantasy Score,7.0,BAL,base,Sun 1:35 PM,1,0,1,0,3,1,0,1,2,0,0,1,0,0,0,0,5,4,2,,,,,,,,,,,,0,0,20.0,1
taylor ward,OF,LAA,Hitter Fantasy Score,5.5,BAL,base,Sun 1:35 PM,1,0,1,0,4,0,0,3,1,0,0,0,0,0,0,1,5,4,1,,,,,,,,,,,,0,0,15.0,1
jo adell,OF,LAA,Hitter Fantasy Score,4.5,BAL,base,Sun 1:35 PM,0,0,1,1,3,0,0,1,0,0,0,0,0,0,0,0,4,1,0,,,,,,,,,,,,0,0,5.0,1
adley rutschman,C,BAL,Hitter Fantasy Score,5.5,LAA,base,Sun 1:35 PM,0,0,1,0,3,1,0,2,1,0,0,0,0,0,0,0,4,2,0,,,,,,,,,,,,0,0,10.0,1
luis rengifo,IF,LAA,Hitter Fantasy Score,3.5,BAL,base,Sun 1:35 PM,2,0,0,0,4,2,0,2,0,0,0,2,0,0,0,0,4,8,2,,,,,,,,,,,,0,0,28.0,1
gunnar henderson,IF,BAL,Hitter Fantasy Score,7.0,LAA,base,Sun 1:35 PM,0,0,1,0,4,1,0,1,0,0,0,0,1,0,0,0,4,1,1,,,,,,,,,,,,0,0,12.0,1
ramon urias,IF,BAL,Hitter Fantasy Score,3.5,LAA,base,Sun 1:35 PM,0,0,1,0,3,0,0,1,0,0,0,0,0,0,0,0,3,1,0,,,,,,,,,,,,0,0,3.0,0
zach neto,IF,LAA,Hitter Fantasy Score,6.5,BAL,base,Sun 1:35 PM,0,0,1,0,4,2,1,1,1,0,0,0,0,0,0,0,5,1,0,,,,,,,,,,,,0,0,9.0,1
nolan schanuel,IF,LAA,Hitter Fantasy Score,5.5,BAL,base,Sun 1:35 PM,0,0,1,1,4,0,0,0,0,0,0,0,0,0,0,0,5,0,0,,,,,,,,,,,,0,0,2.0,0
jackson holliday,IF,BAL,Hitter Fantasy Score,6.5,LAA,base,Sun 1:35 PM,1,0,0,0,5,1,0,1,0,0,0,0,0,0,0,1,5,2,0,,,,,,,,,,,,0,0,7.0,1
jorge soler,OF,LAA,Hitter Fantasy Score,4.5,BAL,base,Sun 1:35 PM,0,0,1,0,1,0,0,0,0,0,0,0,0,0,0,0,1,0,0,,,,,,,,,,,,0,0,0.0,0
cj abrams,IF,WSH,Hitter Fantasy Score,7.5,MIA,base,Sun 1:35 PM,0,0,1,0,4,0,0,2,1,0,0,0,0,0,1,0,5,2,0,,,,,,,,,,,,0,0,8.0,1
xavier edwards,IF,MIA,Hitter Fantasy Score,6.5,WSH,base,Sun 1:35 PM,0,0,1,0,5,1,1,3,1,0,0,0,0,0,0,0,6,3,1,,,,,,,,,,,,0,0,15.0,1
otto lopez,IF,MIA,Hitter Fantasy Score,5.5,WSH,base,Sun 1:35 PM,0,0,1,0,5,0,0,2,0,0,0,0,0,0,0,0,5,2,0,,,,,,,,,,,,0,0,6.0,1
james wood,OF,WSH,Hitter Fantasy Score,7.5,MIA,base,Sun 1:35 PM,0,0,0,0,5,0,0,0,0,0,0,0,0,0,0,0,5,0,0,,,,,,,,,,,,0,0,0.0,0
agustin ramirez,C,MIA,Hitter Fantasy Score,5.0,WSH,base,Sun 1:35 PM,0,0,0,0,5,0,0,1,0,0,0,0,0,0,0,0,5,1,0,,,,,,,,,,,,0,0,3.0,0
yandy diaz,IF,TB,Hits+Runs+RBIs,1.5,NYM,base,Sun 1:40 PM,1,0,0,0,5,0,0,2,0,1,0,0,0,0,0,0,5,4,2,,,,,,,,,,,,0,0,4.0,1
pete alonso,IF,NYM,Hits+Runs+RBIs,1.5,TB,base,Sun 1:40 PM,0,0,0,0,4,0,0,1,0,0,0,0,0,0,0,0,4,1,0,,,,,,,,,,,,0,0,1.0,0
francisco lindor,IF,NYM,Hits+Runs+RBIs,1.5,TB,base,Sun 1:40 PM,1,0,1,0,4,2,0,2,1,0,0,0,0,0,0,1,5,3,0,,,,,,,,,,,,0,0,4.0,1
francisco lindor,IF,NYM,Runs,0.5,TB,base,Sun 1:40 PM,1,0,1,0,4,2,0,2,1,0,0,0,0,0,0,1,5,3,0,,,,,,,,,,,,0,0,2.0,1
josh lowe,OF,TB,Hits+Runs+RBIs,1.5,NYM,base,Sun 1:40 PM,0,0,2,1,4,0,1,2,0,0,0,0,0,0,0,0,5,2,1,,,,,,,,,,,,0,0,3.0,1
brandon nimmo,OF,NYM,Hits+Runs+RBIs,1.5,TB,base,Sun 1:40 PM,0,0,0,0,4,0,0,3,0,0,0,0,0,0,0,0,4,3,2,,,,,,,,,,,,0,0,5.0,1
jeff mcneil,IF,NYM,Hits+Runs+RBIs,1.5,TB,base,Sun 1:40 PM,0,0,1,0,4,0,0,1,0,0,0,0,0,0,0,0,4,1,0,,,,,,,,,,,,0,0,1.0,0
brett baty,IF,NYM,Total Bases,0.5,TB,base,Sun 1:40 PM,1,0,2,0,4,1,0,1,0,0,0,1,0,0,0,0,4,4,1,,,,,,,,,,,,0,0,4.0,1
brett baty,IF,NYM,Hits,0.5,TB,base,Sun 1:40 PM,1,0,2,0,4,1,0,1,0,0,0,1,0,0,0,0,4,4,1,,,,,,,,,,,,0,0,1.0,1
junior caminero,IF,TB,Hits+Runs+RBIs,1.5,NYM,base,Sun 1:40 PM,1,0,1,0,4,1,0,1,1,0,0,1,0,0,0,0,5,4,1,,,,,,,,,,,,0,0,3.0,1
juan soto,OF,NYM,Runs,0.5,TB,base,Sun 1:40 PM,0,1,0,0,4,0,0,0,0,0,0,0,0,0,0,0,4,0,0,,,,,,,,,,,,0,0,0.0,0
juan soto,OF,NYM,Hits+Runs+RBIs,1.5,TB,base,Sun 1:40 PM,0,1,0,0,4,0,0,0,0,0,0,0,0,0,0,0,4,0,0,,,,,,,,,,,,0,0,0.0,0
danny jansen,C,TB,Total Bases,0.5,NYM,base,Sun 1:40 PM,1,0,0,0,4,1,0,1,0,0,0,1,0,0,0,0,4,4,2,,,,,,,,,,,,0,0,4.0,1
danny jansen,C,TB,Hits,0.5,NYM,base,Sun 1:40 PM,1,0,0,0,4,1,0,1,0,0,0,1,0,0,0,0,4,4,2,,,,,,,,,,,,0,0,1.0,1
kameron misner,OF,TB,Total Bases,0.5,NYM,base,Sun 1:40 PM,0,0,3,0,4,0,0,0,0,0,0,0,0,0,0,0,4,0,0,,,,,,,,,,,,0,0,0.0,0
kameron misner,OF,TB,Hits,0.5,NYM,base,Sun 1:40 PM,0,0,3,0,4,0,0,0,0,0,0,0,0,0,0,0,4,0,0,,,,,,,,,,,,0,0,0.0,0
jake mangum,OF,TB,Hitter Strikeouts,0.5,NYM,base,Sun 1:40 PM,1,0,0,1,3,1,0,1,1,0,0,0,0,0,0,1,5,2,0,,,,,,,,,,,,0,0,0.0,0
jared young,IF,NYM,Hits,0.5,TB,base,Sun 1:40 PM,0,0,0,0,3,0,0,0,1,0,0,0,0,0,0,0,4,0,0,,,,,,,,,,,,0,0,0.0,0
jared young,IF,NYM,Total Bases,0.5,TB,base,Sun 1:40 PM,0,0,0,0,3,0,0,0,1,0,0,0,0,0,0,0,4,0,0,,,,,,,,,,,,0,0,0.0,0
yandy diaz,IF,TB,Hitter Fantasy Score,6.5,NYM,base,Sun 1:40 PM,1,0,0,0,5,0,0,2,0,1,0,0,0,0,0,0,5,4,2,,,,,,,,,,,,0,0,15.0,1
pete alonso,IF,NYM,Hitter Fantasy Score,6.0,TB,base,Sun 1:40 PM,0,0,0,0,4,0,0,1,0,0,0,0,0,0,0,0,4,1,0,,,,,,,,,,,,0,0,3.0,0
francisco lindor,IF,NYM,Hitter Fantasy Score,7.0,TB,base,Sun 1:40 PM,1,0,1,0,4,2,0,2,1,0,0,0,0,0,0,1,5,3,0,,,,,,,,,,,,0,0,14.0,1
josh lowe,OF,TB,Hitter Fantasy Score,5.5,NYM,base,Sun 1:40 PM,0,0,2,1,4,0,1,2,0,0,0,0,0,0,0,0,5,2,1,,,,,,,,,,,,0,0,10.0,1
brandon lowe,IF,TB,Hitter Fantasy Score,5.5,NYM,base,Sun 1:40 PM,0,0,1,0,5,2,0,2,0,0,0,0,0,0,0,0,5,2,1,,,,,,,,,,,,0,0,12.0,1
jonathan aranda,IF,TB,Hitter Fantasy Score,5.0,NYM,base,Sun 1:40 PM,0,0,3,0,4,0,0,0,1,0,0,0,0,0,0,0,5,0,0,,,,,,,,,,,,0,0,2.0,0
junior caminero,IF,TB,Hitter Fantasy Score,5.0,NYM,base,Sun 1:40 PM,1,0,1,0,4,1,0,1,1,0,0,1,0,0,0,0,5,4,1,,,,,,,,,,,,0,0,16.0,1
juan soto,OF,NYM,Hitter Fantasy Score,7.5,TB,base,Sun 1:40 PM,0,1,0,0,4,0,0,0,0,0,0,0,0,0,0,0,4,0,0,,,,,,,,,,,,0,0,0.0,0
ivan herrera,C,STL,Hits+Runs+RBIs,1.5,MIL,base,Sun 2:10 PM,0,0,1,0,4,0,0,1,1,0,0,0,0,0,0,0,5,1,0,,,,,,,,,,,,0,0,1.0,0
brendan donovan,IF,STL,Hitter Strikeouts,0.5,MIL,base,Sun 2:10 PM,0,0,1,1,3,1,0,0,0,0,0,0,0,0,0,0,4,0,0,,,,,,,,,,,,0,0,1.0,1
alec burleson,IF,STL,Hits+Runs+RBIs,1.5,MIL,base,Sun 2:10 PM,0,1,0,0,5,0,0,2,0,0,0,0,0,0,0,0,5,2,1,,,,,,,,,,,,0,0,3.0,1
brice turang,IF,MIL,Hitter Strikeouts,0.5,STL,base,Sun 2:10 PM,0,0,2,0,4,1,0,2,1,0,0,0,0,0,0,0,5,2,0,,,,,,,,,,,,0,0,2.0,1
william contreras,C,MIL,Hits+Runs+RBIs,1.5,STL,base,Sun 2:10 PM,1,0,1,0,4,1,0,1,1,0,0,1,0,0,0,0,5,4,1,,,,,,,,,,,,0,0,3.0,1
willson contreras,IF,STL,Hits+Runs+RBIs,1.5,MIL,base,Sun 2:10 PM,1,0,2,1,4,2,0,1,0,0,0,1,0,0,0,0,5,4,1,,,,,,,,,,,,0,0,4.0,1
sal frelick,OF,MIL,Hits+Runs+RBIs,1.5,STL,base,Sun 2:10 PM,2,0,1,0,4,1,0,2,1,0,0,0,1,0,0,2,5,4,2,,,,,,,,,,,,0,0,5.0,1
victor scott,OF,STL,Total Bases,0.5,MIL,base,Sun 2:10 PM,0,0,3,0,4,0,0,1,0,0,0,0,0,0,0,0,4,1,2,,,,,,,,,,,,0,0,1.0,1
victor scott,OF,STL,Hits,0.5,MIL,base,Sun 2:10 PM,0,0,3,0,4,0,0,1,0,0,0,0,0,0,0,0,4,1,2,,,,,,,,,,,,0,0,1.0,1
jackson chourio,OF,MIL,Hitter Strikeouts,0.5,STL,base,Sun 2:10 PM,1,0,2,0,5,1,0,2,0,1,0,0,0,0,0,0,5,4,1,,,,,,,,,,,,0,0,2.0,1
vinnie pasquantino,IF,KC,Hitter Strikeouts,0.5,OAK,base,Sun 2:10 PM,0,0,3,0,4,0,0,0,0,0,0,0,0,0,0,0,4,0,0,,,,,,,,,,,,0,0,3.0,1
freddy fermin,C,KC,Hits+Runs+RBIs,1.5,OAK,base,Sun 2:10 PM,0,0,2,0,3,0,0,0,0,0,0,0,0,0,0,0,3,0,0,,,,,,,,,,,,0,0,0.0,0
jonathan india,IF,KC,Runs,0.5,OAK,base,Sun 2:10 PM,0,0,0,0,3,0,0,0,0,0,0,0,0,0,0,0,3,0,0,,,,,,,,,,,,0,0,0.0,0
jose altuve,OF,HOU,Hitter Strikeouts,0.5,MIN,base,Sun 2:10 PM,0,0,1,0,4,0,0,0,0,0,0,0,0,0,0,0,4,0,0,,,,,,,,,,,,0,0,1.0,1
jeremy pena,IF,HOU,Total Bases,1.5,MIN,base,Sun 2:10 PM,0,0,2,0,4,1,0,0,0,0,0,0,0,0,0,0,4,0,0,,,,,,,,,,,,0,0,0.0,0
jeremy pena,IF,HOU,Runs,0.5,MIN,base,Sun 2:10 PM,0,0,2,0,4,1,0,0,0,0,0,0,0,0,0,0,4,0,0,,,,,,,,,,,,0,0,1.0,1
ryan jeffers,C,MIN,Runs,0.5,HOU,base,Sun 2:10 PM,0,1,1,0,3,0,0,0,1,0,0,0,0,0,0,0,4,0,0,,,,,,,,,,,,0,0,0.0,0
ryan jeffers,C,MIN,Hits+Runs+RBIs,1.5,HOU,base,Sun 2:10 PM,0,1,1,0,3,0,0,0,1,0,0,0,0,0,0,0,4,0,0,,,,,,,,,,,,0,0,0.0,0
jake meyers,OF,HOU,Hits+Runs+RBIs,1.5,MIN,base,Sun 2:10 PM,0,0,0,0,2,0,0,1,2,0,0,0,1,0,0,0,4,1,0,,,,,,,,,,,,0,0,1.0,0
matt wallner,OF,MIN,Total Bases,0.5,HOU,base,Sun 2:10 PM,0,0,1,0,4,0,0,0,0,0,0,0,0,0,0,0,4,0,0,,,,,,,,,,,,0,0,0.0,0
matt wallner,OF,MIN,Hits,0.5,HOU,base,Sun 2:10 PM,0,0,1,0,4,0,0,0,0,0,0,0,0,0,0,0,4,0,0,,,,,,,,,,,,0,0,0.0,0
yainer diaz,C,HOU,Total Bases,1.5,MIN,base,Sun 2:10 PM,1,0,1,0,4,1,0,1,0,0,0,1,0,0,0,0,4,4,2,,,,,,,,,,,,0,0,4.0,1
willi castro,IF,MIN,Hits+Runs+RBIs,1.5,HOU,base,Sun 2:10 PM,0,0,3,0,4,0,0,1,0,0,0,0,0,0,0,0,4,1,0,,,,,,,,,,,,0,0,1.0,0
victor caratini,C,HOU,Hits+Runs+RBIs,1.5,MIN,base,Sun 2:10 PM,0,0,1,0,4,0,0,0,0,0,0,0,0,0,0,0,4,0,0,,,,,,,,,,,,0,0,0.0,0
christian walker,IF,HOU,Hits+Runs+RBIs,1.5,MIN,base,Sun 2:10 PM,0,0,3,0,3,1,0,0,1,0,0,0,0,0,0,0,4,0,0,,,,,,,,,,,,0,0,1.0,0
christian walker,IF,HOU,Runs,0.5,MIN,base,Sun 2:10 PM,0,0,3,0,3,1,0,0,1,0,0,0,0,0,0,0,4,0,0,,,,,,,,,,,,0,0,1.0,1
ty france,IF,MIN,Hits+Runs+RBIs,1.5,HOU,base,Sun 2:10 PM,0,0,1,0,3,0,0,0,0,0,0,0,0,0,0,0,3,0,0,,,,,,,,,,,,0,0,0.0,0
cam smith,IF,HOU,Hits+Runs+RBIs,1.5,MIN,base,Sun 2:10 PM,0,0,1,0,4,0,0,1,0,0,0,0,0,0,0,0,4,1,1,,,,,,,,,,,,0,0,2.0,1
jonah bride,IF,MIN,Hits,0.5,HOU,base,Sun 2:10 PM,0,0,0,0,0,0,0,0,0,0,0,0,0,0,0,0,0,0,0,,,,,,,,,,,,0,0,0.0,0
jonah bride,IF,MIN,Total Bases,0.5,HOU,base,Sun 2:10 PM,0,0,0,0,0,0,0,0,0,0,0,0,0,0,0,0,0,0,0,,,,,,,,,,,,0,0,0.0,0
christian yelich,OF,MIL,Hitter Fantasy Score,6.5,STL,base,Sun 2:10 PM,0,0,3,0,5,0,0,0,0,0,0,0,0,0,0,0,5,0,0,,,,,,,,,,,,0,0,0.0,0
nolan arenado,IF,STL,Hitter Fantasy Score,4.5,MIL,base,Sun 2:10 PM,0,0,0,0,4,2,0,1,1,0,0,0,0,0,0,0,5,1,0,,,,,,,,,,,,0,0,9.0,1
lars nootbaar,OF,STL,Hitter Fantasy Score,6.5,MIL,base,Sun 2:10 PM,0,0,0,0,0,0,0,0,0,0,0,0,0,0,0,0,0,0,0,,,,,,,,,,,,0,0,0.0,0
alec burleson,IF,STL,Hitter Fantasy Score,5.0,MIL,base,Sun 2:10 PM,0,1,0,0,5,0,0,2,0,0,0,0,0,0,0,0,5,2,1,,,,,,,,,,,,0,0,8.0,1
william contreras,C,MIL,Hitter Fantasy Score,5.5,STL,base,Sun 2:10 PM,1,0,1,0,4,1,0,1,1,0,0,1,0,0,0,0,5,4,1,,,,,,,,,,,,0,0,16.0,1
willson contreras,IF,STL,Hitter Fantasy Score,5.0,MIL,base,Sun 2:10 PM,1,0,2,1,4,2,0,1,0,0,0,1,0,0,0,0,5,4,1,,,,,,,,,,,,0,0,18.0,1
masyn winn,IF,STL,Hitter Fantasy Score,5.5,MIL,base,Sun 2:10 PM,0,0,0,0,5,1,0,1,0,0,0,0,0,0,0,0,5,1,0,,,,,,,,,,,,0,0,5.0,0
rhys hoskins,IF,MIL,Hitter Fantasy Score,4.5,STL,base,Sun 2:10 PM,0,0,2,1,4,0,0,0,0,0,0,0,0,0,0,0,5,0,0,,,,,,,,,,,,0,0,2.0,0
jackson chourio,OF,MIL,Hitter Fantasy Score,6.5,STL,base,Sun 2:10 PM,1,0,2,0,5,1,0,2,0,1,0,0,0,0,0,0,5,4,1,,,,,,,,,,,,0,0,15.0,1
bobby witt,IF,KC,Hitter Fantasy Score,7.5,OAK,base,Sun 2:10 PM,0,0,1,0,3,0,0,0,1,0,0,0,0,0,0,0,4,0,0,,,,,,,,,,,,0,0,2.0,0
vinnie pasquantino,IF,KC,Hitter Fantasy Score,5.0,OAK,base,Sun 2:10 PM,0,0,3,0,4,0,0,0,0,0,0,0,0,0,0,0,4,0,0,,,,,,,,,,,,0,0,0.0,0
salvador perez,C,KC,Hitter Fantasy Score,5.0,OAK,base,Sun 2:10 PM,0,0,1,0,4,0,0,1,0,0,0,0,0,0,0,0,4,1,0,,,,,,,,,,,,0,0,3.0,0
maikel garcia,IF,KC,Hitter Fantasy Score,6.5,OAK,base,Sun 2:10 PM,1,0,1,0,4,0,0,2,0,0,0,0,1,0,0,1,4,3,0,,,,,,,,,,,,0,0,13.0,1
jonathan india,IF,KC,Hitter Fantasy Score,6.5,OAK,base,Sun 2:10 PM,0,0,0,0,3,0,0,0,0,0,0,0,0,0,0,0,3,0,0,,,,,,,,,,,,0,0,0.0,0
jac caglianone,IF,KC,Hitter Fantasy Score,4.5,OAK,base,Sun 2:10 PM,0,0,1,0,3,0,0,0,0,0,0,0,0,0,0,0,3,0,0,,,,,,,,,,,,0,0,0.0,0
carlos correa,IF,MIN,Hitter Fantasy Score,5.5,HOU,base,Sun 2:10 PM,0,0,3,0,4,1,0,1,0,0,0,0,0,0,0,0,4,1,0,,,,,,,,,,,,0,0,5.0,0
jose altuve,OF,HOU,Hitter Fantasy Score,6.5,MIN,base,Sun 2:10 PM,0,0,1,0,4,0,0,0,0,0,0,0,0,0,0,0,4,0,0,,,,,,,,,,,,0,0,0.0,0
jeremy pena,IF,HOU,Hitter Fantasy Score,7.5,MIN,base,Sun 2:10 PM,0,0,2,0,4,1,0,0,0,0,0,0,0,0,0,0,4,0,0,,,,,,,,,,,,0,0,2.0,0
ryan jeffers,C,MIN,Hitter Fantasy Score,5.5,HOU,base,Sun 2:10 PM,0,1,1,0,3,0,0,0,1,0,0,0,0,0,0,0,4,0,0,,,,,,,,,,,,0,0,2.0,0
jake meyers,OF,HOU,Hitter Fantasy Score,4.5,MIN,base,Sun 2:10 PM,0,0,0,0,2,0,0,1,2,0,0,0,1,0,0,0,4,1,0,,,,,,,,,,,,0,0,12.0,1
mauricio dubon,OF,HOU,Hitter Fantasy Score,3.0,MIN,base,Sun 2:10 PM,0,0,0,0,2,0,0,0,0,0,0,0,0,0,0,0,2,0,0,,,,,,,,,,,,0,0,0.0,0
yainer diaz,C,HOU,Hitter Fantasy Score,5.5,MIN,base,Sun 2:10 PM,1,0,1,0,4,1,0,1,0,0,0,1,0,0,0,0,4,4,2,,,,,,,,,,,,0,0,16.0,1
christian walker,IF,HOU,Hitter Fantasy Score,5.0,MIN,base,Sun 2:10 PM,0,0,3,0,3,1,0,0,1,0,0,0,0,0,0,0,4,0,0,,,,,,,,,,,,0,0,4.0,0
cam smith,IF,HOU,Hitter Fantasy Score,4.5,MIN,base,Sun 2:10 PM,0,0,1,0,4,0,0,1,0,0,0,0,0,0,0,0,4,1,1,,,,,,,,,,,,0,0,5.0,1
bryan reynolds,OF,PIT,Hits+Runs+RBIs,1.5,CHC,base,Sun 2:20 PM,0,1,1,0,4,0,0,0,0,0,0,0,0,0,0,0,4,0,0,,,,,,,,,,,,0,0,0.0,0
oneil cruz,OF,PIT,Runs,0.5,CHC,base,Sun 2:20 PM,0,0,1,0,4,0,0,0,0,0,0,0,0,0,0,0,4,0,0,,,,,,,,,,,,0,0,0.0,0
oneil cruz,OF,PIT,Hits+Runs+RBIs,1.5,CHC,base,Sun 2:20 PM,0,0,1,0,4,0,0,0,0,0,0,0,0,0,0,0,4,0,0,,,,,,,,,,,,0,0,0.0,0
ian happ,OF,CHC,Hits+Runs+RBIs,1.5,PIT,base,Sun 2:20 PM,0,0,1,0,3,0,0,0,0,0,1,0,0,0,0,0,4,0,1,,,,,,,,,,,,0,0,1.0,0
nico hoerner,IF,CHC,Hits+Runs+RBIs,1.5,PIT,base,Sun 2:20 PM,0,0,0,0,3,1,0,2,0,0,0,0,1,0,0,0,3,2,0,,,,,,,,,,,,0,0,3.0,1
dansby swanson,IF,CHC,Hits+Runs+RBIs,1.5,PIT,base,Sun 2:20 PM,1,0,2,0,3,1,0,1,0,0,0,1,0,0,0,0,3,4,1,,,,,,,,,,,,0,0,3.0,1
andrew mccutchen,OF,PIT,Hits+Runs+RBIs,1.5,CHC,base,Sun 2:20 PM,1,0,1,0,4,1,0,2,0,0,0,1,0,0,0,0,4,5,1,,,,,,,,,,,,0,0,4.0,1
nick gonzales,IF,PIT,Hits+Runs+RBIs,1.5,CHC,base,Sun 2:20 PM,0,0,0,0,4,0,0,2,0,0,0,0,0,0,0,0,4,2,0,,,,,,,,,,,,0,0,2.0,1
michael busch,IF,CHC,Hits+Runs+RBIs,1.5,PIT,base,Sun 2:20 PM,0,0,0,0,3,0,0,0,0,0,0,0,0,0,0,0,3,0,0,,,,,,,,,,,,0,0,0.0,0
kyle tucker,OF,CHC,Runs,0.5,PIT,base,Sun 2:20 PM,0,0,2,0,4,0,0,2,0,0,0,0,0,0,0,0,4,2,0,,,,,,,,,,,,0,0,0.0,0
ke'bryan hayes,IF,PIT,Hitter Fantasy Score,4.5,CHC,base,Sun 2:20 PM,0,0,1,0,4,0,0,1,0,0,0,0,0,0,0,0,4,1,0,,,,,,,,,,,,0,0,3.0,0
bryan reynolds,OF,PIT,Hitter Fantasy Score,5.5,CHC,base,Sun 2:20 PM,0,1,1,0,4,0,0,0,0,0,0,0,0,0,0,0,4,0,0,,,,,,,,,,,,0,0,0.0,0
oneil cruz,OF,PIT,Hitter Fantasy Score,8.5,CHC,base,Sun 2:20 PM,0,0,1,0,4,0,0,0,0,0,0,0,0,0,0,0,4,0,0,,,,,,,,,,,,0,0,0.0,0
ian happ,OF,CHC,Hitter Fantasy Score,6.5,PIT,base,Sun 2:20 PM,0,0,1,0,3,0,0,0,0,0,1,0,0,0,0,0,4,0,1,,,,,,,,,,,,0,0,2.0,0
seiya suzuki,OF,CHC,Hitter Fantasy Score,6.0,PIT,base,Sun 2:20 PM,0,0,2,0,4,0,0,0,0,0,0,0,0,0,0,0,4,0,0,,,,,,,,,,,,0,0,0.0,0
dansby swanson,IF,CHC,Hitter Fantasy Score,5.0,PIT,base,Sun 2:20 PM,1,0,2,0,3,1,0,1,0,0,0,1,0,0,0,0,3,4,1,,,,,,,,,,,,0,0,14.0,1
andrew mccutchen,OF,PIT,Hitter Fantasy Score,5.0,CHC,base,Sun 2:20 PM,1,0,1,0,4,1,0,2,0,0,0,1,0,0,0,0,4,5,1,,,,,,,,,,,,0,0,17.0,1
henry davis,C,PIT,Hitter Fantasy Score,3.5,CHC,base,Sun 2:20 PM,0,0,1,0,3,0,0,0,0,0,0,0,0,0,0,0,3,0,0,,,,,,,,,,,,0,0,0.0,0
michael busch,IF,CHC,Hitter Fantasy Score,4.5,PIT,base,Sun 2:20 PM,0,0,0,0,3,0,0,0,0,0,0,0,0,0,0,0,3,0,0,,,,,,,,,,,,0,0,0.0,0
pete crow-armstrong,OF,CHC,Hitter Fantasy Score,6.5,PIT,base,Sun 2:20 PM,0,0,0,0,3,0,0,1,0,0,0,0,1,0,0,0,3,1,0,,,,,,,,,,,,0,0,8.0,1
isiah kiner-falefa,IF,PIT,Hitter Fantasy Score,3.5,CHC,base,Sun 2:20 PM,0,0,1,0,3,0,0,0,0,0,0,0,0,0,0,0,3,0,0,,,,,,,,,,,,0,0,0.0,0
kyle tucker,OF,CHC,Hitter Fantasy Score,7.5,PIT,base,Sun 2:20 PM,0,0,2,0,4,0,0,2,0,0,0,0,0,0,0,0,4,2,0,,,,,,,,,,,,0,0,6.0,0
matt shaw,IF,CHC,Hitter Fantasy Score,3.5,PIT,base,Sun 2:20 PM,0,0,1,0,3,0,0,0,0,0,0,0,0,0,0,0,3,0,0,,,,,,,,,,,,0,0,0.0,0
spencer horwitz,IF,PIT,Hitter Fantasy Score,5.0,CHC,base,Sun 2:20 PM,0,0,0,0,3,0,0,1,1,0,0,0,0,0,0,0,4,1,0,,,,,,,,,,,,0,0,5.0,1
corey seager,IF,TEX,Total Bases,1.5,CWS,base,Sun 2:35 PM,1,1,1,0,4,1,0,1,2,0,0,0,0,0,0,1,6,2,1,,,,,,,,,,,,0,0,2.0,1
corey seager,IF,TEX,Runs,0.5,CWS,base,Sun 2:35 PM,1,1,1,0,4,1,0,1,2,0,0,0,0,0,0,1,6,2,1,,,,,,,,,,,,0,0,1.0,1
marcus semien,IF,TEX,Hitter Strikeouts,0.5,CWS,base,Sun 2:35 PM,1,0,0,0,6,0,0,2,0,0,0,0,0,0,0,1,6,3,1,,,,,,,,,,,,0,0,0.0,0
marcus semien,IF,TEX,Hits+Runs+RBIs,1.5,CWS,base,Sun 2:35 PM,1,0,0,0,6,0,0,2,0,0,0,0,0,0,0,1,6,3,1,,,,,,,,,,,,0,0,3.0,1
josh smith,IF,TEX,Runs,0.5,CWS,base,Sun 2:35 PM,2,0,1,0,5,2,0,2,1,0,0,0,0,0,0,2,6,4,0,,,,,,,,,,,,0,0,2.0,1
josh smith,IF,TEX,Hits+Runs+RBIs,1.5,CWS,base,Sun 2:35 PM,2,0,1,0,5,2,0,2,1,0,0,0,0,0,0,2,6,4,0,,,,,,,,,,,,0,0,4.0,1
josh jung,IF,TEX,Hits+Runs+RBIs,1.5,CWS,base,Sun 2:35 PM,0,0,3,0,5,0,0,0,1,0,0,0,0,0,0,0,6,0,0,,,,,,,,,,,,0,0,0.0,0
andrew benintendi,OF,CWS,Hits+Runs+RBIs,1.5,TEX,base,Sun 2:35 PM,0,1,1,0,4,0,0,0,0,0,0,0,0,0,0,0,4,0,0,,,,,,,,,,,,0,0,0.0,0
wyatt langford,OF,TEX,Runs,0.5,CWS,base,Sun 2:35 PM,0,0,0,1,4,1,0,2,1,0,0,0,0,0,1,0,6,2,0,,,,,,,,,,,,0,0,1.0,1
michael a taylor,OF,CWS,Total Bases,0.5,TEX,base,Sun 2:35 PM,1,0,0,0,1,0,0,1,0,0,0,0,0,0,0,1,1,2,1,,,,,,,,,,,,0,0,2.0,1
michael a taylor,OF,CWS,Hits,0.5,TEX,base,Sun 2:35 PM,1,0,0,0,1,0,0,1,0,0,0,0,0,0,0,1,1,2,1,,,,,,,,,,,,0,0,1.0,1
jake burger,IF,TEX,Hits+Runs+RBIs,1.5,CWS,base,Sun 2:35 PM,0,0,2,0,4,0,0,0,2,0,0,0,0,0,0,0,6,0,0,,,,,,,,,,,,0,0,0.0,0
chase meidroth,IF,CWS,Hits+Runs+RBIs,1.5,TEX,base,Sun 2:35 PM,0,0,1,0,5,1,0,2,0,0,0,0,0,0,0,0,5,2,0,,,,,,,,,,,,0,0,3.0,1
mike tauchman,OF,CWS,Hits+Runs+RBIs,1.5,TEX,base,Sun 2:35 PM,0,0,3,0,5,0,0,1,0,0,0,0,0,0,0,0,5,1,1,,,,,,,,,,,,0,0,2.0,1
mike tauchman,OF,CWS,Walks,0.5,TEX,base,Sun 2:35 PM,0,0,3,0,5,0,0,1,0,0,0,0,0,0,0,0,5,1,1,,,,,,,,,,,,0,0,0.0,0
vinny capra,IF,CWS,Total Bases,0.5,TEX,base,Sun 2:35 PM,0,0,0,0,1,0,0,0,0,0,0,0,0,0,0,0,1,0,0,,,,,,,,,,,,0,0,0.0,0
vinny capra,IF,CWS,Hits,0.5,TEX,base,Sun 2:35 PM,0,0,0,0,1,0,0,0,0,0,0,0,0,0,0,0,1,0,0,,,,,,,,,,,,0,0,0.0,0
corey seager,IF,TEX,Hitter Fantasy Score,6.5,CWS,base,Sun 2:35 PM,1,1,1,0,4,1,0,1,2,0,0,0,0,0,0,1,6,2,1,,,,,,,,,,,,0,0,13.0,1
marcus semien,IF,TEX,Hitter Fantasy Score,6.0,CWS,base,Sun 2:35 PM,1,0,0,0,6,0,0,2,0,0,0,0,0,0,0,1,6,3,1,,,,,,,,,,,,0,0,10.0,1
adolis garcia,OF,TEX,Hitter Fantasy Score,3.5,CWS,base,Sun 2:35 PM,1,0,2,0,6,0,0,3,0,0,0,0,0,0,0,1,6,4,1,,,,,,,,,,,,0,0,13.0,1
jonah heim,C,TEX,Hitter Fantasy Score,3.5,CWS,base,Sun 2:35 PM,0,0,2,0,5,0,0,0,0,0,0,0,0,0,0,0,5,0,0,,,,,,,,,,,,0,0,0.0,0
josh smith,IF,TEX,Hitter Fantasy Score,7.5,CWS,base,Sun 2:35 PM,2,0,1,0,5,2,0,2,1,0,0,0,0,0,0,2,6,4,0,,,,,,,,,,,,0,0,16.0,1
andrew benintendi,OF,CWS,Hitter Fantasy Score,5.0,TEX,base,Sun 2:35 PM,0,1,1,0,4,0,0,0,0,0,0,0,0,0,0,0,4,0,0,,,,,,,,,,,,0,0,0.0,0
wyatt langford,OF,TEX,Hitter Fantasy Score,6.5,CWS,base,Sun 2:35 PM,0,0,0,1,4,1,0,2,1,0,0,0,0,0,1,0,6,2,0,,,,,,,,,,,,0,0,12.0,1
miguel vargas,IF,CWS,Hitter Fantasy Score,5.0,TEX,base,Sun 2:35 PM,1,0,0,0,5,1,0,1,0,0,0,0,0,0,0,1,5,2,0,,,,,,,,,,,,0,0,7.0,1
chase meidroth,IF,CWS,Hitter Fantasy Score,5.5,TEX,base,Sun 2:35 PM,0,0,1,0,5,1,0,2,0,0,0,0,0,0,0,0,5,2,0,,,,,,,,,,,,0,0,8.0,1
mike tauchman,OF,CWS,Hitter Fantasy Score,5.5,TEX,base,Sun 2:35 PM,0,0,3,0,5,0,0,1,0,0,0,0,0,0,0,0,5,1,1,,,,,,,,,,,,0,0,5.0,0
xander bogaerts,IF,SD,Hits+Runs+RBIs,1.5,AZ,base,Sun 4:10 PM,0,1,0,0,4,0,0,0,0,0,1,0,0,0,0,0,5,0,1,,,,,,,,,,,,0,0,1.0,0
fernando tatis,OF,SD,Total Bases,1.5,AZ,base,Sun 4:10 PM,0,0,1,0,5,2,0,2,0,0,0,0,0,0,0,0,5,2,2,,,,,,,,,,,,0,0,2.0,1
lourdes gurriel,OF,AZ,Hits+Runs+RBIs,1.5,SD,base,Sun 4:10 PM,0,0,1,0,3,0,0,1,1,0,0,0,1,0,0,0,4,1,0,,,,,,,,,,,,0,0,1.0,0
corbin carroll,OF,AZ,Total Bases,1.5,SD,base,Sun 4:10 PM,0,0,2,0,4,0,0,0,1,0,0,0,0,0,0,0,5,0,0,,,,,,,,,,,,0,0,0.0,0
ketel marte,IF,AZ,Hits+Runs+RBIs,1.5,SD,base,Sun 4:10 PM,0,0,1,0,5,1,0,1,0,0,0,0,0,0,0,0,5,1,1,,,,,,,,,,,,0,0,3.0,1
ketel marte,IF,AZ,Walks,0.5,SD,base,Sun 4:10 PM,0,0,1,0,5,1,0,1,0,0,0,0,0,0,0,0,5,1,1,,,,,,,,,,,,0,0,0.0,0
eugenio suarez,IF,AZ,Hits+Runs+RBIs,1.5,SD,base,Sun 4:10 PM,1,0,1,0,3,1,0,1,1,0,0,1,0,0,0,0,4,4,3,,,,,,,,,,,,0,0,5.0,1
alek thomas,OF,AZ,Hitter Strikeouts,0.5,SD,base,Sun 4:10 PM,0,0,2,0,3,1,0,1,1,0,0,0,0,0,0,0,4,1,0,,,,,,,,,,,,0,0,2.0,1
tyler wade,IF,SD,Total Bases,0.5,AZ,base,Sun 4:10 PM,0,0,1,0,1,0,0,0,0,0,0,0,0,0,0,0,1,0,0,,,,,,,,,,,,0,0,0.0,0
josh naylor,IF,AZ,Hitter Strikeouts,0.5,SD,base,Sun 4:10 PM,0,0,1,0,5,1,0,1,0,0,0,0,0,0,0,0,5,1,1,,,,,,,,,,,,0,0,1.0,1
gavin sheets,IF,SD,Hits+Runs+RBIs,1.5,AZ,base,Sun 4:10 PM,2,0,0,0,3,2,0,3,1,0,0,1,0,0,0,1,4,7,1,,,,,,,,,,,,0,0,6.0,1
jose iglesias,IF,SD,Hits+Runs+RBIs,1.5,AZ,base,Sun 4:10 PM,0,0,0,0,1,0,0,0,0,0,0,0,0,0,0,0,1,0,0,,,,,,,,,,,,0,0,0.0,0
jose ramirez,IF,CLE,Hits+Runs+RBIs,1.5,SEA,base,Sun 4:10 PM,1,0,1,0,4,1,0,2,0,0,0,1,0,0,0,0,4,5,1,,,,,,,,,,,,0,0,4.0,1
jp crawford,IF,SEA,Hits+Runs+RBIs,1.5,CLE,base,Sun 4:10 PM,0,0,0,0,3,1,1,3,2,0,0,0,1,0,1,0,5,3,0,,,,,,,,,,,,0,0,4.0,1
cal raleigh,C,SEA,Hits+Runs+RBIs,1.5,CLE,base,Sun 4:10 PM,1,0,0,1,3,0,0,1,1,0,0,0,0,0,1,1,5,2,1,,,,,,,,,,,,0,0,2.0,1
cal raleigh,C,SEA,Runs,0.5,CLE,base,Sun 4:10 PM,1,0,0,1,3,0,0,1,1,0,0,0,0,0,1,1,5,2,1,,,,,,,,,,,,0,0,0.0,0
bo naylor,C,CLE,Hits,0.5,SEA,base,Sun 4:10 PM,0,0,4,0,4,0,0,0,0,0,0,0,0,0,0,0,4,0,0,,,,,,,,,,,,0,0,0.0,0
bo naylor,C,CLE,Total Bases,0.5,SEA,base,Sun 4:10 PM,0,0,4,0,4,0,0,0,0,0,0,0,0,0,0,0,4,0,0,,,,,,,,,,,,0,0,0.0,0
kyle manzardo,IF,CLE,Hits+Runs+RBIs,1.5,SEA,base,Sun 4:10 PM,1,0,0,0,4,0,0,1,0,0,0,0,0,0,0,1,4,2,0,,,,,,,,,,,,0,0,1.0,0
rowdy tellez,IF,SEA,Total Bases,0.5,CLE,base,Sun 4:10 PM,0,0,3,0,4,0,0,0,0,0,0,0,0,0,0,0,4,0,0,,,,,,,,,,,,0,0,0.0,0
rowdy tellez,IF,SEA,Hits,0.5,CLE,base,Sun 4:10 PM,0,0,3,0,4,0,0,0,0,0,0,0,0,0,0,0,4,0,0,,,,,,,,,,,,0,0,0.0,0
miles mastrobuoni,IF,SEA,Hitter Strikeouts,0.5,CLE,base,Sun 4:10 PM,0,0,0,0,0,1,0,0,1,0,0,0,0,0,0,0,1,0,0,,,,,,,,,,,,0,0,0.0,0
miles mastrobuoni,IF,SEA,Total Bases,0.5,CLE,base,Sun 4:10 PM,0,0,0,0,0,1,0,0,1,0,0,0,0,0,0,0,1,0,0,,,,,,,,,,,,0,0,0.0,0
miles mastrobuoni,IF,SEA,Hits,0.5,CLE,base,Sun 4:10 PM,0,0,0,0,0,1,0,0,1,0,0,0,0,0,0,0,1,0,0,,,,,,,,,,,,0,0,0.0,0
cole young,IF,SEA,Hits,0.5,CLE,base,Sun 4:10 PM,0,0,0,0,3,0,0,0,0,0,0,0,0,1,0,0,4,0,0,,,,,,,,,,,,0,0,0.0,0
cole young,IF,SEA,Total Bases,0.5,CLE,base,Sun 4:10 PM,0,0,0,0,3,0,0,0,0,0,0,0,0,1,0,0,4,0,0,,,,,,,,,,,,0,0,0.0,0
manny machado,IF,SD,Hitter Fantasy Score,6.5,AZ,base,Sun 4:10 PM,1,1,0,0,4,0,0,1,1,0,0,0,0,0,0,1,5,2,2,,,,,,,,,,,,0,0,11.0,1
fernando tatis,OF,SD,Hitter Fantasy Score,7.5,AZ,base,Sun 4:10 PM,0,0,1,0,5,2,0,2,0,0,0,0,0,0,0,0,5,2,2,,,,,,,,,,,,0,0,14.0,1
lourdes gurriel,OF,AZ,Hitter Fantasy Score,4.5,SD,base,Sun 4:10 PM,0,0,1,0,3,0,0,1,1,0,0,0,1,0,0,0,4,1,0,,,,,,,,,,,,0,0,10.0,1
corbin carroll,OF,AZ,Hitter Fantasy Score,6.5,SD,base,Sun 4:10 PM,0,0,2,0,4,0,0,0,1,0,0,0,0,0,0,0,5,0,0,,,,,,,,,,,,0,0,2.0,0
ketel marte,IF,AZ,Hitter Fantasy Score,5.5,SD,base,Sun 4:10 PM,0,0,1,0,5,1,0,1,0,0,0,0,0,0,0,0,5,1,1,,,,,,,,,,,,0,0,7.0,1
eugenio suarez,IF,AZ,Hitter Fantasy Score,4.5,SD,base,Sun 4:10 PM,1,0,1,0,3,1,0,1,1,0,0,1,0,0,0,0,4,4,3,,,,,,,,,,,,0,0,20.0,1
geraldo perdomo,IF,AZ,Hitter Fantasy Score,5.0,SD,base,Sun 4:10 PM,1,0,0,0,4,2,0,2,1,1,0,0,0,0,0,0,5,4,3,,,,,,,,,,,,0,0,23.0,1
luis arraez,IF,SD,Hitter Fantasy Score,6.5,AZ,base,Sun 4:10 PM,0,0,0,0,5,0,0,2,0,0,0,0,0,0,0,0,5,2,0,,,,,,,,,,,,0,0,6.0,0
josh naylor,IF,AZ,Hitter Fantasy Score,5.0,SD,base,Sun 4:10 PM,0,0,1,0,5,1,0,1,0,0,0,0,0,0,0,0,5,1,1,,,,,,,,,,,,0,0,7.0,1
julio rodriguez,OF,SEA,Hitter Fantasy Score,7.5,CLE,base,Sun 4:10 PM,0,0,1,0,5,1,0,1,0,0,0,0,1,0,0,0,5,1,0,,,,,,,,,,,,0,0,10.0,1
jose ramirez,IF,CLE,Hitter Fantasy Score,7.5,SEA,base,Sun 4:10 PM,1,0,1,0,4,1,0,2,0,0,0,1,0,0,0,0,4,5,1,,,,,,,,,,,,0,0,17.0,1
steven kwan,OF,CLE,Hitter Fantasy Score,6.5,SEA,base,Sun 4:10 PM,0,0,0,0,5,0,0,0,0,0,0,0,0,0,0,0,5,0,0,,,,,,,,,,,,0,0,0.0,0
jp crawford,IF,SEA,Hitter Fantasy Score,5.5,CLE,base,Sun 4:10 PM,0,0,0,0,3,1,1,3,2,0,0,0,1,0,1,0,5,3,0,,,,,,,,,,,,0,0,20.0,1
cal raleigh,C,SEA,Hitter Fantasy Score,6.5,CLE,base,Sun 4:10 PM,1,0,0,1,3,0,0,1,1,0,0,0,0,0,1,1,5,2,1,,,,,,,,,,,,0,0,11.0,1
dominic canzone,OF,SEA,Hitter Fantasy Score,3.5,CLE,base,Sun 4:10 PM,0,0,1,0,4,0,0,1,0,0,0,0,0,0,0,0,4,1,0,,,,,,,,,,,,0,0,3.0,0
randy arozarena,OF,SEA,Hitter Fantasy Score,5.0,CLE,base,Sun 4:10 PM,0,0,1,1,2,0,0,0,1,0,0,0,0,0,0,0,4,0,0,,,,,,,,,,,,0,0,4.0,0
carlos santana,IF,CLE,Hitter Fantasy Score,5.0,SEA,base,Sun 4:10 PM,0,0,1,0,4,1,0,1,0,0,0,0,0,0,0,0,4,1,0,,,,,,,,,,,,0,0,5.0,1
rowdy tellez,IF,SEA,Hitter Fantasy Score,3.5,CLE,base,Sun 4:10 PM,0,0,3,0,4,0,0,0,0,0,0,0,0,0,0,0,4,0,0,,,,,,,,,,,,0,0,0.0,0
ben williamson,IF,SEA,Hitter Fantasy Score,3.5,CLE,base,Sun 4:10 PM,0,0,2,0,3,0,0,0,0,0,0,0,0,0,0,0,3,0,0,,,,,,,,,,,,0,0,0.0,0
cole young,IF,SEA,Hitter Fantasy Score,3.5,CLE,base,Sun 4:10 PM,0,0,0,0,3,0,0,0,0,0,0,0,0,1,0,0,4,0,0,,,,,,,,,,,,0,0,0.0,0
mike yastrzemski,OF,SF,Total Bases,0.5,LAD,base,Sun 7:10 PM,1,0,0,0,3,0,0,1,1,0,0,0,0,0,0,1,4,2,0,,,,,,,,,,,,0,0,2.0,1
will smith,C,LAD,Hits+Runs+RBIs,1.5,SF,base,Sun 7:10 PM,0,1,0,0,4,1,0,1,0,0,1,0,0,0,0,0,5,1,1,,,,,,,,,,,,0,0,3.0,1
mookie betts,IF,LAD,Hitter Strikeouts,0.5,SF,base,Sun 7:10 PM,1,0,0,0,3,0,0,1,1,0,0,0,0,0,0,1,4,2,2,,,,,,,,,,,,0,0,0.0,0
heliot ramos,OF,SF,Hits+Runs+RBIs,1.5,LAD,base,Sun 7:10 PM,0,1,0,0,3,0,0,0,0,0,0,0,0,0,0,0,3,0,0,,,,,,,,,,,,0,0,0.0,0
andy pages,OF,LAD,Hits+Runs+RBIs,1.5,SF,base,Sun 7:10 PM,0,0,0,0,5,1,0,1,0,0,0,0,0,0,0,0,5,1,1,,,,,,,,,,,,0,0,3.0,1
shohei ohtani,P/DH,LAD,Hits+Runs+RBIs,2.5,SF,base,Sun 7:10 PM,2,0,0,0,3,3,0,2,2,0,0,2,0,0,1,0,5,8,2,,,,,,,,,,,,0,0,7.0,1
teoscar hernandez,OF,LAD,Runs,0.5,SF,base,Sun 7:10 PM,1,0,0,0,3,2,0,1,1,0,0,1,0,0,0,0,4,4,2,,,,,,,,,,,,0,0,2.0,1
jung hoo lee,OF,SF,Hitter Strikeouts,0.5,LAD,base,Sun 7:10 PM,0,0,1,0,4,0,0,0,1,0,0,0,0,0,0,0,5,0,0,,,,,,,,,,,,0,0,1.0,1
jung hoo lee,OF,SF,Hits+Runs+RBIs,1.5,LAD,base,Sun 7:10 PM,0,0,1,0,4,0,0,0,1,0,0,0,0,0,0,0,5,0,0,,,,,,,,,,,,0,0,0.0,0
tommy edman,OF,LAD,Hits+Runs+RBIs,1.5,SF,base,Sun 7:10 PM,0,0,0,0,0,0,0,0,0,0,0,0,0,0,0,0,0,0,0,,,,,,,,,,,,0,0,0.0,0
tommy edman,OF,LAD,Hitter Strikeouts,0.5,SF,base,Sun 7:10 PM,0,0,0,0,0,0,0,0,0,0,0,0,0,0,0,0,0,0,0,,,,,,,,,,,,0,0,0.0,0
michael conforto,OF,LAD,Hits,0.5,SF,base,Sun 7:10 PM,1,0,0,0,4,1,0,1,1,0,0,0,0,0,0,1,5,2,1,,,,,,,,,,,,0,0,1.0,1
michael conforto,OF,LAD,Total Bases,0.5,SF,base,Sun 7:10 PM,1,0,0,0,4,1,0,1,1,0,0,0,0,0,0,1,5,2,1,,,,,,,,,,,,0,0,2.0,1
willy adames,IF,SF,Hits+Runs+RBIs,1.5,LAD,base,Sun 7:10 PM,0,0,1,0,3,0,0,0,0,0,0,0,0,0,0,0,3,0,0,,,,,,,,,,,,0,0,0.0,0
will smith,C,LAD,Hitter Fantasy Score,5.5,SF,base,Sun 7:10 PM,0,1,0,0,4,1,0,1,0,0,1,0,0,0,0,0,5,1,1,,,,,,,,,,,,0,0,7.0,1
mookie betts,IF,LAD,Hitter Fantasy Score,7.5,SF,base,Sun 7:10 PM,1,0,0,0,3,0,0,1,1,0,0,0,0,0,0,1,4,2,2,,,,,,,,,,,,0,0,11.0,1
heliot ramos,OF,SF,Hitter Fantasy Score,5.5,LAD,base,Sun 7:10 PM,0,1,0,0,3,0,0,0,0,0,0,0,0,0,0,0,3,0,0,,,,,,,,,,,,0,0,0.0,0
andy pages,OF,LAD,Hitter Fantasy Score,4.5,SF,base,Sun 7:10 PM,0,0,0,0,5,1,0,1,0,0,0,0,0,0,0,0,5,1,1,,,,,,,,,,,,0,0,7.0,1
shohei ohtani,P/DH,LAD,Hitter Fantasy Score,9.5,SF,base,Sun 7:10 PM,2,0,0,0,3,3,0,2,2,0,0,2,0,0,1,0,5,8,2,,,,,,,,,,,,0,0,34.0,1
teoscar hernandez,OF,LAD,Hitter Fantasy Score,5.5,SF,base,Sun 7:10 PM,1,0,0,0,3,2,0,1,1,0,0,1,0,0,0,0,4,4,2,,,,,,,,,,,,0,0,20.0,1
jung hoo lee,OF,SF,Hitter Fantasy Score,6.0,LAD,base,Sun 7:10 PM,0,0,1,0,4,0,0,0,1,0,0,0,0,0,0,0,5,0,0,,,,,,,,,,,,0,0,2.0,0
