Team,Date,Home/Away
BAL,Wed 5/28,Home
BAL,Thu 5/29,OFF
BAL,Fri 5/30,Home
BAL,Sat 5/31,Home
BAL,Sun 6/1,Home
BAL,Mon 6/2,OFF
BAL,Tue 6/3,Away at SEA
BAL,Wed 6/4,Away at SEA
BAL,Thu 6/5,Away at SEA
BAL,Fri 6/6,Away at ATH
BAL,Sat 6/7,Away at ATH
BAL,Sun 6/8,Away at ATH
BAL,Mon 6/9,OFF
BAL,Tue 6/10,Home
BAL,Wed 6/11,Home
BAL,Thu 6/12,Home
BAL,Fri 6/13,Home
BAL,Sat 6/14,Home
BAL,Sun 6/15,Home
BAL,Mon 6/16,Away at TBR
BAL,Tue 6/17,Away at TBR
BAL,Wed 6/18,Away at TBR
BAL,Thu 6/19,Away at TBR
BAL,Fri 6/20,Away at NYY
BAL,Sat 6/21,Away at NYY
BAL,Sun 6/22,Away at NYY
BAL,Mon 6/23,Home
BAL,Tue 6/24,Home
BAL,Wed 6/25,Home
BAL,Thu 6/26,OFF
BAL,Fri 6/27,Home
BAL,Sat 6/28,Home
BAL,Sun 6/29,Home
BAL,Mon 6/30,Away at TEX
BAL,Tue 7/1,Away at TEX
BAL,Wed 7/2,Away at TEX
BAL,Thu 7/3,OFF
BAL,Fri 7/4,Away at ATL
BAL,Sat 7/5,Away at ATL
BAL,Sun 7/6,Away at ATL
BAL,Mon 7/7,OFF
BAL,Tue 7/8,Home
BAL,Wed 7/9,Home
BAL,Thu 7/10,Home
BAL,Fri 7/11,Home
BAL,Sat 7/12,Home
BAL,Sun 7/13,Home
BAL,Mon 7/14,OFF
BAL,Tue 7/15,OFF
BAL,Wed 7/16,OFF
BAL,Thu 7/17,OFF
BAL,Fri 7/18,Away at TBR
BAL,Sat 7/19,Away at TBR
BAL,Sun 7/20,Away at TBR
BAL,Mon 7/21,Away at CLE
BAL,Tue 7/22,Away at CLE
BAL,Wed 7/23,Away at CLE
BAL,Thu 7/24,Away at CLE
BAL,Fri 7/25,Home
BAL,Sat 7/26,Home
BAL,Sun 7/27,Home
BAL,Mon 7/28,Home
BAL,Tue 7/29,Home
BAL,Wed 7/30,Home
BAL,Thu 7/31,OFF
BAL,Fri 8/1,Away at CHC
BAL,Sat 8/2,Away at CHC
BAL,Sun 8/3,Away at CHC
BAL,Mon 8/4,Away at PHI
BAL,Tue 8/5,Away at PHI
BAL,Wed 8/6,Away at PHI
BAL,Thu 8/7,OFF
BAL,Fri 8/8,Home
BAL,Sat 8/9,Home
BAL,Sun 8/10,Home
BAL,Mon 8/11,OFF
BAL,Tue 8/12,Home
BAL,Wed 8/13,Home
BAL,Thu 8/14,Home
BAL,Fri 8/15,Away at HOU
BAL,Sat 8/16,Away at HOU
BAL,Sun 8/17,Away at HOU
BAL,Mon 8/18,Away at BOS
BAL,Tue 8/19,Away at BOS
BAL,Wed 8/20,OFF
BAL,Thu 8/21,Home
BAL,Fri 8/22,Home
BAL,Sat 8/23,Home
BAL,Sun 8/24,Home
BAL,Mon 8/25,Home
BAL,Tue 8/26,Home
BAL,Wed 8/27,Home
BAL,Thu 8/28,Home
BAL,Fri 8/29,Away at SFG
BAL,Sat 8/30,Away at SFG
BAL,Sun 8/31,Away at SFG
BAL,Mon 9/1,Away at SDP
BAL,Tue 9/2,Away at SDP
BAL,Wed 9/3,Away at SDP
BAL,Thu 9/4,OFF
BAL,Fri 9/5,Home
BAL,Sat 9/6,Home
BAL,Sun 9/7,Home
BAL,Mon 9/8,OFF
BAL,Tue 9/9,Home
BAL,Wed 9/10,Home
BAL,Thu 9/11,Home
BAL,Fri 9/12,Away at TOR
BAL,Sat 9/13,Away at TOR
BAL,Sun 9/14,Away at TOR
BAL,Mon 9/15,Away at CHW
BAL,Tue 9/16,Away at CHW
BAL,Wed 9/17,Away at CHW
BAL,Thu 9/18,Home
BAL,Fri 9/19,Home
BAL,Sat 9/20,Home
BAL,Sun 9/21,Home
BAL,Mon 9/22,OFF
BAL,Tue 9/23,Home
BAL,Wed 9/24,Home
BAL,Thu 9/25,Home
BAL,Fri 9/26,Away at NYY
BAL,Sat 9/27,Away at NYY
BAL,Sun 9/28,Away at NYY
BOS,Wed 5/28,Away at MIL
BOS,Thu 5/29,OFF
BOS,Fri 5/30,Away at ATL
BOS,Sat 5/31,Away at ATL
BOS,Sun 6/1,Away at ATL
BOS,Mon 6/2,Home
BOS,Tue 6/3,Home
BOS,Wed 6/4,Home
BOS,Thu 6/5,OFF
BOS,Fri 6/6,Away at NYY
BOS,Sat 6/7,Away at NYY
BOS,Sun 6/8,Away at NYY
BOS,Mon 6/9,Home
BOS,Tue 6/10,Home
BOS,Wed 6/11,Home
BOS,Thu 6/12,OFF
BOS,Fri 6/13,Home
BOS,Sat 6/14,Home
BOS,Sun 6/15,Home
BOS,Mon 6/16,Away at SEA
BOS,Tue 6/17,Away at SEA
BOS,Wed 6/18,Away at SEA
BOS,Thu 6/19,OFF
BOS,Fri 6/20,Away at SFG
BOS,Sat 6/21,Away at SFG
BOS,Sun 6/22,Away at SFG
BOS,Mon 6/23,Away at LAA
BOS,Tue 6/24,Away at LAA
BOS,Wed 6/25,Away at LAA
BOS,Thu 6/26,OFF
BOS,Fri 6/27,Home
BOS,Sat 6/28,Home
BOS,Sun 6/29,Home
BOS,Mon 6/30,Home
BOS,Tue 7/1,Home
BOS,Wed 7/2,Home
BOS,Thu 7/3,OFF
BOS,Fri 7/4,Away at WSN
BOS,Sat 7/5,Away at WSN
BOS,Sun 7/6,Away at WSN
BOS,Mon 7/7,Home
BOS,Tue 7/8,Home
BOS,Wed 7/9,Home
BOS,Thu 7/10,Home
BOS,Fri 7/11,Home
BOS,Sat 7/12,Home
BOS,Sun 7/13,Home
BOS,Mon 7/14,OFF
BOS,Tue 7/15,OFF
BOS,Wed 7/16,OFF
BOS,Thu 7/17,OFF
BOS,Fri 7/18,Away at CHC
BOS,Sat 7/19,Away at CHC
BOS,Sun 7/20,Away at CHC
BOS,Mon 7/21,Away at PHI
BOS,Tue 7/22,Away at PHI
BOS,Wed 7/23,Away at PHI
BOS,Thu 7/24,OFF
BOS,Fri 7/25,Home
BOS,Sat 7/26,Home
BOS,Sun 7/27,Home
BOS,Mon 7/28,Away at MIN
BOS,Tue 7/29,Away at MIN
BOS,Wed 7/30,Away at MIN
BOS,Thu 7/31,OFF
BOS,Fri 8/1,Home
BOS,Sat 8/2,Home
BOS,Sun 8/3,Home
BOS,Mon 8/4,Home
BOS,Tue 8/5,Home
BOS,Wed 8/6,Home
BOS,Thu 8/7,OFF
BOS,Fri 8/8,Away at SDP
BOS,Sat 8/9,Away at SDP
BOS,Sun 8/10,Away at SDP
BOS,Mon 8/11,Away at HOU
BOS,Tue 8/12,Away at HOU
BOS,Wed 8/13,Away at HOU
BOS,Thu 8/14,OFF
BOS,Fri 8/15,Home
BOS,Sat 8/16,Home
BOS,Sun 8/17,Home
BOS,Mon 8/18,Home
BOS,Tue 8/19,Home
BOS,Wed 8/20,OFF
BOS,Thu 8/21,Away at NYY
BOS,Fri 8/22,Away at NYY
BOS,Sat 8/23,Away at NYY
BOS,Sun 8/24,Away at NYY
BOS,Mon 8/25,Away at BAL
BOS,Tue 8/26,Away at BAL
BOS,Wed 8/27,Away at BAL
BOS,Thu 8/28,Away at BAL
BOS,Fri 8/29,Home
BOS,Sat 8/30,Home
BOS,Sun 8/31,Home
BOS,Mon 9/1,Home
BOS,Tue 9/2,Home
BOS,Wed 9/3,Home
BOS,Thu 9/4,OFF
BOS,Fri 9/5,Away at ARI
BOS,Sat 9/6,Away at ARI
BOS,Sun 9/7,Away at ARI
BOS,Mon 9/8,Away at ATH
BOS,Tue 9/9,Away at ATH
BOS,Wed 9/10,Away at ATH
BOS,Thu 9/11,OFF
BOS,Fri 9/12,Home
BOS,Sat 9/13,Home
BOS,Sun 9/14,Home
BOS,Mon 9/15,OFF
BOS,Tue 9/16,Home
BOS,Wed 9/17,Home
BOS,Thu 9/18,Home
BOS,Fri 9/19,Away at TBR
BOS,Sat 9/20,Away at TBR
BOS,Sun 9/21,Away at TBR
BOS,Mon 9/22,OFF
BOS,Tue 9/23,Away at TOR
BOS,Wed 9/24,Away at TOR
BOS,Thu 9/25,Away at TOR
BOS,Fri 9/26,Home
BOS,Sat 9/27,Home
BOS,Sun 9/28,Home
NYY,Wed 5/28,Away at LAA
NYY,Thu 5/29,OFF
NYY,Fri 5/30,Away at LAD
NYY,Sat 5/31,Away at LAD
NYY,Sun 6/1,Away at LAD
NYY,Mon 6/2,OFF
NYY,Tue 6/3,Home
NYY,Wed 6/4,Home
NYY,Thu 6/5,Home
NYY,Fri 6/6,Home
NYY,Sat 6/7,Home
NYY,Sun 6/8,Home
NYY,Mon 6/9,OFF
NYY,Tue 6/10,Away at KCR
NYY,Wed 6/11,Away at KCR
NYY,Thu 6/12,Away at KCR
NYY,Fri 6/13,Away at BOS
NYY,Sat 6/14,Away at BOS
NYY,Sun 6/15,Away at BOS
NYY,Mon 6/16,Home
NYY,Tue 6/17,Home
NYY,Wed 6/18,Home
NYY,Thu 6/19,Home
NYY,Fri 6/20,Home
NYY,Sat 6/21,Home
NYY,Sun 6/22,Home
NYY,Mon 6/23,Away at CIN
NYY,Tue 6/24,Away at CIN
NYY,Wed 6/25,Away at CIN
NYY,Thu 6/26,OFF
NYY,Fri 6/27,Home
NYY,Sat 6/28,Home
NYY,Sun 6/29,Home
NYY,Mon 6/30,Away at TOR
NYY,Tue 7/1,Away at TOR
NYY,Wed 7/2,Away at TOR
NYY,Thu 7/3,Away at TOR
NYY,Fri 7/4,Away at NYM
NYY,Sat 7/5,Away at NYM
NYY,Sun 7/6,Away at NYM
NYY,Mon 7/7,OFF
NYY,Tue 7/8,Home
NYY,Wed 7/9,Home
NYY,Thu 7/10,Home
NYY,Fri 7/11,Home
NYY,Sat 7/12,Home
NYY,Sun 7/13,Home
NYY,Mon 7/14,OFF
NYY,Tue 7/15,OFF
NYY,Wed 7/16,OFF
NYY,Thu 7/17,OFF
NYY,Fri 7/18,Away at ATL
NYY,Sat 7/19,Away at ATL
NYY,Sun 7/20,Away at ATL
NYY,Mon 7/21,Away at TOR
NYY,Tue 7/22,Away at TOR
NYY,Wed 7/23,Away at TOR
NYY,Thu 7/24,OFF
NYY,Fri 7/25,Home
NYY,Sat 7/26,Home
NYY,Sun 7/27,Home
NYY,Mon 7/28,Home
NYY,Tue 7/29,Home
NYY,Wed 7/30,Home
NYY,Thu 7/31,Home
NYY,Fri 8/1,Away at MIA
NYY,Sat 8/2,Away at MIA
NYY,Sun 8/3,Away at MIA
NYY,Mon 8/4,Away at TEX
NYY,Tue 8/5,Away at TEX
NYY,Wed 8/6,Away at TEX
NYY,Thu 8/7,OFF
NYY,Fri 8/8,Home
NYY,Sat 8/9,Home
NYY,Sun 8/10,Home
NYY,Mon 8/11,Home
NYY,Tue 8/12,Home
NYY,Wed 8/13,Home
NYY,Thu 8/14,OFF
NYY,Fri 8/15,Away at STL
NYY,Sat 8/16,Away at STL
NYY,Sun 8/17,Away at STL
NYY,Mon 8/18,OFF
NYY,Tue 8/19,Away at TBR
NYY,Wed 8/20,Away at TBR
NYY,Thu 8/21,Home
NYY,Fri 8/22,Home
NYY,Sat 8/23,Home
NYY,Sun 8/24,Home
NYY,Mon 8/25,Home
NYY,Tue 8/26,Home
NYY,Wed 8/27,Home
NYY,Thu 8/28,Away at CHW
NYY,Fri 8/29,Away at CHW
NYY,Sat 8/30,Away at CHW
NYY,Sun 8/31,Away at CHW
NYY,Mon 9/1,OFF
NYY,Tue 9/2,Away at HOU
NYY,Wed 9/3,Away at HOU
NYY,Thu 9/4,Away at HOU
NYY,Fri 9/5,Home
NYY,Sat 9/6,Home
NYY,Sun 9/7,Home
NYY,Mon 9/8,OFF
NYY,Tue 9/9,Home
NYY,Wed 9/10,Home
NYY,Thu 9/11,Home
NYY,Fri 9/12,Away at BOS
NYY,Sat 9/13,Away at BOS
NYY,Sun 9/14,Away at BOS
NYY,Mon 9/15,Away at MIN
NYY,Tue 9/16,Away at MIN
NYY,Wed 9/17,Away at MIN
NYY,Thu 9/18,Away at BAL
NYY,Fri 9/19,Away at BAL
NYY,Sat 9/20,Away at BAL
NYY,Sun 9/21,Away at BAL
NYY,Mon 9/22,OFF
NYY,Tue 9/23,Home
NYY,Wed 9/24,Home
NYY,Thu 9/25,Home
NYY,Fri 9/26,Home
NYY,Sat 9/27,Home
NYY,Sun 9/28,Home
TBR,Wed 5/28,Home
TBR,Thu 5/29,Away at HOU
TBR,Fri 5/30,Away at HOU
TBR,Sat 5/31,Away at HOU
TBR,Sun 6/1,Away at HOU
TBR,Mon 6/2,OFF
TBR,Tue 6/3,Home
TBR,Wed 6/4,Home
TBR,Thu 6/5,Home
TBR,Fri 6/6,Home
TBR,Sat 6/7,Home
TBR,Sun 6/8,Home
TBR,Mon 6/9,Away at BOS
TBR,Tue 6/10,Away at BOS
TBR,Wed 6/11,Away at BOS
TBR,Thu 6/12,OFF
TBR,Fri 6/13,Away at NYM
TBR,Sat 6/14,Away at NYM
TBR,Sun 6/15,Away at NYM
TBR,Mon 6/16,Home
TBR,Tue 6/17,Home
TBR,Wed 6/18,Home
TBR,Thu 6/19,Home
TBR,Fri 6/20,Home
TBR,Sat 6/21,Home
TBR,Sun 6/22,Home
TBR,Mon 6/23,OFF
TBR,Tue 6/24,Away at KCR
TBR,Wed 6/25,Away at KCR
TBR,Thu 6/26,Away at KCR
TBR,Fri 6/27,Away at BAL
TBR,Sat 6/28,Away at BAL
TBR,Sun 6/29,Away at BAL
TBR,Mon 6/30,Home
TBR,Tue 7/1,Home
TBR,Wed 7/2,Home
TBR,Thu 7/3,OFF
TBR,Fri 7/4,Away at MIN
TBR,Sat 7/5,Away at MIN
TBR,Sun 7/6,Away at MIN
TBR,Mon 7/7,Away at DET
TBR,Tue 7/8,Away at DET
TBR,Wed 7/9,Away at DET
TBR,Thu 7/10,Away at BOS
TBR,Fri 7/11,Away at BOS
TBR,Sat 7/12,Away at BOS
TBR,Sun 7/13,Away at BOS
TBR,Mon 7/14,OFF
TBR,Tue 7/15,OFF
TBR,Wed 7/16,OFF
TBR,Thu 7/17,OFF
TBR,Fri 7/18,Home
TBR,Sat 7/19,Home
TBR,Sun 7/20,Home
TBR,Mon 7/21,Home
TBR,Tue 7/22,Home
TBR,Wed 7/23,Home
TBR,Thu 7/24,OFF
TBR,Fri 7/25,Away at CIN
TBR,Sat 7/26,Away at CIN
TBR,Sun 7/27,Away at CIN
TBR,Mon 7/28,Away at NYY
TBR,Tue 7/29,Away at NYY
TBR,Wed 7/30,Away at NYY
TBR,Thu 7/31,Away at NYY
TBR,Fri 8/1,Home
TBR,Sat 8/2,Home
TBR,Sun 8/3,Home
TBR,Mon 8/4,Away at LAA
TBR,Tue 8/5,Away at LAA
TBR,Wed 8/6,Away at LAA
TBR,Thu 8/7,OFF
TBR,Fri 8/8,Away at SEA
TBR,Sat 8/9,Away at SEA
TBR,Sun 8/10,Away at SEA
TBR,Mon 8/11,Away at ATH
TBR,Tue 8/12,Away at ATH
TBR,Wed 8/13,Away at ATH
TBR,Thu 8/14,OFF
TBR,Fri 8/15,Away at SFG
TBR,Sat 8/16,Away at SFG
TBR,Sun 8/17,Away at SFG
TBR,Mon 8/18,OFF
TBR,Tue 8/19,Home
TBR,Wed 8/20,Home
TBR,Thu 8/21,OFF
TBR,Fri 8/22,Home
TBR,Sat 8/23,Home
TBR,Sun 8/24,Home
TBR,Mon 8/25,Away at CLE
TBR,Tue 8/26,Away at CLE
TBR,Wed 8/27,Away at CLE
TBR,Thu 8/28,OFF
TBR,Fri 8/29,Away at WSN
TBR,Sat 8/30,Away at WSN
TBR,Sun 8/31,Away at WSN
TBR,Mon 9/1,Home
TBR,Tue 9/2,Home
TBR,Wed 9/3,Home
TBR,Thu 9/4,Home
TBR,Fri 9/5,Home
TBR,Sat 9/6,Home
TBR,Sun 9/7,Home
TBR,Mon 9/8,OFF
TBR,Tue 9/9,Away at CHW
TBR,Wed 9/10,Away at CHW
TBR,Thu 9/11,Away at CHW
TBR,Fri 9/12,Away at CHC
TBR,Sat 9/13,Away at CHC
TBR,Sun 9/14,Away at CHC
TBR,Mon 9/15,Home
TBR,Tue 9/16,Home
TBR,Wed 9/17,Home
TBR,Thu 9/18,Home
TBR,Fri 9/19,Home
TBR,Sat 9/20,Home
TBR,Sun 9/21,Home
TBR,Mon 9/22,OFF
TBR,Tue 9/23,Away at BAL
TBR,Wed 9/24,Away at BAL
TBR,Thu 9/25,Away at BAL
TBR,Fri 9/26,Away at TOR
TBR,Sat 9/27,Away at TOR
TBR,Sun 9/28,Away at TOR
TOR,Wed 5/28,Away at TEX
TOR,Thu 5/29,Home
TOR,Fri 5/30,Home
TOR,Sat 5/31,Home
TOR,Sun 6/1,Home
TOR,Mon 6/2,OFF
TOR,Tue 6/3,Home
TOR,Wed 6/4,Home
TOR,Thu 6/5,Home
TOR,Fri 6/6,Away at MIN
TOR,Sat 6/7,Away at MIN
TOR,Sun 6/8,Away at MIN
TOR,Mon 6/9,Away at STL
TOR,Tue 6/10,Away at STL
TOR,Wed 6/11,Away at STL
TOR,Thu 6/12,OFF
TOR,Fri 6/13,Away at PHI
TOR,Sat 6/14,Away at PHI
TOR,Sun 6/15,Away at PHI
TOR,Mon 6/16,OFF
TOR,Tue 6/17,Home
TOR,Wed 6/18,Home
TOR,Thu 6/19,Home
TOR,Fri 6/20,Home
TOR,Sat 6/21,Home
TOR,Sun 6/22,Home
TOR,Mon 6/23,OFF
TOR,Tue 6/24,Away at CLE
TOR,Wed 6/25,Away at CLE
TOR,Thu 6/26,Away at CLE
TOR,Fri 6/27,Away at BOS
TOR,Sat 6/28,Away at BOS
TOR,Sun 6/29,Away at BOS
TOR,Mon 6/30,Home
TOR,Tue 7/1,Home
TOR,Wed 7/2,Home
TOR,Thu 7/3,Home
TOR,Fri 7/4,Home
TOR,Sat 7/5,Home
TOR,Sun 7/6,Home
TOR,Mon 7/7,Away at CHW
TOR,Tue 7/8,Away at CHW
TOR,Wed 7/9,Away at CHW
TOR,Thu 7/10,OFF
TOR,Fri 7/11,Away at ATH
TOR,Sat 7/12,Away at ATH
TOR,Sun 7/13,Away at ATH
TOR,Mon 7/14,OFF
TOR,Tue 7/15,OFF
TOR,Wed 7/16,OFF
TOR,Thu 7/17,OFF
TOR,Fri 7/18,Home
TOR,Sat 7/19,Home
TOR,Sun 7/20,Home
TOR,Mon 7/21,Home
TOR,Tue 7/22,Home
TOR,Wed 7/23,Home
TOR,Thu 7/24,Away at DET
TOR,Fri 7/25,Away at DET
TOR,Sat 7/26,Away at DET
TOR,Sun 7/27,Away at DET
TOR,Mon 7/28,Away at BAL
TOR,Tue 7/29,Away at BAL (2)
TOR,Wed 7/30,Away at BAL
TOR,Thu 7/31,OFF
TOR,Fri 8/1,Home
TOR,Sat 8/2,Home
TOR,Sun 8/3,Home
TOR,Mon 8/4,Away at COL
TOR,Tue 8/5,Away at COL
TOR,Wed 8/6,Away at COL
TOR,Thu 8/7,OFF
TOR,Fri 8/8,Away at LAD
TOR,Sat 8/9,Away at LAD
TOR,Sun 8/10,Away at LAD
TOR,Mon 8/11,OFF
TOR,Tue 8/12,Home
TOR,Wed 8/13,Home
TOR,Thu 8/14,Home
TOR,Fri 8/15,Home
TOR,Sat 8/16,Home
TOR,Sun 8/17,Home
TOR,Mon 8/18,Away at PIT
TOR,Tue 8/19,Away at PIT
TOR,Wed 8/20,Away at PIT
TOR,Thu 8/21,OFF
TOR,Fri 8/22,Away at MIA
TOR,Sat 8/23,Away at MIA
TOR,Sun 8/24,Away at MIA
TOR,Mon 8/25,Home
TOR,Tue 8/26,Home
TOR,Wed 8/27,Home
TOR,Thu 8/28,OFF
TOR,Fri 8/29,Home
TOR,Sat 8/30,Home
TOR,Sun 8/31,Home
TOR,Mon 9/1,Away at CIN
TOR,Tue 9/2,Away at CIN
TOR,Wed 9/3,Away at CIN
TOR,Thu 9/4,OFF
TOR,Fri 9/5,Away at NYY
TOR,Sat 9/6,Away at NYY
TOR,Sun 9/7,Away at NYY
TOR,Mon 9/8,OFF
TOR,Tue 9/9,Home
TOR,Wed 9/10,Home
TOR,Thu 9/11,Home
TOR,Fri 9/12,Home
TOR,Sat 9/13,Home
TOR,Sun 9/14,Home
TOR,Mon 9/15,Away at TBR
TOR,Tue 9/16,Away at TBR
TOR,Wed 9/17,Away at TBR
TOR,Thu 9/18,Away at TBR
TOR,Fri 9/19,Away at KCR
TOR,Sat 9/20,Away at KCR
TOR,Sun 9/21,Away at KCR
TOR,Mon 9/22,OFF
TOR,Tue 9/23,Home
TOR,Wed 9/24,Home
TOR,Thu 9/25,Home
TOR,Fri 9/26,Home
TOR,Sat 9/27,Home
TOR,Sun 9/28,Home
CHW,Wed 5/28,Away at NYM
CHW,Thu 5/29,OFF
CHW,Fri 5/30,Away at BAL
CHW,Sat 5/31,Away at BAL
CHW,Sun 6/1,Away at BAL
CHW,Mon 6/2,Home
CHW,Tue 6/3,Home
CHW,Wed 6/4,Home
CHW,Thu 6/5,Home
CHW,Fri 6/6,Home
CHW,Sat 6/7,Home
CHW,Sun 6/8,Home
CHW,Mon 6/9,OFF
CHW,Tue 6/10,Away at HOU
CHW,Wed 6/11,Away at HOU
CHW,Thu 6/12,Away at HOU
CHW,Fri 6/13,Away at TEX
CHW,Sat 6/14,Away at TEX
CHW,Sun 6/15,Away at TEX
CHW,Mon 6/16,OFF
CHW,Tue 6/17,Home
CHW,Wed 6/18,Home
CHW,Thu 6/19,Home
CHW,Fri 6/20,Away at TOR
CHW,Sat 6/21,Away at TOR
CHW,Sun 6/22,Away at TOR
CHW,Mon 6/23,Home
CHW,Tue 6/24,Home
CHW,Wed 6/25,Home
CHW,Thu 6/26,OFF
CHW,Fri 6/27,Home
CHW,Sat 6/28,Home
CHW,Sun 6/29,Home
CHW,Mon 6/30,OFF
CHW,Tue 7/1,Away at LAD
CHW,Wed 7/2,Away at LAD
CHW,Thu 7/3,Away at LAD
CHW,Fri 7/4,Away at COL
CHW,Sat 7/5,Away at COL
CHW,Sun 7/6,Away at COL
CHW,Mon 7/7,Home
CHW,Tue 7/8,Home
CHW,Wed 7/9,Home
CHW,Thu 7/10,Home
CHW,Fri 7/11,Home
CHW,Sat 7/12,Home
CHW,Sun 7/13,Home
CHW,Mon 7/14,OFF
CHW,Tue 7/15,OFF
CHW,Wed 7/16,OFF
CHW,Thu 7/17,OFF
CHW,Fri 7/18,Away at PIT
CHW,Sat 7/19,Away at PIT
CHW,Sun 7/20,Away at PIT
CHW,Mon 7/21,Away at TBR
CHW,Tue 7/22,Away at TBR
CHW,Wed 7/23,Away at TBR
CHW,Thu 7/24,OFF
CHW,Fri 7/25,Home
CHW,Sat 7/26,Home
CHW,Sun 7/27,Home
CHW,Mon 7/28,Home
CHW,Tue 7/29,Home
CHW,Wed 7/30,Home
CHW,Thu 7/31,OFF
CHW,Fri 8/1,Away at LAA
CHW,Sat 8/2,Away at LAA
CHW,Sun 8/3,Away at LAA
CHW,Mon 8/4,OFF
CHW,Tue 8/5,Away at SEA
CHW,Wed 8/6,Away at SEA
CHW,Thu 8/7,Away at SEA
CHW,Fri 8/8,Home
CHW,Sat 8/9,Home
CHW,Sun 8/10,Home
CHW,Mon 8/11,Home
CHW,Tue 8/12,Home
CHW,Wed 8/13,Home
CHW,Thu 8/14,OFF
CHW,Fri 8/15,Away at KCR
CHW,Sat 8/16,Away at KCR
CHW,Sun 8/17,Away at KCR
CHW,Mon 8/18,Away at ATL
CHW,Tue 8/19,Away at ATL
CHW,Wed 8/20,Away at ATL
CHW,Thu 8/21,OFF
CHW,Fri 8/22,Home
CHW,Sat 8/23,Home
CHW,Sun 8/24,Home
CHW,Mon 8/25,Home
CHW,Tue 8/26,Home
CHW,Wed 8/27,Home
CHW,Thu 8/28,Home
CHW,Fri 8/29,Home
CHW,Sat 8/30,Home
CHW,Sun 8/31,Home
CHW,Mon 9/1,Away at MIN
CHW,Tue 9/2,Away at MIN
CHW,Wed 9/3,Away at MIN
CHW,Thu 9/4,Away at MIN
CHW,Fri 9/5,Away at DET
CHW,Sat 9/6,Away at DET
CHW,Sun 9/7,Away at DET
CHW,Mon 9/8,OFF
CHW,Tue 9/9,Home
CHW,Wed 9/10,Home
CHW,Thu 9/11,Home
CHW,Fri 9/12,Away at CLE
CHW,Sat 9/13,Away at CLE
CHW,Sun 9/14,Away at CLE
CHW,Mon 9/15,Home
CHW,Tue 9/16,Home
CHW,Wed 9/17,Home
CHW,Thu 9/18,OFF
CHW,Fri 9/19,Home
CHW,Sat 9/20,Home
CHW,Sun 9/21,Home
CHW,Mon 9/22,OFF
CHW,Tue 9/23,Away at NYY
CHW,Wed 9/24,Away at NYY
CHW,Thu 9/25,Away at NYY
CHW,Fri 9/26,Away at WSN
CHW,Sat 9/27,Away at WSN
CHW,Sun 9/28,Away at WSN
CLE,Wed 5/28,Home
CLE,Thu 5/29,OFF
CLE,Fri 5/30,Home
CLE,Sat 5/31,Home
CLE,Sun 6/1,Home
CLE,Mon 6/2,OFF
CLE,Tue 6/3,Away at NYY
CLE,Wed 6/4,Away at NYY
CLE,Thu 6/5,Away at NYY
CLE,Fri 6/6,Home
CLE,Sat 6/7,Home
CLE,Sun 6/8,Home
CLE,Mon 6/9,Home
CLE,Tue 6/10,Home
CLE,Wed 6/11,Home
CLE,Thu 6/12,OFF
CLE,Fri 6/13,Away at SEA
CLE,Sat 6/14,Away at SEA
CLE,Sun 6/15,Away at SEA
CLE,Mon 6/16,OFF
CLE,Tue 6/17,Away at SFG
CLE,Wed 6/18,Away at SFG
CLE,Thu 6/19,Away at SFG
CLE,Fri 6/20,Away at ATH
CLE,Sat 6/21,Away at ATH
CLE,Sun 6/22,Away at ATH
CLE,Mon 6/23,OFF
CLE,Tue 6/24,Home
CLE,Wed 6/25,Home
CLE,Thu 6/26,Home
CLE,Fri 6/27,Home
CLE,Sat 6/28,Home
CLE,Sun 6/29,Home
CLE,Mon 6/30,OFF
CLE,Tue 7/1,Away at CHC
CLE,Wed 7/2,Away at CHC
CLE,Thu 7/3,Away at CHC
CLE,Fri 7/4,Home
CLE,Sat 7/5,Home
CLE,Sun 7/6,Home
CLE,Mon 7/7,Away at HOU
CLE,Tue 7/8,Away at HOU
CLE,Wed 7/9,Away at HOU
CLE,Thu 7/10,Away at CHW
CLE,Fri 7/11,Away at CHW
CLE,Sat 7/12,Away at CHW
CLE,Sun 7/13,Away at CHW
CLE,Mon 7/14,OFF
CLE,Tue 7/15,OFF
CLE,Wed 7/16,OFF
CLE,Thu 7/17,OFF
CLE,Fri 7/18,Home
CLE,Sat 7/19,Home
CLE,Sun 7/20,Home
CLE,Mon 7/21,Home
CLE,Tue 7/22,Home
CLE,Wed 7/23,Home
CLE,Thu 7/24,Home
CLE,Fri 7/25,Away at KCR
CLE,Sat 7/26,Away at KCR
CLE,Sun 7/27,Away at KCR
CLE,Mon 7/28,Home
CLE,Tue 7/29,Home
CLE,Wed 7/30,Home
CLE,Thu 7/31,OFF
CLE,Fri 8/1,Home
CLE,Sat 8/2,Home
CLE,Sun 8/3,Home
CLE,Mon 8/4,Away at NYM
CLE,Tue 8/5,Away at NYM
CLE,Wed 8/6,Away at NYM
CLE,Thu 8/7,OFF
CLE,Fri 8/8,Away at CHW
CLE,Sat 8/9,Away at CHW
CLE,Sun 8/10,Away at CHW
CLE,Mon 8/11,OFF
CLE,Tue 8/12,Home
CLE,Wed 8/13,Home
CLE,Thu 8/14,Home
CLE,Fri 8/15,Home
CLE,Sat 8/16,Home
CLE,Sun 8/17,Home
CLE,Mon 8/18,Away at ARI
CLE,Tue 8/19,Away at ARI
CLE,Wed 8/20,Away at ARI
CLE,Thu 8/21,OFF
CLE,Fri 8/22,Away at TEX
CLE,Sat 8/23,Away at TEX
CLE,Sun 8/24,Away at TEX
CLE,Mon 8/25,Home
CLE,Tue 8/26,Home
CLE,Wed 8/27,Home
CLE,Thu 8/28,OFF
CLE,Fri 8/29,Home
CLE,Sat 8/30,Home
CLE,Sun 8/31,Home
CLE,Mon 9/1,Away at BOS
CLE,Tue 9/2,Away at BOS
CLE,Wed 9/3,Away at BOS
CLE,Thu 9/4,Away at TBR
CLE,Fri 9/5,Away at TBR
CLE,Sat 9/6,Away at TBR
CLE,Sun 9/7,Away at TBR
CLE,Mon 9/8,Home
CLE,Tue 9/9,Home
CLE,Wed 9/10,Home
CLE,Thu 9/11,Home
CLE,Fri 9/12,Home
CLE,Sat 9/13,Home
CLE,Sun 9/14,Home
CLE,Mon 9/15,OFF
CLE,Tue 9/16,Away at DET
CLE,Wed 9/17,Away at DET
CLE,Thu 9/18,Away at DET
CLE,Fri 9/19,Away at MIN
CLE,Sat 9/20,Away at MIN (2)
CLE,Sun 9/21,Away at MIN
CLE,Mon 9/22,OFF
CLE,Tue 9/23,Home
CLE,Wed 9/24,Home
CLE,Thu 9/25,Home
CLE,Fri 9/26,Home
CLE,Sat 9/27,Home
CLE,Sun 9/28,Home
DET,Wed 5/28,Home
DET,Thu 5/29,OFF
DET,Fri 5/30,Away at KCR
DET,Sat 5/31,Away at KCR
DET,Sun 6/1,Away at KCR
DET,Mon 6/2,Away at CHW
DET,Tue 6/3,Away at CHW
DET,Wed 6/4,Away at CHW
DET,Thu 6/5,Away at CHW
DET,Fri 6/6,Home
DET,Sat 6/7,Home
DET,Sun 6/8,Home
DET,Mon 6/9,OFF
DET,Tue 6/10,Away at BAL
DET,Wed 6/11,Away at BAL
DET,Thu 6/12,Away at BAL
DET,Fri 6/13,Home
DET,Sat 6/14,Home
DET,Sun 6/15,Home
DET,Mon 6/16,OFF
DET,Tue 6/17,Home
DET,Wed 6/18,Home
DET,Thu 6/19,Home
DET,Fri 6/20,Away at TBR
DET,Sat 6/21,Away at TBR
DET,Sun 6/22,Away at TBR
DET,Mon 6/23,OFF
DET,Tue 6/24,Home
DET,Wed 6/25,Home
DET,Thu 6/26,Home
DET,Fri 6/27,Home
DET,Sat 6/28,Home
DET,Sun 6/29,Home
DET,Mon 6/30,OFF
DET,Tue 7/1,Away at WSN
DET,Wed 7/2,Away at WSN
DET,Thu 7/3,Away at WSN
DET,Fri 7/4,Away at CLE
DET,Sat 7/5,Away at CLE
DET,Sun 7/6,Away at CLE
DET,Mon 7/7,Home
DET,Tue 7/8,Home
DET,Wed 7/9,Home
DET,Thu 7/10,OFF
DET,Fri 7/11,Home
DET,Sat 7/12,Home
DET,Sun 7/13,Home
DET,Mon 7/14,OFF
DET,Tue 7/15,OFF
DET,Wed 7/16,OFF
DET,Thu 7/17,OFF
DET,Fri 7/18,Away at TEX
DET,Sat 7/19,Away at TEX
DET,Sun 7/20,Away at TEX
DET,Mon 7/21,Away at PIT
DET,Tue 7/22,Away at PIT
DET,Wed 7/23,Away at PIT
DET,Thu 7/24,Home
DET,Fri 7/25,Home
DET,Sat 7/26,Home
DET,Sun 7/27,Home
DET,Mon 7/28,Home
DET,Tue 7/29,Home
DET,Wed 7/30,Home
DET,Thu 7/31,OFF
DET,Fri 8/1,Away at PHI
DET,Sat 8/2,Away at PHI
DET,Sun 8/3,Away at PHI
DET,Mon 8/4,Home
DET,Tue 8/5,Home
DET,Wed 8/6,Home
DET,Thu 8/7,OFF
DET,Fri 8/8,Home
DET,Sat 8/9,Home
DET,Sun 8/10,Home
DET,Mon 8/11,Away at CHW
DET,Tue 8/12,Away at CHW
DET,Wed 8/13,Away at CHW
DET,Thu 8/14,Away at MIN
DET,Fri 8/15,Away at MIN
DET,Sat 8/16,Away at MIN
DET,Sun 8/17,Away at MIN
DET,Mon 8/18,Home
DET,Tue 8/19,Home
DET,Wed 8/20,Home
DET,Thu 8/21,OFF
DET,Fri 8/22,Home
DET,Sat 8/23,Home
DET,Sun 8/24,Home
DET,Mon 8/25,Away at ATH
DET,Tue 8/26,Away at ATH
DET,Wed 8/27,Away at ATH
DET,Thu 8/28,OFF
DET,Fri 8/29,Away at KCR
DET,Sat 8/30,Away at KCR
DET,Sun 8/31,Away at KCR
DET,Mon 9/1,Home
DET,Tue 9/2,Home
DET,Wed 9/3,Home
DET,Thu 9/4,OFF
DET,Fri 9/5,Home
DET,Sat 9/6,Home
DET,Sun 9/7,Home
DET,Mon 9/8,OFF
DET,Tue 9/9,Away at NYY
DET,Wed 9/10,Away at NYY
DET,Thu 9/11,Away at NYY
DET,Fri 9/12,Away at MIA
DET,Sat 9/13,Away at MIA
DET,Sun 9/14,Away at MIA
DET,Mon 9/15,OFF
DET,Tue 9/16,Home
DET,Wed 9/17,Home
DET,Thu 9/18,Home
DET,Fri 9/19,Home
DET,Sat 9/20,Home
DET,Sun 9/21,Home
DET,Mon 9/22,OFF
DET,Tue 9/23,Away at CLE
DET,Wed 9/24,Away at CLE
DET,Thu 9/25,Away at CLE
DET,Fri 9/26,Away at BOS
DET,Sat 9/27,Away at BOS
DET,Sun 9/28,Away at BOS
KCR,Wed 5/28,Home
KCR,Thu 5/29,OFF
KCR,Fri 5/30,Home
KCR,Sat 5/31,Home
KCR,Sun 6/1,Home
KCR,Mon 6/2,OFF
KCR,Tue 6/3,Away at STL
KCR,Wed 6/4,Away at STL
KCR,Thu 6/5,Away at STL
KCR,Fri 6/6,Away at CHW
KCR,Sat 6/7,Away at CHW
KCR,Sun 6/8,Away at CHW
KCR,Mon 6/9,OFF
KCR,Tue 6/10,Home
KCR,Wed 6/11,Home
KCR,Thu 6/12,Home
KCR,Fri 6/13,Home
KCR,Sat 6/14,Home
KCR,Sun 6/15,Home
KCR,Mon 6/16,OFF
KCR,Tue 6/17,Away at TEX
KCR,Wed 6/18,Away at TEX
KCR,Thu 6/19,Away at TEX
KCR,Fri 6/20,Away at SDP
KCR,Sat 6/21,Away at SDP
KCR,Sun 6/22,Away at SDP
KCR,Mon 6/23,OFF
KCR,Tue 6/24,Home
KCR,Wed 6/25,Home
KCR,Thu 6/26,Home
KCR,Fri 6/27,Home
KCR,Sat 6/28,Home
KCR,Sun 6/29,Home
KCR,Mon 6/30,Away at SEA
KCR,Tue 7/1,Away at SEA
KCR,Wed 7/2,Away at SEA
KCR,Thu 7/3,Away at SEA
KCR,Fri 7/4,Away at ARI
KCR,Sat 7/5,Away at ARI
KCR,Sun 7/6,Away at ARI
KCR,Mon 7/7,Home
KCR,Tue 7/8,Home
KCR,Wed 7/9,Home
KCR,Thu 7/10,OFF
KCR,Fri 7/11,Home
KCR,Sat 7/12,Home
KCR,Sun 7/13,Home
KCR,Mon 7/14,OFF
KCR,Tue 7/15,OFF
KCR,Wed 7/16,OFF
KCR,Thu 7/17,OFF
KCR,Fri 7/18,Away at MIA
KCR,Sat 7/19,Away at MIA
KCR,Sun 7/20,Away at MIA
KCR,Mon 7/21,Away at CHC
KCR,Tue 7/22,Away at CHC
KCR,Wed 7/23,Away at CHC
KCR,Thu 7/24,OFF
KCR,Fri 7/25,Home
KCR,Sat 7/26,Home
KCR,Sun 7/27,Home
KCR,Mon 7/28,Home
KCR,Tue 7/29,Home
KCR,Wed 7/30,Home
KCR,Thu 7/31,OFF
KCR,Fri 8/1,Away at TOR
KCR,Sat 8/2,Away at TOR
KCR,Sun 8/3,Away at TOR
KCR,Mon 8/4,Away at BOS
KCR,Tue 8/5,Away at BOS
KCR,Wed 8/6,Away at BOS
KCR,Thu 8/7,OFF
KCR,Fri 8/8,Away at MIN
KCR,Sat 8/9,Away at MIN
KCR,Sun 8/10,Away at MIN
KCR,Mon 8/11,Home
KCR,Tue 8/12,Home
KCR,Wed 8/13,Home
KCR,Thu 8/14,OFF
KCR,Fri 8/15,Home
KCR,Sat 8/16,Home
KCR,Sun 8/17,Home
KCR,Mon 8/18,Home
KCR,Tue 8/19,Home
KCR,Wed 8/20,Home
KCR,Thu 8/21,Home
KCR,Fri 8/22,Away at DET
KCR,Sat 8/23,Away at DET
KCR,Sun 8/24,Away at DET
KCR,Mon 8/25,Away at CHW
KCR,Tue 8/26,Away at CHW
KCR,Wed 8/27,Away at CHW
KCR,Thu 8/28,OFF
KCR,Fri 8/29,Home
KCR,Sat 8/30,Home
KCR,Sun 8/31,Home
KCR,Mon 9/1,OFF
KCR,Tue 9/2,Home
KCR,Wed 9/3,Home
KCR,Thu 9/4,Home
KCR,Fri 9/5,Home
KCR,Sat 9/6,Home
KCR,Sun 9/7,Home
KCR,Mon 9/8,Away at CLE
KCR,Tue 9/9,Away at CLE
KCR,Wed 9/10,Away at CLE
KCR,Thu 9/11,Away at CLE
KCR,Fri 9/12,Away at PHI
KCR,Sat 9/13,Away at PHI
KCR,Sun 9/14,Away at PHI
KCR,Mon 9/15,OFF
KCR,Tue 9/16,Home
KCR,Wed 9/17,Home
KCR,Thu 9/18,Home
KCR,Fri 9/19,Home
KCR,Sat 9/20,Home
KCR,Sun 9/21,Home
KCR,Mon 9/22,OFF
KCR,Tue 9/23,Away at LAA
KCR,Wed 9/24,Away at LAA
KCR,Thu 9/25,Away at LAA
KCR,Fri 9/26,Away at ATH
KCR,Sat 9/27,Away at ATH
KCR,Sun 9/28,Away at ATH
MIN,Wed 5/28,Away at TBR
MIN,Thu 5/29,OFF
MIN,Fri 5/30,Away at SEA
MIN,Sat 5/31,Away at SEA
MIN,Sun 6/1,Away at SEA
MIN,Mon 6/2,Away at ATH
MIN,Tue 6/3,Away at ATH
MIN,Wed 6/4,Away at ATH
MIN,Thu 6/5,Away at ATH
MIN,Fri 6/6,Home
MIN,Sat 6/7,Home
MIN,Sun 6/8,Home
MIN,Mon 6/9,OFF
MIN,Tue 6/10,Home
MIN,Wed 6/11,Home
MIN,Thu 6/12,Home
MIN,Fri 6/13,Away at HOU
MIN,Sat 6/14,Away at HOU
MIN,Sun 6/15,Away at HOU
MIN,Mon 6/16,OFF
MIN,Tue 6/17,Away at CIN
MIN,Wed 6/18,Away at CIN
MIN,Thu 6/19,Away at CIN
MIN,Fri 6/20,Home
MIN,Sat 6/21,Home
MIN,Sun 6/22,Home
MIN,Mon 6/23,Home
MIN,Tue 6/24,Home
MIN,Wed 6/25,Home
MIN,Thu 6/26,Home
MIN,Fri 6/27,Away at DET
MIN,Sat 6/28,Away at DET
MIN,Sun 6/29,Away at DET
MIN,Mon 6/30,OFF
MIN,Tue 7/1,Away at MIA
MIN,Wed 7/2,Away at MIA
MIN,Thu 7/3,Away at MIA
MIN,Fri 7/4,Home
MIN,Sat 7/5,Home
MIN,Sun 7/6,Home
MIN,Mon 7/7,OFF
MIN,Tue 7/8,Home
MIN,Wed 7/9,Home
MIN,Thu 7/10,Home
MIN,Fri 7/11,Home
MIN,Sat 7/12,Home
MIN,Sun 7/13,Home
MIN,Mon 7/14,OFF
MIN,Tue 7/15,OFF
MIN,Wed 7/16,OFF
MIN,Thu 7/17,OFF
MIN,Fri 7/18,Away at COL
MIN,Sat 7/19,Away at COL
MIN,Sun 7/20,Away at COL
MIN,Mon 7/21,Away at LAD
MIN,Tue 7/22,Away at LAD
MIN,Wed 7/23,Away at LAD
MIN,Thu 7/24,OFF
MIN,Fri 7/25,Home
MIN,Sat 7/26,Home
MIN,Sun 7/27,Home
MIN,Mon 7/28,Home
MIN,Tue 7/29,Home
MIN,Wed 7/30,Home
MIN,Thu 7/31,OFF
MIN,Fri 8/1,Away at CLE
MIN,Sat 8/2,Away at CLE
MIN,Sun 8/3,Away at CLE
MIN,Mon 8/4,Away at DET
MIN,Tue 8/5,Away at DET
MIN,Wed 8/6,Away at DET
MIN,Thu 8/7,OFF
MIN,Fri 8/8,Home
MIN,Sat 8/9,Home
MIN,Sun 8/10,Home
MIN,Mon 8/11,Away at NYY
MIN,Tue 8/12,Away at NYY
MIN,Wed 8/13,Away at NYY
MIN,Thu 8/14,Home
MIN,Fri 8/15,Home
MIN,Sat 8/16,Home
MIN,Sun 8/17,Home
MIN,Mon 8/18,OFF
MIN,Tue 8/19,Home
MIN,Wed 8/20,Home
MIN,Thu 8/21,Home
MIN,Fri 8/22,Away at CHW
MIN,Sat 8/23,Away at CHW
MIN,Sun 8/24,Away at CHW
MIN,Mon 8/25,Away at TOR
MIN,Tue 8/26,Away at TOR
MIN,Wed 8/27,Away at TOR
MIN,Thu 8/28,OFF
MIN,Fri 8/29,Home
MIN,Sat 8/30,Home
MIN,Sun 8/31,Home
MIN,Mon 9/1,Home
MIN,Tue 9/2,Home
MIN,Wed 9/3,Home
MIN,Thu 9/4,Home
MIN,Fri 9/5,Away at KCR
MIN,Sat 9/6,Away at KCR
MIN,Sun 9/7,Away at KCR
MIN,Mon 9/8,Away at LAA
MIN,Tue 9/9,Away at LAA
MIN,Wed 9/10,Away at LAA
MIN,Thu 9/11,OFF
MIN,Fri 9/12,Home
MIN,Sat 9/13,Home
MIN,Sun 9/14,Home
MIN,Mon 9/15,Home
MIN,Tue 9/16,Home
MIN,Wed 9/17,Home
MIN,Thu 9/18,OFF
MIN,Fri 9/19,Home
MIN,Sat 9/20,Home
MIN,Sun 9/21,Home
MIN,Mon 9/22,OFF
MIN,Tue 9/23,Away at TEX
MIN,Wed 9/24,Away at TEX
MIN,Thu 9/25,Away at TEX
MIN,Fri 9/26,Away at PHI
MIN,Sat 9/27,Away at PHI
MIN,Sun 9/28,Away at PHI
ATH,Wed 5/28,Away at HOU
ATH,Thu 5/29,Away at TOR
ATH,Fri 5/30,Away at TOR
ATH,Sat 5/31,Away at TOR
ATH,Sun 6/1,Away at TOR
ATH,Mon 6/2,Home
ATH,Tue 6/3,Home
ATH,Wed 6/4,Home
ATH,Thu 6/5,Home
ATH,Fri 6/6,Home
ATH,Sat 6/7,Home
ATH,Sun 6/8,Home
ATH,Mon 6/9,Away at LAA
ATH,Tue 6/10,Away at LAA
ATH,Wed 6/11,Away at LAA
ATH,Thu 6/12,OFF
ATH,Fri 6/13,Away at KCR
ATH,Sat 6/14,Away at KCR
ATH,Sun 6/15,Away at KCR
ATH,Mon 6/16,Home
ATH,Tue 6/17,Home
ATH,Wed 6/18,Home
ATH,Thu 6/19,Home
ATH,Fri 6/20,Home
ATH,Sat 6/21,Home
ATH,Sun 6/22,Home
ATH,Mon 6/23,OFF
ATH,Tue 6/24,Away at DET
ATH,Wed 6/25,Away at DET
ATH,Thu 6/26,Away at DET
ATH,Fri 6/27,Away at NYY
ATH,Sat 6/28,Away at NYY
ATH,Sun 6/29,Away at NYY
ATH,Mon 6/30,Away at TBR
ATH,Tue 7/1,Away at TBR
ATH,Wed 7/2,Away at TBR
ATH,Thu 7/3,OFF
ATH,Fri 7/4,Home
ATH,Sat 7/5,Home
ATH,Sun 7/6,Home
ATH,Mon 7/7,OFF
ATH,Tue 7/8,Home
ATH,Wed 7/9,Home
ATH,Thu 7/10,Home
ATH,Fri 7/11,Home
ATH,Sat 7/12,Home
ATH,Sun 7/13,Home
ATH,Mon 7/14,OFF
ATH,Tue 7/15,OFF
ATH,Wed 7/16,OFF
ATH,Thu 7/17,OFF
ATH,Fri 7/18,Away at CLE
ATH,Sat 7/19,Away at CLE
ATH,Sun 7/20,Away at CLE
ATH,Mon 7/21,Away at TEX
ATH,Tue 7/22,Away at TEX
ATH,Wed 7/23,Away at TEX
ATH,Thu 7/24,Away at HOU
ATH,Fri 7/25,Away at HOU
ATH,Sat 7/26,Away at HOU
ATH,Sun 7/27,Away at HOU
ATH,Mon 7/28,Home
ATH,Tue 7/29,Home
ATH,Wed 7/30,Home
ATH,Thu 7/31,OFF
ATH,Fri 8/1,Home
ATH,Sat 8/2,Home
ATH,Sun 8/3,Home
ATH,Mon 8/4,OFF
ATH,Tue 8/5,Away at WSN
ATH,Wed 8/6,Away at WSN
ATH,Thu 8/7,Away at WSN
ATH,Fri 8/8,Away at BAL
ATH,Sat 8/9,Away at BAL
ATH,Sun 8/10,Away at BAL
ATH,Mon 8/11,Home
ATH,Tue 8/12,Home
ATH,Wed 8/13,Home
ATH,Thu 8/14,OFF
ATH,Fri 8/15,Home
ATH,Sat 8/16,Home
ATH,Sun 8/17,Home
ATH,Mon 8/18,OFF
ATH,Tue 8/19,Away at MIN
ATH,Wed 8/20,Away at MIN
ATH,Thu 8/21,Away at MIN
ATH,Fri 8/22,Away at SEA
ATH,Sat 8/23,Away at SEA
ATH,Sun 8/24,Away at SEA
ATH,Mon 8/25,Home
ATH,Tue 8/26,Home
ATH,Wed 8/27,Home
ATH,Thu 8/28,OFF
ATH,Fri 8/29,Home
ATH,Sat 8/30,Home
ATH,Sun 8/31,Home
ATH,Mon 9/1,Away at STL
ATH,Tue 9/2,Away at STL
ATH,Wed 9/3,Away at STL
ATH,Thu 9/4,OFF
ATH,Fri 9/5,Away at LAA
ATH,Sat 9/6,Away at LAA
ATH,Sun 9/7,Away at LAA
ATH,Mon 9/8,Home
ATH,Tue 9/9,Home
ATH,Wed 9/10,Home
ATH,Thu 9/11,OFF
ATH,Fri 9/12,Home
ATH,Sat 9/13,Home
ATH,Sun 9/14,Home
ATH,Mon 9/15,OFF
ATH,Tue 9/16,Away at BOS
ATH,Wed 9/17,Away at BOS
ATH,Thu 9/18,Away at BOS
ATH,Fri 9/19,Away at PIT
ATH,Sat 9/20,Away at PIT
ATH,Sun 9/21,Away at PIT
ATH,Mon 9/22,OFF
ATH,Tue 9/23,Home
ATH,Wed 9/24,Home
ATH,Thu 9/25,Home
ATH,Fri 9/26,Home
ATH,Sat 9/27,Home
ATH,Sun 9/28,Home
HOU,Wed 5/28,Home
HOU,Thu 5/29,Home
HOU,Fri 5/30,Home
HOU,Sat 5/31,Home
HOU,Sun 6/1,Home
HOU,Mon 6/2,OFF
HOU,Tue 6/3,Away at PIT
HOU,Wed 6/4,Away at PIT
HOU,Thu 6/5,Away at PIT
HOU,Fri 6/6,Away at CLE
HOU,Sat 6/7,Away at CLE
HOU,Sun 6/8,Away at CLE
HOU,Mon 6/9,OFF
HOU,Tue 6/10,Home
HOU,Wed 6/11,Home
HOU,Thu 6/12,Home
HOU,Fri 6/13,Home
HOU,Sat 6/14,Home
HOU,Sun 6/15,Home
HOU,Mon 6/16,Away at ATH
HOU,Tue 6/17,Away at ATH
HOU,Wed 6/18,Away at ATH
HOU,Thu 6/19,Away at ATH
HOU,Fri 6/20,Away at LAA
HOU,Sat 6/21,Away at LAA
HOU,Sun 6/22,Away at LAA
HOU,Mon 6/23,OFF
HOU,Tue 6/24,Home
HOU,Wed 6/25,Home
HOU,Thu 6/26,Home
HOU,Fri 6/27,Home
HOU,Sat 6/28,Home
HOU,Sun 6/29,Home
HOU,Mon 6/30,OFF
HOU,Tue 7/1,Away at COL
HOU,Wed 7/2,Away at COL
HOU,Thu 7/3,Away at COL
HOU,Fri 7/4,Away at LAD
HOU,Sat 7/5,Away at LAD
HOU,Sun 7/6,Away at LAD
HOU,Mon 7/7,Home
HOU,Tue 7/8,Home
HOU,Wed 7/9,Home
HOU,Thu 7/10,OFF
HOU,Fri 7/11,Home
HOU,Sat 7/12,Home
HOU,Sun 7/13,Home
HOU,Mon 7/14,OFF
HOU,Tue 7/15,OFF
HOU,Wed 7/16,OFF
HOU,Thu 7/17,OFF
HOU,Fri 7/18,Away at SEA
HOU,Sat 7/19,Away at SEA
HOU,Sun 7/20,Away at SEA
HOU,Mon 7/21,Away at ARI
HOU,Tue 7/22,Away at ARI
HOU,Wed 7/23,Away at ARI
HOU,Thu 7/24,Home
HOU,Fri 7/25,Home
HOU,Sat 7/26,Home
HOU,Sun 7/27,Home
HOU,Mon 7/28,Home
HOU,Tue 7/29,Home
HOU,Wed 7/30,Home
HOU,Thu 7/31,OFF
HOU,Fri 8/1,Away at BOS
HOU,Sat 8/2,Away at BOS
HOU,Sun 8/3,Away at BOS
HOU,Mon 8/4,Away at MIA
HOU,Tue 8/5,Away at MIA
HOU,Wed 8/6,Away at MIA
HOU,Thu 8/7,OFF
HOU,Fri 8/8,Away at NYY
HOU,Sat 8/9,Away at NYY
HOU,Sun 8/10,Away at NYY
HOU,Mon 8/11,Home
HOU,Tue 8/12,Home
HOU,Wed 8/13,Home
HOU,Thu 8/14,OFF
HOU,Fri 8/15,Home
HOU,Sat 8/16,Home
HOU,Sun 8/17,Home
HOU,Mon 8/18,Away at DET
HOU,Tue 8/19,Away at DET
HOU,Wed 8/20,Away at DET
HOU,Thu 8/21,Away at BAL
HOU,Fri 8/22,Away at BAL
HOU,Sat 8/23,Away at BAL
HOU,Sun 8/24,Away at BAL
HOU,Mon 8/25,OFF
HOU,Tue 8/26,Home
HOU,Wed 8/27,Home
HOU,Thu 8/28,Home
HOU,Fri 8/29,Home
HOU,Sat 8/30,Home
HOU,Sun 8/31,Home
HOU,Mon 9/1,Home
HOU,Tue 9/2,Home
HOU,Wed 9/3,Home
HOU,Thu 9/4,Home
HOU,Fri 9/5,Away at TEX
HOU,Sat 9/6,Away at TEX
HOU,Sun 9/7,Away at TEX
HOU,Mon 9/8,OFF
HOU,Tue 9/9,Away at TOR
HOU,Wed 9/10,Away at TOR
HOU,Thu 9/11,Away at TOR
HOU,Fri 9/12,Away at ATL
HOU,Sat 9/13,Away at ATL
HOU,Sun 9/14,Away at ATL
HOU,Mon 9/15,Home
HOU,Tue 9/16,Home
HOU,Wed 9/17,Home
HOU,Thu 9/18,OFF
HOU,Fri 9/19,Home
HOU,Sat 9/20,Home
HOU,Sun 9/21,Home
HOU,Mon 9/22,OFF
HOU,Tue 9/23,Away at ATH
HOU,Wed 9/24,Away at ATH
HOU,Thu 9/25,Away at ATH
HOU,Fri 9/26,Away at LAA
HOU,Sat 9/27,Away at LAA
HOU,Sun 9/28,Away at LAA
LAA,Wed 5/28,Home
LAA,Thu 5/29,OFF
LAA,Fri 5/30,Away at CLE
LAA,Sat 5/31,Away at CLE
LAA,Sun 6/1,Away at CLE
LAA,Mon 6/2,Away at BOS
LAA,Tue 6/3,Away at BOS
LAA,Wed 6/4,Away at BOS
LAA,Thu 6/5,OFF
LAA,Fri 6/6,Home
LAA,Sat 6/7,Home
LAA,Sun 6/8,Home
LAA,Mon 6/9,Home
LAA,Tue 6/10,Home
LAA,Wed 6/11,Home
LAA,Thu 6/12,OFF
LAA,Fri 6/13,Away at BAL
LAA,Sat 6/14,Away at BAL
LAA,Sun 6/15,Away at BAL
LAA,Mon 6/16,Away at NYY
LAA,Tue 6/17,Away at NYY
LAA,Wed 6/18,Away at NYY
LAA,Thu 6/19,Away at NYY
LAA,Fri 6/20,Home
LAA,Sat 6/21,Home
LAA,Sun 6/22,Home
LAA,Mon 6/23,Home
LAA,Tue 6/24,Home
LAA,Wed 6/25,Home
LAA,Thu 6/26,OFF
LAA,Fri 6/27,Home
LAA,Sat 6/28,Home
LAA,Sun 6/29,Home
LAA,Mon 6/30,OFF
LAA,Tue 7/1,Away at ATL
LAA,Wed 7/2,Away at ATL
LAA,Thu 7/3,Away at ATL
LAA,Fri 7/4,Away at TOR
LAA,Sat 7/5,Away at TOR
LAA,Sun 7/6,Away at TOR
LAA,Mon 7/7,Home
LAA,Tue 7/8,Home
LAA,Wed 7/9,Home
LAA,Thu 7/10,Home
LAA,Fri 7/11,Home
LAA,Sat 7/12,Home
LAA,Sun 7/13,Home
LAA,Mon 7/14,OFF
LAA,Tue 7/15,OFF
LAA,Wed 7/16,OFF
LAA,Thu 7/17,OFF
LAA,Fri 7/18,Away at PHI
LAA,Sat 7/19,Away at PHI
LAA,Sun 7/20,Away at PHI
LAA,Mon 7/21,Away at NYM
LAA,Tue 7/22,Away at NYM
LAA,Wed 7/23,Away at NYM
LAA,Thu 7/24,Home
LAA,Fri 7/25,Home
LAA,Sat 7/26,Home
LAA,Sun 7/27,Home
LAA,Mon 7/28,Home
LAA,Tue 7/29,Home
LAA,Wed 7/30,Home
LAA,Thu 7/31,OFF
LAA,Fri 8/1,Home
LAA,Sat 8/2,Home
LAA,Sun 8/3,Home
LAA,Mon 8/4,Home
LAA,Tue 8/5,Home
LAA,Wed 8/6,Home
LAA,Thu 8/7,OFF
LAA,Fri 8/8,Away at DET
LAA,Sat 8/9,Away at DET
LAA,Sun 8/10,Away at DET
LAA,Mon 8/11,Home
LAA,Tue 8/12,Home
LAA,Wed 8/13,Home
LAA,Thu 8/14,OFF
LAA,Fri 8/15,Away at ATH
LAA,Sat 8/16,Away at ATH
LAA,Sun 8/17,Away at ATH
LAA,Mon 8/18,Home
LAA,Tue 8/19,Home
LAA,Wed 8/20,Home
LAA,Thu 8/21,OFF
LAA,Fri 8/22,Home
LAA,Sat 8/23,Home
LAA,Sun 8/24,Home
LAA,Mon 8/25,Away at TEX
LAA,Tue 8/26,Away at TEX
LAA,Wed 8/27,Away at TEX
LAA,Thu 8/28,OFF
LAA,Fri 8/29,Away at HOU
LAA,Sat 8/30,Away at HOU
LAA,Sun 8/31,Away at HOU
LAA,Mon 9/1,Away at HOU
LAA,Tue 9/2,Away at KCR
LAA,Wed 9/3,Away at KCR
LAA,Thu 9/4,Away at KCR
LAA,Fri 9/5,Home
LAA,Sat 9/6,Home
LAA,Sun 9/7,Home
LAA,Mon 9/8,Home
LAA,Tue 9/9,Home
LAA,Wed 9/10,Home
LAA,Thu 9/11,Away at SEA
LAA,Fri 9/12,Away at SEA
LAA,Sat 9/13,Away at SEA
LAA,Sun 9/14,Away at SEA
LAA,Mon 9/15,OFF
LAA,Tue 9/16,Away at MIL
LAA,Wed 9/17,Away at MIL
LAA,Thu 9/18,Away at MIL
LAA,Fri 9/19,Away at COL
LAA,Sat 9/20,Away at COL
LAA,Sun 9/21,Away at COL
LAA,Mon 9/22,OFF
LAA,Tue 9/23,Home
LAA,Wed 9/24,Home
LAA,Thu 9/25,Home
LAA,Fri 9/26,Home
LAA,Sat 9/27,Home
LAA,Sun 9/28,Home
SEA,Wed 5/28,Home
SEA,Thu 5/29,Home
SEA,Fri 5/30,Home
SEA,Sat 5/31,Home
SEA,Sun 6/1,Home
SEA,Mon 6/2,OFF
SEA,Tue 6/3,Home
SEA,Wed 6/4,Home
SEA,Thu 6/5,Home
SEA,Fri 6/6,Away at LAA
SEA,Sat 6/7,Away at LAA
SEA,Sun 6/8,Away at LAA
SEA,Mon 6/9,Away at ARI
SEA,Tue 6/10,Away at ARI
SEA,Wed 6/11,Away at ARI
SEA,Thu 6/12,OFF
SEA,Fri 6/13,Home
SEA,Sat 6/14,Home
SEA,Sun 6/15,Home
SEA,Mon 6/16,Home
SEA,Tue 6/17,Home
SEA,Wed 6/18,Home
SEA,Thu 6/19,OFF
SEA,Fri 6/20,Away at CHC
SEA,Sat 6/21,Away at CHC
SEA,Sun 6/22,Away at CHC
SEA,Mon 6/23,Away at MIN
SEA,Tue 6/24,Away at MIN
SEA,Wed 6/25,Away at MIN
SEA,Thu 6/26,Away at MIN
SEA,Fri 6/27,Away at TEX
SEA,Sat 6/28,Away at TEX
SEA,Sun 6/29,Away at TEX
SEA,Mon 6/30,Home
SEA,Tue 7/1,Home
SEA,Wed 7/2,Home
SEA,Thu 7/3,Home
SEA,Fri 7/4,Home
SEA,Sat 7/5,Home
SEA,Sun 7/6,Home
SEA,Mon 7/7,OFF
SEA,Tue 7/8,Away at NYY
SEA,Wed 7/9,Away at NYY
SEA,Thu 7/10,Away at NYY
SEA,Fri 7/11,Away at DET
SEA,Sat 7/12,Away at DET
SEA,Sun 7/13,Away at DET
SEA,Mon 7/14,OFF
SEA,Tue 7/15,OFF
SEA,Wed 7/16,OFF
SEA,Thu 7/17,OFF
SEA,Fri 7/18,Home
SEA,Sat 7/19,Home
SEA,Sun 7/20,Home
SEA,Mon 7/21,Home
SEA,Tue 7/22,Home
SEA,Wed 7/23,Home
SEA,Thu 7/24,Away at LAA
SEA,Fri 7/25,Away at LAA
SEA,Sat 7/26,Away at LAA
SEA,Sun 7/27,Away at LAA
SEA,Mon 7/28,Away at ATH
SEA,Tue 7/29,Away at ATH
SEA,Wed 7/30,Away at ATH
SEA,Thu 7/31,Home
SEA,Fri 8/1,Home
SEA,Sat 8/2,Home
SEA,Sun 8/3,Home
SEA,Mon 8/4,OFF
SEA,Tue 8/5,Home
SEA,Wed 8/6,Home
SEA,Thu 8/7,Home
SEA,Fri 8/8,Home
SEA,Sat 8/9,Home
SEA,Sun 8/10,Home
SEA,Mon 8/11,OFF
SEA,Tue 8/12,Away at BAL
SEA,Wed 8/13,Away at BAL
SEA,Thu 8/14,Away at BAL
SEA,Fri 8/15,Away at NYM
SEA,Sat 8/16,Away at NYM
SEA,Sun 8/17,Away at NYM
SEA,Mon 8/18,Away at PHI
SEA,Tue 8/19,Away at PHI
SEA,Wed 8/20,Away at PHI
SEA,Thu 8/21,OFF
SEA,Fri 8/22,Home
SEA,Sat 8/23,Home
SEA,Sun 8/24,Home
SEA,Mon 8/25,Home
SEA,Tue 8/26,Home
SEA,Wed 8/27,Home
SEA,Thu 8/28,OFF
SEA,Fri 8/29,Away at CLE
SEA,Sat 8/30,Away at CLE
SEA,Sun 8/31,Away at CLE
SEA,Mon 9/1,Away at TBR
SEA,Tue 9/2,Away at TBR
SEA,Wed 9/3,Away at TBR
SEA,Thu 9/4,OFF
SEA,Fri 9/5,Away at ATL
SEA,Sat 9/6,Away at ATL
SEA,Sun 9/7,Away at ATL
SEA,Mon 9/8,Home
SEA,Tue 9/9,Home
SEA,Wed 9/10,Home
SEA,Thu 9/11,Home
SEA,Fri 9/12,Home
SEA,Sat 9/13,Home
SEA,Sun 9/14,Home
SEA,Mon 9/15,OFF
SEA,Tue 9/16,Away at KCR
SEA,Wed 9/17,Away at KCR
SEA,Thu 9/18,Away at KCR
SEA,Fri 9/19,Away at HOU
SEA,Sat 9/20,Away at HOU
SEA,Sun 9/21,Away at HOU
SEA,Mon 9/22,OFF
SEA,Tue 9/23,Home
SEA,Wed 9/24,Home
SEA,Thu 9/25,Home
SEA,Fri 9/26,Home
SEA,Sat 9/27,Home
SEA,Sun 9/28,Home
TEX,Wed 5/28,Home
TEX,Thu 5/29,OFF
TEX,Fri 5/30,Home
TEX,Sat 5/31,Home
TEX,Sun 6/1,Home
TEX,Mon 6/2,OFF
TEX,Tue 6/3,Away at TBR
TEX,Wed 6/4,Away at TBR
TEX,Thu 6/5,Away at TBR
TEX,Fri 6/6,Away at WSN
TEX,Sat 6/7,Away at WSN
TEX,Sun 6/8,Away at WSN
TEX,Mon 6/9,OFF
TEX,Tue 6/10,Away at MIN
TEX,Wed 6/11,Away at MIN
TEX,Thu 6/12,Away at MIN
TEX,Fri 6/13,Home
TEX,Sat 6/14,Home
TEX,Sun 6/15,Home
TEX,Mon 6/16,OFF
TEX,Tue 6/17,Home
TEX,Wed 6/18,Home
TEX,Thu 6/19,Home
TEX,Fri 6/20,Away at PIT
TEX,Sat 6/21,Away at PIT
TEX,Sun 6/22,Away at PIT
TEX,Mon 6/23,Away at BAL
TEX,Tue 6/24,Away at BAL
TEX,Wed 6/25,Away at BAL
TEX,Thu 6/26,OFF
TEX,Fri 6/27,Home
TEX,Sat 6/28,Home
TEX,Sun 6/29,Home
TEX,Mon 6/30,Home
TEX,Tue 7/1,Home
TEX,Wed 7/2,Home
TEX,Thu 7/3,OFF
TEX,Fri 7/4,Away at SDP
TEX,Sat 7/5,Away at SDP
TEX,Sun 7/6,Away at SDP
TEX,Mon 7/7,Away at LAA
TEX,Tue 7/8,Away at LAA
TEX,Wed 7/9,Away at LAA
TEX,Thu 7/10,Away at LAA
TEX,Fri 7/11,Away at HOU
TEX,Sat 7/12,Away at HOU
TEX,Sun 7/13,Away at HOU
TEX,Mon 7/14,OFF
TEX,Tue 7/15,OFF
TEX,Wed 7/16,OFF
TEX,Thu 7/17,OFF
TEX,Fri 7/18,Home
TEX,Sat 7/19,Home
TEX,Sun 7/20,Home
TEX,Mon 7/21,Home
TEX,Tue 7/22,Home
TEX,Wed 7/23,Home
TEX,Thu 7/24,OFF
TEX,Fri 7/25,Home
TEX,Sat 7/26,Home
TEX,Sun 7/27,Home
TEX,Mon 7/28,Away at LAA
TEX,Tue 7/29,Away at LAA
TEX,Wed 7/30,Away at LAA
TEX,Thu 7/31,Away at SEA
TEX,Fri 8/1,Away at SEA
TEX,Sat 8/2,Away at SEA
TEX,Sun 8/3,Away at SEA
TEX,Mon 8/4,Home
TEX,Tue 8/5,Home
TEX,Wed 8/6,Home
TEX,Thu 8/7,OFF
TEX,Fri 8/8,Home
TEX,Sat 8/9,Home
TEX,Sun 8/10,Home
TEX,Mon 8/11,Home
TEX,Tue 8/12,Home
TEX,Wed 8/13,Home
TEX,Thu 8/14,OFF
TEX,Fri 8/15,Away at TOR
TEX,Sat 8/16,Away at TOR
TEX,Sun 8/17,Away at TOR
TEX,Mon 8/18,Away at KCR
TEX,Tue 8/19,Away at KCR
TEX,Wed 8/20,Away at KCR
TEX,Thu 8/21,Away at KCR
TEX,Fri 8/22,Home
TEX,Sat 8/23,Home
TEX,Sun 8/24,Home
TEX,Mon 8/25,Home
TEX,Tue 8/26,Home
TEX,Wed 8/27,Home
TEX,Thu 8/28,OFF
TEX,Fri 8/29,Away at ATH
TEX,Sat 8/30,Away at ATH
TEX,Sun 8/31,Away at ATH
TEX,Mon 9/1,Away at ARI
TEX,Tue 9/2,Away at ARI
TEX,Wed 9/3,Away at ARI
TEX,Thu 9/4,OFF
TEX,Fri 9/5,Home
TEX,Sat 9/6,Home
TEX,Sun 9/7,Home
TEX,Mon 9/8,Home
TEX,Tue 9/9,Home
TEX,Wed 9/10,Home
TEX,Thu 9/11,OFF
TEX,Fri 9/12,Away at NYM
TEX,Sat 9/13,Away at NYM
TEX,Sun 9/14,Away at NYM
TEX,Mon 9/15,Away at HOU
TEX,Tue 9/16,Away at HOU
TEX,Wed 9/17,Away at HOU
TEX,Thu 9/18,OFF
TEX,Fri 9/19,Home
TEX,Sat 9/20,Home
TEX,Sun 9/21,Home
TEX,Mon 9/22,OFF
TEX,Tue 9/23,Home
TEX,Wed 9/24,Home
TEX,Thu 9/25,Home
TEX,Fri 9/26,Away at CLE
TEX,Sat 9/27,Away at CLE
TEX,Sun 9/28,Away at CLE
ATL,Wed 5/28,Away at PHI
ATL,Thu 5/29,Away at PHI
ATL,Fri 5/30,Home
ATL,Sat 5/31,Home
ATL,Sun 6/1,Home
ATL,Mon 6/2,OFF
ATL,Tue 6/3,Home
ATL,Wed 6/4,Home
ATL,Thu 6/5,Home
ATL,Fri 6/6,Away at SFG
ATL,Sat 6/7,Away at SFG
ATL,Sun 6/8,Away at SFG
ATL,Mon 6/9,Away at MIL
ATL,Tue 6/10,Away at MIL
ATL,Wed 6/11,Away at MIL
ATL,Thu 6/12,OFF
ATL,Fri 6/13,Home
ATL,Sat 6/14,Home
ATL,Sun 6/15,Home
ATL,Mon 6/16,OFF
ATL,Tue 6/17,Home
ATL,Wed 6/18,Home
ATL,Thu 6/19,Home
ATL,Fri 6/20,Away at MIA
ATL,Sat 6/21,Away at MIA
ATL,Sun 6/22,Away at MIA
ATL,Mon 6/23,Away at NYM
ATL,Tue 6/24,Away at NYM
ATL,Wed 6/25,Away at NYM
ATL,Thu 6/26,Away at NYM
ATL,Fri 6/27,Home
ATL,Sat 6/28,Home
ATL,Sun 6/29,Home
ATL,Mon 6/30,OFF
ATL,Tue 7/1,Home
ATL,Wed 7/2,Home
ATL,Thu 7/3,Home
ATL,Fri 7/4,Home
ATL,Sat 7/5,Home
ATL,Sun 7/6,Home
ATL,Mon 7/7,OFF
ATL,Tue 7/8,Away at ATH
ATL,Wed 7/9,Away at ATH
ATL,Thu 7/10,Away at ATH
ATL,Fri 7/11,Away at STL
ATL,Sat 7/12,Away at STL
ATL,Sun 7/13,Away at STL
ATL,Mon 7/14,OFF
ATL,Tue 7/15,OFF
ATL,Wed 7/16,OFF
ATL,Thu 7/17,OFF
ATL,Fri 7/18,Home
ATL,Sat 7/19,Home
ATL,Sun 7/20,Home
ATL,Mon 7/21,Home
ATL,Tue 7/22,Home
ATL,Wed 7/23,Home
ATL,Thu 7/24,OFF
ATL,Fri 7/25,Away at TEX
ATL,Sat 7/26,Away at TEX
ATL,Sun 7/27,Away at TEX
ATL,Mon 7/28,Away at KCR
ATL,Tue 7/29,Away at KCR
ATL,Wed 7/30,Away at KCR
ATL,Thu 7/31,Away at CIN
ATL,Fri 8/1,Away at CIN
ATL,Sat 8/2,Away at CIN
ATL,Sun 8/3,OFF
ATL,Mon 8/4,Home
ATL,Tue 8/5,Home
ATL,Wed 8/6,Home
ATL,Thu 8/7,Home
ATL,Fri 8/8,Home
ATL,Sat 8/9,Home
ATL,Sun 8/10,Home
ATL,Mon 8/11,OFF
ATL,Tue 8/12,Away at NYM
ATL,Wed 8/13,Away at NYM
ATL,Thu 8/14,Away at NYM
ATL,Fri 8/15,Away at CLE
ATL,Sat 8/16,Away at CLE
ATL,Sun 8/17,Away at CLE
ATL,Mon 8/18,Home
ATL,Tue 8/19,Home
ATL,Wed 8/20,Home
ATL,Thu 8/21,OFF
ATL,Fri 8/22,Home
ATL,Sat 8/23,Home
ATL,Sun 8/24,Home
ATL,Mon 8/25,Away at MIA
ATL,Tue 8/26,Away at MIA
ATL,Wed 8/27,Away at MIA
ATL,Thu 8/28,Away at PHI
ATL,Fri 8/29,Away at PHI
ATL,Sat 8/30,Away at PHI
ATL,Sun 8/31,Away at PHI
ATL,Mon 9/1,Away at CHC
ATL,Tue 9/2,Away at CHC
ATL,Wed 9/3,Away at CHC
ATL,Thu 9/4,OFF
ATL,Fri 9/5,Home
ATL,Sat 9/6,Home
ATL,Sun 9/7,Home
ATL,Mon 9/8,Home
ATL,Tue 9/9,Home
ATL,Wed 9/10,Home
ATL,Thu 9/11,OFF
ATL,Fri 9/12,Home
ATL,Sat 9/13,Home
ATL,Sun 9/14,Home
ATL,Mon 9/15,Away at WSN
ATL,Tue 9/16,Away at WSN (2)
ATL,Wed 9/17,Away at WSN
ATL,Thu 9/18,OFF
ATL,Fri 9/19,Away at DET
ATL,Sat 9/20,Away at DET
ATL,Sun 9/21,Away at DET
ATL,Mon 9/22,Home
ATL,Tue 9/23,Home
ATL,Wed 9/24,Home
ATL,Thu 9/25,OFF
ATL,Fri 9/26,Home
ATL,Sat 9/27,Home
ATL,Sun 9/28,Home
MIA,Wed 5/28,Away at SDP
MIA,Thu 5/29,OFF
MIA,Fri 5/30,Home
MIA,Sat 5/31,Home
MIA,Sun 6/1,Home
MIA,Mon 6/2,Home
MIA,Tue 6/3,Home
MIA,Wed 6/4,Home
MIA,Thu 6/5,OFF
MIA,Fri 6/6,Away at TBR
MIA,Sat 6/7,Away at TBR
MIA,Sun 6/8,Away at TBR
MIA,Mon 6/9,Away at PIT
MIA,Tue 6/10,Away at PIT
MIA,Wed 6/11,Away at PIT
MIA,Thu 6/12,OFF
MIA,Fri 6/13,Away at WSN
MIA,Sat 6/14,Away at WSN
MIA,Sun 6/15,Away at WSN
MIA,Mon 6/16,Home
MIA,Tue 6/17,Home
MIA,Wed 6/18,Home
MIA,Thu 6/19,Home
MIA,Fri 6/20,Home
MIA,Sat 6/21,Home
MIA,Sun 6/22,Home
MIA,Mon 6/23,OFF
MIA,Tue 6/24,Away at SFG
MIA,Wed 6/25,Away at SFG
MIA,Thu 6/26,Away at SFG
MIA,Fri 6/27,Away at ARI
MIA,Sat 6/28,Away at ARI
MIA,Sun 6/29,Away at ARI
MIA,Mon 6/30,OFF
MIA,Tue 7/1,Home
MIA,Wed 7/2,Home
MIA,Thu 7/3,Home
MIA,Fri 7/4,Home
MIA,Sat 7/5,Home
MIA,Sun 7/6,Home
MIA,Mon 7/7,Away at CIN
MIA,Tue 7/8,Away at CIN
MIA,Wed 7/9,Away at CIN
MIA,Thu 7/10,Away at CIN
MIA,Fri 7/11,Away at BAL
MIA,Sat 7/12,Away at BAL
MIA,Sun 7/13,Away at BAL
MIA,Mon 7/14,OFF
MIA,Tue 7/15,OFF
MIA,Wed 7/16,OFF
MIA,Thu 7/17,OFF
MIA,Fri 7/18,Home
MIA,Sat 7/19,Home
MIA,Sun 7/20,Home
MIA,Mon 7/21,Home
MIA,Tue 7/22,Home
MIA,Wed 7/23,Home
MIA,Thu 7/24,OFF
MIA,Fri 7/25,Away at MIL
MIA,Sat 7/26,Away at MIL
MIA,Sun 7/27,Away at MIL
MIA,Mon 7/28,Away at STL
MIA,Tue 7/29,Away at STL
MIA,Wed 7/30,Away at STL
MIA,Thu 7/31,OFF
MIA,Fri 8/1,Home
MIA,Sat 8/2,Home
MIA,Sun 8/3,Home
MIA,Mon 8/4,Home
MIA,Tue 8/5,Home
MIA,Wed 8/6,Home
MIA,Thu 8/7,Away at ATL
MIA,Fri 8/8,Away at ATL
MIA,Sat 8/9,Away at ATL (2)
MIA,Sun 8/10,Away at ATL
MIA,Mon 8/11,OFF
MIA,Tue 8/12,Away at CLE
MIA,Wed 8/13,Away at CLE
MIA,Thu 8/14,Away at CLE
MIA,Fri 8/15,Away at BOS
MIA,Sat 8/16,Away at BOS
MIA,Sun 8/17,Away at BOS
MIA,Mon 8/18,Home
MIA,Tue 8/19,Home
MIA,Wed 8/20,Home
MIA,Thu 8/21,OFF
MIA,Fri 8/22,Home
MIA,Sat 8/23,Home
MIA,Sun 8/24,Home
MIA,Mon 8/25,Home
MIA,Tue 8/26,Home
MIA,Wed 8/27,Home
MIA,Thu 8/28,Away at NYM
MIA,Fri 8/29,Away at NYM
MIA,Sat 8/30,Away at NYM
MIA,Sun 8/31,Away at NYM
MIA,Mon 9/1,Away at WSN
MIA,Tue 9/2,Away at WSN
MIA,Wed 9/3,Away at WSN
MIA,Thu 9/4,OFF
MIA,Fri 9/5,Home
MIA,Sat 9/6,Home
MIA,Sun 9/7,Home
MIA,Mon 9/8,Home
MIA,Tue 9/9,Home
MIA,Wed 9/10,Home
MIA,Thu 9/11,Home
MIA,Fri 9/12,Home
MIA,Sat 9/13,Home
MIA,Sun 9/14,Home
MIA,Mon 9/15,OFF
MIA,Tue 9/16,Away at COL
MIA,Wed 9/17,Away at COL
MIA,Thu 9/18,Away at COL
MIA,Fri 9/19,Away at TEX
MIA,Sat 9/20,Away at TEX
MIA,Sun 9/21,Away at TEX
MIA,Mon 9/22,OFF
MIA,Tue 9/23,Away at PHI
MIA,Wed 9/24,Away at PHI
MIA,Thu 9/25,Away at PHI
MIA,Fri 9/26,Home
MIA,Sat 9/27,Home
MIA,Sun 9/28,Home
NYM,Wed 5/28,Home
NYM,Thu 5/29,OFF
NYM,Fri 5/30,Home
NYM,Sat 5/31,Home
NYM,Sun 6/1,Home
NYM,Mon 6/2,Away at LAD
NYM,Tue 6/3,Away at LAD
NYM,Wed 6/4,Away at LAD
NYM,Thu 6/5,Away at LAD
NYM,Fri 6/6,Away at COL
NYM,Sat 6/7,Away at COL
NYM,Sun 6/8,Away at COL
NYM,Mon 6/9,OFF
NYM,Tue 6/10,Home
NYM,Wed 6/11,Home
NYM,Thu 6/12,Home
NYM,Fri 6/13,Home
NYM,Sat 6/14,Home
NYM,Sun 6/15,Home
NYM,Mon 6/16,OFF
NYM,Tue 6/17,Away at ATL
NYM,Wed 6/18,Away at ATL
NYM,Thu 6/19,Away at ATL
NYM,Fri 6/20,Away at PHI
NYM,Sat 6/21,Away at PHI
NYM,Sun 6/22,Away at PHI
NYM,Mon 6/23,Home
NYM,Tue 6/24,Home
NYM,Wed 6/25,Home
NYM,Thu 6/26,Home
NYM,Fri 6/27,Away at PIT
NYM,Sat 6/28,Away at PIT
NYM,Sun 6/29,Away at PIT
NYM,Mon 6/30,OFF
NYM,Tue 7/1,Home
NYM,Wed 7/2,Home
NYM,Thu 7/3,Home
NYM,Fri 7/4,Home
NYM,Sat 7/5,Home
NYM,Sun 7/6,Home
NYM,Mon 7/7,OFF
NYM,Tue 7/8,Away at BAL
NYM,Wed 7/9,Away at BAL
NYM,Thu 7/10,Away at BAL
NYM,Fri 7/11,Away at KCR
NYM,Sat 7/12,Away at KCR
NYM,Sun 7/13,Away at KCR
NYM,Mon 7/14,OFF
NYM,Tue 7/15,OFF
NYM,Wed 7/16,OFF
NYM,Thu 7/17,OFF
NYM,Fri 7/18,Home
NYM,Sat 7/19,Home
NYM,Sun 7/20,Home
NYM,Mon 7/21,Home
NYM,Tue 7/22,Home
NYM,Wed 7/23,Home
NYM,Thu 7/24,OFF
NYM,Fri 7/25,Away at SFG
NYM,Sat 7/26,Away at SFG
NYM,Sun 7/27,Away at SFG
NYM,Mon 7/28,Away at SDP
NYM,Tue 7/29,Away at SDP
NYM,Wed 7/30,Away at SDP
NYM,Thu 7/31,OFF
NYM,Fri 8/1,Home
NYM,Sat 8/2,Home
NYM,Sun 8/3,Home
NYM,Mon 8/4,Home
NYM,Tue 8/5,Home
NYM,Wed 8/6,Home
NYM,Thu 8/7,OFF
NYM,Fri 8/8,Away at MIL
NYM,Sat 8/9,Away at MIL
NYM,Sun 8/10,Away at MIL
NYM,Mon 8/11,OFF
NYM,Tue 8/12,Home
NYM,Wed 8/13,Home
NYM,Thu 8/14,Home
NYM,Fri 8/15,Home
NYM,Sat 8/16,Home
NYM,Sun 8/17,Home
NYM,Mon 8/18,OFF
NYM,Tue 8/19,Away at WSN
NYM,Wed 8/20,Away at WSN
NYM,Thu 8/21,Away at WSN
NYM,Fri 8/22,Away at ATL
NYM,Sat 8/23,Away at ATL
NYM,Sun 8/24,Away at ATL
NYM,Mon 8/25,Home
NYM,Tue 8/26,Home
NYM,Wed 8/27,Home
NYM,Thu 8/28,Home
NYM,Fri 8/29,Home
NYM,Sat 8/30,Home
NYM,Sun 8/31,Home
NYM,Mon 9/1,Away at DET
NYM,Tue 9/2,Away at DET
NYM,Wed 9/3,Away at DET
NYM,Thu 9/4,OFF
NYM,Fri 9/5,Away at CIN
NYM,Sat 9/6,Away at CIN
NYM,Sun 9/7,Away at CIN
NYM,Mon 9/8,Away at PHI
NYM,Tue 9/9,Away at PHI
NYM,Wed 9/10,Away at PHI
NYM,Thu 9/11,Away at PHI
NYM,Fri 9/12,Home
NYM,Sat 9/13,Home
NYM,Sun 9/14,Home
NYM,Mon 9/15,OFF
NYM,Tue 9/16,Home
NYM,Wed 9/17,Home
NYM,Thu 9/18,Home
NYM,Fri 9/19,Home
NYM,Sat 9/20,Home
NYM,Sun 9/21,Home
NYM,Mon 9/22,OFF
NYM,Tue 9/23,Away at CHC
NYM,Wed 9/24,Away at CHC
NYM,Thu 9/25,Away at CHC
NYM,Fri 9/26,Away at MIA
NYM,Sat 9/27,Away at MIA
NYM,Sun 9/28,Away at MIA
PHI,Wed 5/28,Home
PHI,Thu 5/29,Home
PHI,Fri 5/30,Home
PHI,Sat 5/31,Home
PHI,Sun 6/1,Home
PHI,Mon 6/2,OFF
PHI,Tue 6/3,Away at TOR
PHI,Wed 6/4,Away at TOR
PHI,Thu 6/5,Away at TOR
PHI,Fri 6/6,Away at PIT
PHI,Sat 6/7,Away at PIT
PHI,Sun 6/8,Away at PIT
PHI,Mon 6/9,Home
PHI,Tue 6/10,Home
PHI,Wed 6/11,Home
PHI,Thu 6/12,OFF
PHI,Fri 6/13,Home
PHI,Sat 6/14,Home
PHI,Sun 6/15,Home
PHI,Mon 6/16,Away at MIA
PHI,Tue 6/17,Away at MIA
PHI,Wed 6/18,Away at MIA
PHI,Thu 6/19,Away at MIA
PHI,Fri 6/20,Home
PHI,Sat 6/21,Home
PHI,Sun 6/22,Home
PHI,Mon 6/23,OFF
PHI,Tue 6/24,Away at HOU
PHI,Wed 6/25,Away at HOU
PHI,Thu 6/26,Away at HOU
PHI,Fri 6/27,Away at ATL
PHI,Sat 6/28,Away at ATL
PHI,Sun 6/29,Away at ATL
PHI,Mon 6/30,Home
PHI,Tue 7/1,Home
PHI,Wed 7/2,Home
PHI,Thu 7/3,OFF
PHI,Fri 7/4,Home
PHI,Sat 7/5,Home
PHI,Sun 7/6,Home
PHI,Mon 7/7,Away at SFG
PHI,Tue 7/8,Away at SFG
PHI,Wed 7/9,Away at SFG
PHI,Thu 7/10,OFF
PHI,Fri 7/11,Away at SDP
PHI,Sat 7/12,Away at SDP
PHI,Sun 7/13,Away at SDP
PHI,Mon 7/14,OFF
PHI,Tue 7/15,OFF
PHI,Wed 7/16,OFF
PHI,Thu 7/17,OFF
PHI,Fri 7/18,Home
PHI,Sat 7/19,Home
PHI,Sun 7/20,Home
PHI,Mon 7/21,Home
PHI,Tue 7/22,Home
PHI,Wed 7/23,Home
PHI,Thu 7/24,OFF
PHI,Fri 7/25,Away at NYY
PHI,Sat 7/26,Away at NYY
PHI,Sun 7/27,Away at NYY
PHI,Mon 7/28,Away at CHW
PHI,Tue 7/29,Away at CHW
PHI,Wed 7/30,Away at CHW
PHI,Thu 7/31,OFF
PHI,Fri 8/1,Home
PHI,Sat 8/2,Home
PHI,Sun 8/3,Home
PHI,Mon 8/4,Home
PHI,Tue 8/5,Home
PHI,Wed 8/6,Home
PHI,Thu 8/7,OFF
PHI,Fri 8/8,Away at TEX
PHI,Sat 8/9,Away at TEX
PHI,Sun 8/10,Away at TEX
PHI,Mon 8/11,Away at CIN
PHI,Tue 8/12,Away at CIN
PHI,Wed 8/13,Away at CIN
PHI,Thu 8/14,Away at WSN
PHI,Fri 8/15,Away at WSN
PHI,Sat 8/16,Away at WSN
PHI,Sun 8/17,Away at WSN
PHI,Mon 8/18,Home
PHI,Tue 8/19,Home
PHI,Wed 8/20,Home
PHI,Thu 8/21,OFF
PHI,Fri 8/22,Home
PHI,Sat 8/23,Home
PHI,Sun 8/24,Home
PHI,Mon 8/25,Away at NYM
PHI,Tue 8/26,Away at NYM
PHI,Wed 8/27,Away at NYM
PHI,Thu 8/28,Home
PHI,Fri 8/29,Home
PHI,Sat 8/30,Home
PHI,Sun 8/31,Home
PHI,Mon 9/1,Away at MIL
PHI,Tue 9/2,OFF
PHI,Wed 9/3,Away at MIL
PHI,Thu 9/4,Away at MIL
PHI,Fri 9/5,Away at MIA
PHI,Sat 9/6,Away at MIA
PHI,Sun 9/7,Away at MIA
PHI,Mon 9/8,Home
PHI,Tue 9/9,Home
PHI,Wed 9/10,Home
PHI,Thu 9/11,Home
PHI,Fri 9/12,Home
PHI,Sat 9/13,Home
PHI,Sun 9/14,Home
PHI,Mon 9/15,Away at LAD
PHI,Tue 9/16,Away at LAD
PHI,Wed 9/17,Away at LAD
PHI,Thu 9/18,OFF
PHI,Fri 9/19,Away at ARI
PHI,Sat 9/20,Away at ARI
PHI,Sun 9/21,Away at ARI
PHI,Mon 9/22,OFF
PHI,Tue 9/23,Home
PHI,Wed 9/24,Home
PHI,Thu 9/25,Home
PHI,Fri 9/26,Home
PHI,Sat 9/27,Home
PHI,Sun 9/28,Home
WSN,Wed 5/28,Away at SEA
WSN,Thu 5/29,Away at SEA
WSN,Fri 5/30,Away at ARI
WSN,Sat 5/31,Away at ARI
WSN,Sun 6/1,Away at ARI
WSN,Mon 6/2,OFF
WSN,Tue 6/3,Home
WSN,Wed 6/4,Home
WSN,Thu 6/5,Home
WSN,Fri 6/6,Home
WSN,Sat 6/7,Home
WSN,Sun 6/8,Home
WSN,Mon 6/9,OFF
WSN,Tue 6/10,Away at NYM
WSN,Wed 6/11,Away at NYM
WSN,Thu 6/12,Away at NYM
WSN,Fri 6/13,Home
WSN,Sat 6/14,Home
WSN,Sun 6/15,Home
WSN,Mon 6/16,Home
WSN,Tue 6/17,Home
WSN,Wed 6/18,Home
WSN,Thu 6/19,Home
WSN,Fri 6/20,Away at LAD
WSN,Sat 6/21,Away at LAD
WSN,Sun 6/22,Away at LAD
WSN,Mon 6/23,Away at SDP
WSN,Tue 6/24,Away at SDP
WSN,Wed 6/25,Away at SDP
WSN,Thu 6/26,OFF
WSN,Fri 6/27,Away at LAA
WSN,Sat 6/28,Away at LAA
WSN,Sun 6/29,Away at LAA
WSN,Mon 6/30,OFF
WSN,Tue 7/1,Home
WSN,Wed 7/2,Home
WSN,Thu 7/3,Home
WSN,Fri 7/4,Home
WSN,Sat 7/5,Home
WSN,Sun 7/6,Home
WSN,Mon 7/7,OFF
WSN,Tue 7/8,Away at STL
WSN,Wed 7/9,Away at STL
WSN,Thu 7/10,Away at STL
WSN,Fri 7/11,Away at MIL
WSN,Sat 7/12,Away at MIL
WSN,Sun 7/13,Away at MIL
WSN,Mon 7/14,OFF
WSN,Tue 7/15,OFF
WSN,Wed 7/16,OFF
WSN,Thu 7/17,OFF
WSN,Fri 7/18,Home
WSN,Sat 7/19,Home
WSN,Sun 7/20,Home
WSN,Mon 7/21,Home
WSN,Tue 7/22,Home
WSN,Wed 7/23,Home
WSN,Thu 7/24,OFF
WSN,Fri 7/25,Away at MIN
WSN,Sat 7/26,Away at MIN
WSN,Sun 7/27,Away at MIN
WSN,Mon 7/28,Away at HOU
WSN,Tue 7/29,Away at HOU
WSN,Wed 7/30,Away at HOU
WSN,Thu 7/31,OFF
WSN,Fri 8/1,Home
WSN,Sat 8/2,Home
WSN,Sun 8/3,Home
WSN,Mon 8/4,OFF
WSN,Tue 8/5,Home
WSN,Wed 8/6,Home
WSN,Thu 8/7,Home
WSN,Fri 8/8,Away at SFG
WSN,Sat 8/9,Away at SFG
WSN,Sun 8/10,Away at SFG
WSN,Mon 8/11,Away at KCR
WSN,Tue 8/12,Away at KCR
WSN,Wed 8/13,Away at KCR
WSN,Thu 8/14,Home
WSN,Fri 8/15,Home
WSN,Sat 8/16,Home
WSN,Sun 8/17,Home
WSN,Mon 8/18,OFF
WSN,Tue 8/19,Home
WSN,Wed 8/20,Home
WSN,Thu 8/21,Home
WSN,Fri 8/22,Away at PHI
WSN,Sat 8/23,Away at PHI
WSN,Sun 8/24,Away at PHI
WSN,Mon 8/25,Away at NYY
WSN,Tue 8/26,Away at NYY
WSN,Wed 8/27,Away at NYY
WSN,Thu 8/28,OFF
WSN,Fri 8/29,Home
WSN,Sat 8/30,Home
WSN,Sun 8/31,Home
WSN,Mon 9/1,Home
WSN,Tue 9/2,Home
WSN,Wed 9/3,Home
WSN,Thu 9/4,OFF
WSN,Fri 9/5,Away at CHC
WSN,Sat 9/6,Away at CHC
WSN,Sun 9/7,Away at CHC
WSN,Mon 9/8,Away at MIA
WSN,Tue 9/9,Away at MIA
WSN,Wed 9/10,Away at MIA
WSN,Thu 9/11,Away at MIA
WSN,Fri 9/12,Home
WSN,Sat 9/13,Home
WSN,Sun 9/14,Home
WSN,Mon 9/15,Home
WSN,Tue 9/16,Home
WSN,Wed 9/17,Home
WSN,Thu 9/18,OFF
WSN,Fri 9/19,Away at NYM
WSN,Sat 9/20,Away at NYM
WSN,Sun 9/21,Away at NYM
WSN,Mon 9/22,Away at ATL
WSN,Tue 9/23,Away at ATL
WSN,Wed 9/24,Away at ATL
WSN,Thu 9/25,OFF
WSN,Fri 9/26,Home
WSN,Sat 9/27,Home
WSN,Sun 9/28,Home
CHC,Wed 5/28,Home
CHC,Thu 5/29,OFF
CHC,Fri 5/30,Home
CHC,Sat 5/31,Home
CHC,Sun 6/1,Home
CHC,Mon 6/2,OFF
CHC,Tue 6/3,Away at WSN
CHC,Wed 6/4,Away at WSN
CHC,Thu 6/5,Away at WSN
CHC,Fri 6/6,Away at DET
CHC,Sat 6/7,Away at DET
CHC,Sun 6/8,Away at DET
CHC,Mon 6/9,Away at PHI
CHC,Tue 6/10,Away at PHI
CHC,Wed 6/11,Away at PHI
CHC,Thu 6/12,Home
CHC,Fri 6/13,Home
CHC,Sat 6/14,Home
CHC,Sun 6/15,Home
CHC,Mon 6/16,OFF
CHC,Tue 6/17,Home
CHC,Wed 6/18,Home
CHC,Thu 6/19,Home
CHC,Fri 6/20,Home
CHC,Sat 6/21,Home
CHC,Sun 6/22,Home
CHC,Mon 6/23,Away at STL
CHC,Tue 6/24,Away at STL
CHC,Wed 6/25,Away at STL
CHC,Thu 6/26,Away at STL
CHC,Fri 6/27,Away at HOU
CHC,Sat 6/28,Away at HOU
CHC,Sun 6/29,Away at HOU
CHC,Mon 6/30,OFF
CHC,Tue 7/1,Home
CHC,Wed 7/2,Home
CHC,Thu 7/3,Home
CHC,Fri 7/4,Home
CHC,Sat 7/5,Home
CHC,Sun 7/6,Home
CHC,Mon 7/7,OFF
CHC,Tue 7/8,Away at MIN
CHC,Wed 7/9,Away at MIN
CHC,Thu 7/10,Away at MIN
CHC,Fri 7/11,Away at NYY
CHC,Sat 7/12,Away at NYY
CHC,Sun 7/13,Away at NYY
CHC,Mon 7/14,OFF
CHC,Tue 7/15,OFF
CHC,Wed 7/16,OFF
CHC,Thu 7/17,OFF
CHC,Fri 7/18,Home
CHC,Sat 7/19,Home
CHC,Sun 7/20,Home
CHC,Mon 7/21,Home
CHC,Tue 7/22,Home
CHC,Wed 7/23,Home
CHC,Thu 7/24,OFF
CHC,Fri 7/25,Away at CHW
CHC,Sat 7/26,Away at CHW
CHC,Sun 7/27,Away at CHW
CHC,Mon 7/28,Away at MIL
CHC,Tue 7/29,Away at MIL
CHC,Wed 7/30,Away at MIL
CHC,Thu 7/31,OFF
CHC,Fri 8/1,Home
CHC,Sat 8/2,Home
CHC,Sun 8/3,Home
CHC,Mon 8/4,Home
CHC,Tue 8/5,Home
CHC,Wed 8/6,Home
CHC,Thu 8/7,OFF
CHC,Fri 8/8,Away at STL
CHC,Sat 8/9,Away at STL
CHC,Sun 8/10,Away at STL
CHC,Mon 8/11,OFF
CHC,Tue 8/12,Away at TOR
CHC,Wed 8/13,Away at TOR
CHC,Thu 8/14,Away at TOR
CHC,Fri 8/15,Home
CHC,Sat 8/16,Home
CHC,Sun 8/17,Home
CHC,Mon 8/18,Home
CHC,Tue 8/19,Home
CHC,Wed 8/20,Home
CHC,Thu 8/21,Home
CHC,Fri 8/22,Away at LAA
CHC,Sat 8/23,Away at LAA
CHC,Sun 8/24,Away at LAA
CHC,Mon 8/25,OFF
CHC,Tue 8/26,Away at SFG
CHC,Wed 8/27,Away at SFG
CHC,Thu 8/28,Away at SFG
CHC,Fri 8/29,Away at COL
CHC,Sat 8/30,Away at COL
CHC,Sun 8/31,Away at COL
CHC,Mon 9/1,Home
CHC,Tue 9/2,Home
CHC,Wed 9/3,Home
CHC,Thu 9/4,OFF
CHC,Fri 9/5,Home
CHC,Sat 9/6,Home
CHC,Sun 9/7,Home
CHC,Mon 9/8,Away at ATL
CHC,Tue 9/9,Away at ATL
CHC,Wed 9/10,Away at ATL
CHC,Thu 9/11,OFF
CHC,Fri 9/12,Home
CHC,Sat 9/13,Home
CHC,Sun 9/14,Home
CHC,Mon 9/15,Away at PIT
CHC,Tue 9/16,Away at PIT
CHC,Wed 9/17,Away at PIT
CHC,Thu 9/18,Away at CIN
CHC,Fri 9/19,Away at CIN
CHC,Sat 9/20,Away at CIN
CHC,Sun 9/21,Away at CIN
CHC,Mon 9/22,OFF
CHC,Tue 9/23,Home
CHC,Wed 9/24,Home
CHC,Thu 9/25,Home
CHC,Fri 9/26,Home
CHC,Sat 9/27,Home
CHC,Sun 9/28,Home
CIN,Wed 5/28,Away at KCR
CIN,Thu 5/29,OFF
CIN,Fri 5/30,Away at CHC
CIN,Sat 5/31,Away at CHC
CIN,Sun 6/1,Away at CHC
CIN,Mon 6/2,Home
CIN,Tue 6/3,Home
CIN,Wed 6/4,Home
CIN,Thu 6/5,OFF
CIN,Fri 6/6,Home
CIN,Sat 6/7,Home
CIN,Sun 6/8,Home
CIN,Mon 6/9,Away at CLE
CIN,Tue 6/10,Away at CLE
CIN,Wed 6/11,Away at CLE
CIN,Thu 6/12,OFF
CIN,Fri 6/13,Away at DET
CIN,Sat 6/14,Away at DET
CIN,Sun 6/15,Away at DET
CIN,Mon 6/16,OFF
CIN,Tue 6/17,Home
CIN,Wed 6/18,Home
CIN,Thu 6/19,Home
CIN,Fri 6/20,Away at STL
CIN,Sat 6/21,Away at STL
CIN,Sun 6/22,Away at STL
CIN,Mon 6/23,Home
CIN,Tue 6/24,Home
CIN,Wed 6/25,Home
CIN,Thu 6/26,OFF
CIN,Fri 6/27,Home
CIN,Sat 6/28,Home
CIN,Sun 6/29,Home
CIN,Mon 6/30,Away at BOS
CIN,Tue 7/1,Away at BOS
CIN,Wed 7/2,Away at BOS
CIN,Thu 7/3,OFF
CIN,Fri 7/4,Away at PHI
CIN,Sat 7/5,Away at PHI
CIN,Sun 7/6,Away at PHI
CIN,Mon 7/7,Home
CIN,Tue 7/8,Home
CIN,Wed 7/9,Home
CIN,Thu 7/10,Home
CIN,Fri 7/11,Home
CIN,Sat 7/12,Home
CIN,Sun 7/13,Home
CIN,Mon 7/14,OFF
CIN,Tue 7/15,OFF
CIN,Wed 7/16,OFF
CIN,Thu 7/17,OFF
CIN,Fri 7/18,Away at NYM
CIN,Sat 7/19,Away at NYM
CIN,Sun 7/20,Away at NYM
CIN,Mon 7/21,Away at WSN
CIN,Tue 7/22,Away at WSN
CIN,Wed 7/23,Away at WSN
CIN,Thu 7/24,OFF
CIN,Fri 7/25,Home
CIN,Sat 7/26,Home
CIN,Sun 7/27,Home
CIN,Mon 7/28,Home
CIN,Tue 7/29,Home
CIN,Wed 7/30,Home
CIN,Thu 7/31,Home
CIN,Fri 8/1,Home
CIN,Sat 8/2,Home
CIN,Sun 8/3,OFF
CIN,Mon 8/4,Away at CHC
CIN,Tue 8/5,Away at CHC
CIN,Wed 8/6,Away at CHC
CIN,Thu 8/7,Away at PIT
CIN,Fri 8/8,Away at PIT
CIN,Sat 8/9,Away at PIT
CIN,Sun 8/10,Away at PIT
CIN,Mon 8/11,Home
CIN,Tue 8/12,Home
CIN,Wed 8/13,Home
CIN,Thu 8/14,OFF
CIN,Fri 8/15,Home
CIN,Sat 8/16,Home
CIN,Sun 8/17,Home
CIN,Mon 8/18,Away at LAA
CIN,Tue 8/19,Away at LAA
CIN,Wed 8/20,Away at LAA
CIN,Thu 8/21,OFF
CIN,Fri 8/22,Away at ARI
CIN,Sat 8/23,Away at ARI
CIN,Sun 8/24,Away at ARI
CIN,Mon 8/25,Away at LAD
CIN,Tue 8/26,Away at LAD
CIN,Wed 8/27,Away at LAD
CIN,Thu 8/28,OFF
CIN,Fri 8/29,Home
CIN,Sat 8/30,Home
CIN,Sun 8/31,Home
CIN,Mon 9/1,Home
CIN,Tue 9/2,Home
CIN,Wed 9/3,Home
CIN,Thu 9/4,OFF
CIN,Fri 9/5,Home
CIN,Sat 9/6,Home
CIN,Sun 9/7,Home
CIN,Mon 9/8,Away at SDP
CIN,Tue 9/9,Away at SDP
CIN,Wed 9/10,Away at SDP
CIN,Thu 9/11,OFF
CIN,Fri 9/12,Away at ATH
CIN,Sat 9/13,Away at ATH
CIN,Sun 9/14,Away at ATH
CIN,Mon 9/15,Away at STL
CIN,Tue 9/16,Away at STL
CIN,Wed 9/17,Away at STL
CIN,Thu 9/18,Home
CIN,Fri 9/19,Home
CIN,Sat 9/20,Home
CIN,Sun 9/21,Home
CIN,Mon 9/22,OFF
CIN,Tue 9/23,Home
CIN,Wed 9/24,Home
CIN,Thu 9/25,Home
CIN,Fri 9/26,Away at MIL
CIN,Sat 9/27,Away at MIL
CIN,Sun 9/28,Away at MIL
MIL,Wed 5/28,Home
MIL,Thu 5/29,OFF
MIL,Fri 5/30,Away at PHI
MIL,Sat 5/31,Away at PHI
MIL,Sun 6/1,Away at PHI
MIL,Mon 6/2,Away at CIN
MIL,Tue 6/3,Away at CIN
MIL,Wed 6/4,Away at CIN
MIL,Thu 6/5,OFF
MIL,Fri 6/6,Home
MIL,Sat 6/7,Home
MIL,Sun 6/8,Home
MIL,Mon 6/9,Home
MIL,Tue 6/10,Home
MIL,Wed 6/11,Home
MIL,Thu 6/12,Home
MIL,Fri 6/13,Home
MIL,Sat 6/14,Home
MIL,Sun 6/15,Home
MIL,Mon 6/16,OFF
MIL,Tue 6/17,Away at CHC
MIL,Wed 6/18,Away at CHC
MIL,Thu 6/19,Away at CHC
MIL,Fri 6/20,Away at MIN
MIL,Sat 6/21,Away at MIN
MIL,Sun 6/22,Away at MIN
MIL,Mon 6/23,Home
MIL,Tue 6/24,Home
MIL,Wed 6/25,Home
MIL,Thu 6/26,OFF
MIL,Fri 6/27,Home
MIL,Sat 6/28,Home
MIL,Sun 6/29,Home
MIL,Mon 6/30,OFF
MIL,Tue 7/1,Away at NYM
MIL,Wed 7/2,Away at NYM
MIL,Thu 7/3,Away at NYM
MIL,Fri 7/4,Away at MIA
MIL,Sat 7/5,Away at MIA
MIL,Sun 7/6,Away at MIA
MIL,Mon 7/7,Home
MIL,Tue 7/8,Home
MIL,Wed 7/9,Home
MIL,Thu 7/10,OFF
MIL,Fri 7/11,Home
MIL,Sat 7/12,Home
MIL,Sun 7/13,Home
MIL,Mon 7/14,OFF
MIL,Tue 7/15,OFF
MIL,Wed 7/16,OFF
MIL,Thu 7/17,OFF
MIL,Fri 7/18,Away at LAD
MIL,Sat 7/19,Away at LAD
MIL,Sun 7/20,Away at LAD
MIL,Mon 7/21,Away at SEA
MIL,Tue 7/22,Away at SEA
MIL,Wed 7/23,Away at SEA
MIL,Thu 7/24,OFF
MIL,Fri 7/25,Home
MIL,Sat 7/26,Home
MIL,Sun 7/27,Home
MIL,Mon 7/28,Home
MIL,Tue 7/29,Home
MIL,Wed 7/30,Home
MIL,Thu 7/31,OFF
MIL,Fri 8/1,Away at WSN
MIL,Sat 8/2,Away at WSN
MIL,Sun 8/3,Away at WSN
MIL,Mon 8/4,Away at ATL
MIL,Tue 8/5,Away at ATL
MIL,Wed 8/6,Away at ATL
MIL,Thu 8/7,OFF
MIL,Fri 8/8,Home
MIL,Sat 8/9,Home
MIL,Sun 8/10,Home
MIL,Mon 8/11,Home
MIL,Tue 8/12,Home
MIL,Wed 8/13,Home
MIL,Thu 8/14,OFF
MIL,Fri 8/15,Away at CIN
MIL,Sat 8/16,Away at CIN
MIL,Sun 8/17,Away at CIN
MIL,Mon 8/18,Away at CHC
MIL,Tue 8/19,Away at CHC
MIL,Wed 8/20,Away at CHC
MIL,Thu 8/21,Away at CHC
MIL,Fri 8/22,Home
MIL,Sat 8/23,Home
MIL,Sun 8/24,Home
MIL,Mon 8/25,Home
MIL,Tue 8/26,Home
MIL,Wed 8/27,Home
MIL,Thu 8/28,Home
MIL,Fri 8/29,Away at TOR
MIL,Sat 8/30,Away at TOR
MIL,Sun 8/31,Away at TOR
MIL,Mon 9/1,Home
MIL,Tue 9/2,OFF
MIL,Wed 9/3,Home
MIL,Thu 9/4,Home
MIL,Fri 9/5,Away at PIT
MIL,Sat 9/6,Away at PIT
MIL,Sun 9/7,Away at PIT
MIL,Mon 9/8,Away at TEX
MIL,Tue 9/9,Away at TEX
MIL,Wed 9/10,Away at TEX
MIL,Thu 9/11,OFF
MIL,Fri 9/12,Home
MIL,Sat 9/13,Home
MIL,Sun 9/14,Home
MIL,Mon 9/15,OFF
MIL,Tue 9/16,Home
MIL,Wed 9/17,Home
MIL,Thu 9/18,Home
MIL,Fri 9/19,Away at STL
MIL,Sat 9/20,Away at STL
MIL,Sun 9/21,Away at STL
MIL,Mon 9/22,Away at SDP
MIL,Tue 9/23,Away at SDP
MIL,Wed 9/24,Away at SDP
MIL,Thu 9/25,OFF
MIL,Fri 9/26,Home
MIL,Sat 9/27,Home
MIL,Sun 9/28,Home
PIT,Wed 5/28,Away at ARI
PIT,Thu 5/29,OFF
PIT,Fri 5/30,Away at SDP
PIT,Sat 5/31,Away at SDP
PIT,Sun 6/1,Away at SDP
PIT,Mon 6/2,OFF
PIT,Tue 6/3,Home
PIT,Wed 6/4,Home
PIT,Thu 6/5,Home
PIT,Fri 6/6,Home
PIT,Sat 6/7,Home
PIT,Sun 6/8,Home
PIT,Mon 6/9,Home
PIT,Tue 6/10,Home
PIT,Wed 6/11,Home
PIT,Thu 6/12,Away at CHC
PIT,Fri 6/13,Away at CHC
PIT,Sat 6/14,Away at CHC
PIT,Sun 6/15,Away at CHC
PIT,Mon 6/16,OFF
PIT,Tue 6/17,Away at DET
PIT,Wed 6/18,Away at DET
PIT,Thu 6/19,Away at DET
PIT,Fri 6/20,Home
PIT,Sat 6/21,Home
PIT,Sun 6/22,Home
PIT,Mon 6/23,Away at MIL
PIT,Tue 6/24,Away at MIL
PIT,Wed 6/25,Away at MIL
PIT,Thu 6/26,OFF
PIT,Fri 6/27,Home
PIT,Sat 6/28,Home
PIT,Sun 6/29,Home
PIT,Mon 6/30,Home
PIT,Tue 7/1,Home
PIT,Wed 7/2,Home
PIT,Thu 7/3,OFF
PIT,Fri 7/4,Away at SEA
PIT,Sat 7/5,Away at SEA
PIT,Sun 7/6,Away at SEA
PIT,Mon 7/7,Away at KCR
PIT,Tue 7/8,Away at KCR
PIT,Wed 7/9,Away at KCR
PIT,Thu 7/10,OFF
PIT,Fri 7/11,Away at MIN
PIT,Sat 7/12,Away at MIN
PIT,Sun 7/13,Away at MIN
PIT,Mon 7/14,OFF
PIT,Tue 7/15,OFF
PIT,Wed 7/16,OFF
PIT,Thu 7/17,OFF
PIT,Fri 7/18,Home
PIT,Sat 7/19,Home
PIT,Sun 7/20,Home
PIT,Mon 7/21,Home
PIT,Tue 7/22,Home
PIT,Wed 7/23,Home
PIT,Thu 7/24,OFF
PIT,Fri 7/25,Home
PIT,Sat 7/26,Home
PIT,Sun 7/27,Home
PIT,Mon 7/28,Away at SFG
PIT,Tue 7/29,Away at SFG
PIT,Wed 7/30,Away at SFG
PIT,Thu 7/31,OFF
PIT,Fri 8/1,Away at COL
PIT,Sat 8/2,Away at COL
PIT,Sun 8/3,Away at COL
PIT,Mon 8/4,Home
PIT,Tue 8/5,Home
PIT,Wed 8/6,Home
PIT,Thu 8/7,Home
PIT,Fri 8/8,Home
PIT,Sat 8/9,Home
PIT,Sun 8/10,Home
PIT,Mon 8/11,Away at MIL
PIT,Tue 8/12,Away at MIL
PIT,Wed 8/13,Away at MIL
PIT,Thu 8/14,OFF
PIT,Fri 8/15,Away at CHC
PIT,Sat 8/16,Away at CHC
PIT,Sun 8/17,Away at CHC
PIT,Mon 8/18,Home
PIT,Tue 8/19,Home
PIT,Wed 8/20,Home
PIT,Thu 8/21,OFF
PIT,Fri 8/22,Home
PIT,Sat 8/23,Home
PIT,Sun 8/24,Home
PIT,Mon 8/25,Away at STL
PIT,Tue 8/26,Away at STL
PIT,Wed 8/27,Away at STL
PIT,Thu 8/28,Away at STL
PIT,Fri 8/29,Away at BOS
PIT,Sat 8/30,Away at BOS
PIT,Sun 8/31,Away at BOS
PIT,Mon 9/1,OFF
PIT,Tue 9/2,Home
PIT,Wed 9/3,Home
PIT,Thu 9/4,Home
PIT,Fri 9/5,Home
PIT,Sat 9/6,Home
PIT,Sun 9/7,Home
PIT,Mon 9/8,OFF
PIT,Tue 9/9,Away at BAL
PIT,Wed 9/10,Away at BAL
PIT,Thu 9/11,Away at BAL
PIT,Fri 9/12,Away at WSN
PIT,Sat 9/13,Away at WSN
PIT,Sun 9/14,Away at WSN
PIT,Mon 9/15,Home
PIT,Tue 9/16,Home
PIT,Wed 9/17,Home
PIT,Thu 9/18,OFF
PIT,Fri 9/19,Home
PIT,Sat 9/20,Home
PIT,Sun 9/21,Home
PIT,Mon 9/22,OFF
PIT,Tue 9/23,Away at CIN
PIT,Wed 9/24,Away at CIN
PIT,Thu 9/25,Away at CIN
PIT,Fri 9/26,Away at ATL
PIT,Sat 9/27,Away at ATL
PIT,Sun 9/28,Away at ATL
STL,Wed 5/28,Away at BAL
STL,Thu 5/29,OFF
STL,Fri 5/30,Away at TEX
STL,Sat 5/31,Away at TEX
STL,Sun 6/1,Away at TEX
STL,Mon 6/2,OFF
STL,Tue 6/3,Home
STL,Wed 6/4,Home
STL,Thu 6/5,Home
STL,Fri 6/6,Home
STL,Sat 6/7,Home
STL,Sun 6/8,Home
STL,Mon 6/9,Home
STL,Tue 6/10,Home
STL,Wed 6/11,Home
STL,Thu 6/12,Away at MIL
STL,Fri 6/13,Away at MIL
STL,Sat 6/14,Away at MIL
STL,Sun 6/15,Away at MIL
STL,Mon 6/16,OFF
STL,Tue 6/17,Away at CHW
STL,Wed 6/18,Away at CHW
STL,Thu 6/19,Away at CHW
STL,Fri 6/20,Home
STL,Sat 6/21,Home
STL,Sun 6/22,Home
STL,Mon 6/23,Home
STL,Tue 6/24,Home
STL,Wed 6/25,Home
STL,Thu 6/26,Home
STL,Fri 6/27,Away at CLE
STL,Sat 6/28,Away at CLE
STL,Sun 6/29,Away at CLE
STL,Mon 6/30,Away at PIT
STL,Tue 7/1,Away at PIT
STL,Wed 7/2,Away at PIT
STL,Thu 7/3,OFF
STL,Fri 7/4,Away at CHC
STL,Sat 7/5,Away at CHC
STL,Sun 7/6,Away at CHC
STL,Mon 7/7,OFF
STL,Tue 7/8,Home
STL,Wed 7/9,Home
STL,Thu 7/10,Home
STL,Fri 7/11,Home
STL,Sat 7/12,Home
STL,Sun 7/13,Home
STL,Mon 7/14,OFF
STL,Tue 7/15,OFF
STL,Wed 7/16,OFF
STL,Thu 7/17,OFF
STL,Fri 7/18,Away at ARI
STL,Sat 7/19,Away at ARI
STL,Sun 7/20,Away at ARI
STL,Mon 7/21,Away at COL
STL,Tue 7/22,Away at COL
STL,Wed 7/23,Away at COL
STL,Thu 7/24,Home
STL,Fri 7/25,Home
STL,Sat 7/26,Home
STL,Sun 7/27,Home
STL,Mon 7/28,Home
STL,Tue 7/29,Home
STL,Wed 7/30,Home
STL,Thu 7/31,OFF
STL,Fri 8/1,Away at SDP
STL,Sat 8/2,Away at SDP
STL,Sun 8/3,Away at SDP
STL,Mon 8/4,Away at LAD
STL,Tue 8/5,Away at LAD
STL,Wed 8/6,Away at LAD
STL,Thu 8/7,OFF
STL,Fri 8/8,Home
STL,Sat 8/9,Home
STL,Sun 8/10,Home
STL,Mon 8/11,Home
STL,Tue 8/12,Home
STL,Wed 8/13,Home
STL,Thu 8/14,OFF
STL,Fri 8/15,Home
STL,Sat 8/16,Home
STL,Sun 8/17,Home
STL,Mon 8/18,Away at MIA
STL,Tue 8/19,Away at MIA
STL,Wed 8/20,Away at MIA
STL,Thu 8/21,OFF
STL,Fri 8/22,Away at TBR
STL,Sat 8/23,Away at TBR
STL,Sun 8/24,Away at TBR
STL,Mon 8/25,Home
STL,Tue 8/26,Home
STL,Wed 8/27,Home
STL,Thu 8/28,Home
STL,Fri 8/29,Away at CIN
STL,Sat 8/30,Away at CIN
STL,Sun 8/31,Away at CIN
STL,Mon 9/1,Home
STL,Tue 9/2,Home
STL,Wed 9/3,Home
STL,Thu 9/4,OFF
STL,Fri 9/5,Home
STL,Sat 9/6,Home
STL,Sun 9/7,Home
STL,Mon 9/8,Away at SEA
STL,Tue 9/9,Away at SEA
STL,Wed 9/10,Away at SEA
STL,Thu 9/11,OFF
STL,Fri 9/12,Away at MIL
STL,Sat 9/13,Away at MIL
STL,Sun 9/14,Away at MIL
STL,Mon 9/15,Home
STL,Tue 9/16,Home
STL,Wed 9/17,Home
STL,Thu 9/18,OFF
STL,Fri 9/19,Home
STL,Sat 9/20,Home
STL,Sun 9/21,Home
STL,Mon 9/22,Away at SFG
STL,Tue 9/23,Away at SFG
STL,Wed 9/24,Away at SFG
STL,Thu 9/25,OFF
STL,Fri 9/26,Away at CHC
STL,Sat 9/27,Away at CHC
STL,Sun 9/28,Away at CHC
ARI,Wed 5/28,Home
ARI,Thu 5/29,OFF
ARI,Fri 5/30,Home
ARI,Sat 5/31,Home
ARI,Sun 6/1,Home
ARI,Mon 6/2,OFF
ARI,Tue 6/3,Away at ATL
ARI,Wed 6/4,Away at ATL
ARI,Thu 6/5,Away at ATL
ARI,Fri 6/6,Away at CIN
ARI,Sat 6/7,Away at CIN
ARI,Sun 6/8,Away at CIN
ARI,Mon 6/9,Home
ARI,Tue 6/10,Home
ARI,Wed 6/11,Home
ARI,Thu 6/12,OFF
ARI,Fri 6/13,Home
ARI,Sat 6/14,Home
ARI,Sun 6/15,Home
ARI,Mon 6/16,OFF
ARI,Tue 6/17,Away at TOR
ARI,Wed 6/18,Away at TOR
ARI,Thu 6/19,Away at TOR
ARI,Fri 6/20,Away at COL
ARI,Sat 6/21,Away at COL
ARI,Sun 6/22,Away at COL
ARI,Mon 6/23,Away at CHW
ARI,Tue 6/24,Away at CHW
ARI,Wed 6/25,Away at CHW
ARI,Thu 6/26,OFF
ARI,Fri 6/27,Home
ARI,Sat 6/28,Home
ARI,Sun 6/29,Home
ARI,Mon 6/30,Home
ARI,Tue 7/1,Home
ARI,Wed 7/2,Home
ARI,Thu 7/3,Home
ARI,Fri 7/4,Home
ARI,Sat 7/5,Home
ARI,Sun 7/6,Home
ARI,Mon 7/7,Away at SDP
ARI,Tue 7/8,Away at SDP
ARI,Wed 7/9,Away at SDP
ARI,Thu 7/10,Away at SDP
ARI,Fri 7/11,Away at LAA
ARI,Sat 7/12,Away at LAA
ARI,Sun 7/13,Away at LAA
ARI,Mon 7/14,OFF
ARI,Tue 7/15,OFF
ARI,Wed 7/16,OFF
ARI,Thu 7/17,OFF
ARI,Fri 7/18,Home
ARI,Sat 7/19,Home
ARI,Sun 7/20,Home
ARI,Mon 7/21,Home
ARI,Tue 7/22,Home
ARI,Wed 7/23,Home
ARI,Thu 7/24,OFF
ARI,Fri 7/25,Away at PIT
ARI,Sat 7/26,Away at PIT
ARI,Sun 7/27,Away at PIT
ARI,Mon 7/28,Away at DET
ARI,Tue 7/29,Away at DET
ARI,Wed 7/30,Away at DET
ARI,Thu 7/31,OFF
ARI,Fri 8/1,Away at ATH
ARI,Sat 8/2,Away at ATH
ARI,Sun 8/3,Away at ATH
ARI,Mon 8/4,Home
ARI,Tue 8/5,Home
ARI,Wed 8/6,Home
ARI,Thu 8/7,OFF
ARI,Fri 8/8,Home
ARI,Sat 8/9,Home
ARI,Sun 8/10,Home
ARI,Mon 8/11,Away at TEX
ARI,Tue 8/12,Away at TEX
ARI,Wed 8/13,Away at TEX
ARI,Thu 8/14,Away at COL
ARI,Fri 8/15,Away at COL
ARI,Sat 8/16,Away at COL
ARI,Sun 8/17,Away at COL
ARI,Mon 8/18,Home
ARI,Tue 8/19,Home
ARI,Wed 8/20,Home
ARI,Thu 8/21,OFF
ARI,Fri 8/22,Home
ARI,Sat 8/23,Home
ARI,Sun 8/24,Home
ARI,Mon 8/25,Away at MIL
ARI,Tue 8/26,Away at MIL
ARI,Wed 8/27,Away at MIL
ARI,Thu 8/28,Away at MIL
ARI,Fri 8/29,Away at LAD
ARI,Sat 8/30,Away at LAD
ARI,Sun 8/31,Away at LAD
ARI,Mon 9/1,Home
ARI,Tue 9/2,Home
ARI,Wed 9/3,Home
ARI,Thu 9/4,OFF
ARI,Fri 9/5,Home
ARI,Sat 9/6,Home
ARI,Sun 9/7,Home
ARI,Mon 9/8,Away at SFG
ARI,Tue 9/9,Away at SFG
ARI,Wed 9/10,Away at SFG
ARI,Thu 9/11,OFF
ARI,Fri 9/12,Away at MIN
ARI,Sat 9/13,Away at MIN
ARI,Sun 9/14,Away at MIN
ARI,Mon 9/15,Home
ARI,Tue 9/16,Home
ARI,Wed 9/17,Home
ARI,Thu 9/18,OFF
ARI,Fri 9/19,Home
ARI,Sat 9/20,Home
ARI,Sun 9/21,Home
ARI,Mon 9/22,OFF
ARI,Tue 9/23,Home
ARI,Wed 9/24,Home
ARI,Thu 9/25,Home
ARI,Fri 9/26,Away at SDP
ARI,Sat 9/27,Away at SDP
ARI,Sun 9/28,Away at SDP
COL,Wed 5/28,Away at CHC
COL,Thu 5/29,OFF
COL,Fri 5/30,Away at NYM
COL,Sat 5/31,Away at NYM
COL,Sun 6/1,Away at NYM
COL,Mon 6/2,Away at MIA
COL,Tue 6/3,Away at MIA
COL,Wed 6/4,Away at MIA
COL,Thu 6/5,OFF
COL,Fri 6/6,Home
COL,Sat 6/7,Home
COL,Sun 6/8,Home
COL,Mon 6/9,OFF
COL,Tue 6/10,Home
COL,Wed 6/11,Home
COL,Thu 6/12,Home
COL,Fri 6/13,Away at ATL
COL,Sat 6/14,Away at ATL
COL,Sun 6/15,Away at ATL
COL,Mon 6/16,Away at WSN
COL,Tue 6/17,Away at WSN
COL,Wed 6/18,Away at WSN
COL,Thu 6/19,Away at WSN
COL,Fri 6/20,Home
COL,Sat 6/21,Home
COL,Sun 6/22,Home
COL,Mon 6/23,OFF
COL,Tue 6/24,Home
COL,Wed 6/25,Home
COL,Thu 6/26,Home
COL,Fri 6/27,Away at MIL
COL,Sat 6/28,Away at MIL
COL,Sun 6/29,Away at MIL
COL,Mon 6/30,OFF
COL,Tue 7/1,Home
COL,Wed 7/2,Home
COL,Thu 7/3,Home
COL,Fri 7/4,Home
COL,Sat 7/5,Home
COL,Sun 7/6,Home
COL,Mon 7/7,Away at BOS
COL,Tue 7/8,Away at BOS
COL,Wed 7/9,Away at BOS
COL,Thu 7/10,OFF
COL,Fri 7/11,Away at CIN
COL,Sat 7/12,Away at CIN
COL,Sun 7/13,Away at CIN
COL,Mon 7/14,OFF
COL,Tue 7/15,OFF
COL,Wed 7/16,OFF
COL,Thu 7/17,OFF
COL,Fri 7/18,Home
COL,Sat 7/19,Home
COL,Sun 7/20,Home
COL,Mon 7/21,Home
COL,Tue 7/22,Home
COL,Wed 7/23,Home
COL,Thu 7/24,OFF
COL,Fri 7/25,Away at BAL
COL,Sat 7/26,Away at BAL
COL,Sun 7/27,Away at BAL
COL,Mon 7/28,Away at CLE
COL,Tue 7/29,Away at CLE
COL,Wed 7/30,Away at CLE
COL,Thu 7/31,OFF
COL,Fri 8/1,Home
COL,Sat 8/2,Home
COL,Sun 8/3,Home
COL,Mon 8/4,Home
COL,Tue 8/5,Home
COL,Wed 8/6,Home
COL,Thu 8/7,OFF
COL,Fri 8/8,Away at ARI
COL,Sat 8/9,Away at ARI
COL,Sun 8/10,Away at ARI
COL,Mon 8/11,Away at STL
COL,Tue 8/12,Away at STL
COL,Wed 8/13,Away at STL
COL,Thu 8/14,Home
COL,Fri 8/15,Home
COL,Sat 8/16,Home
COL,Sun 8/17,Home
COL,Mon 8/18,Home
COL,Tue 8/19,Home
COL,Wed 8/20,Home
COL,Thu 8/21,Home
COL,Fri 8/22,Away at PIT
COL,Sat 8/23,Away at PIT
COL,Sun 8/24,Away at PIT
COL,Mon 8/25,OFF
COL,Tue 8/26,Away at HOU
COL,Wed 8/27,Away at HOU
COL,Thu 8/28,Away at HOU
COL,Fri 8/29,Home
COL,Sat 8/30,Home
COL,Sun 8/31,Home
COL,Mon 9/1,Home
COL,Tue 9/2,Home
COL,Wed 9/3,Home
COL,Thu 9/4,OFF
COL,Fri 9/5,Home
COL,Sat 9/6,Home
COL,Sun 9/7,Home
COL,Mon 9/8,Away at LAD
COL,Tue 9/9,Away at LAD
COL,Wed 9/10,Away at LAD
COL,Thu 9/11,Away at SDP
COL,Fri 9/12,Away at SDP
COL,Sat 9/13,Away at SDP
COL,Sun 9/14,Away at SDP
COL,Mon 9/15,OFF
COL,Tue 9/16,Home
COL,Wed 9/17,Home
COL,Thu 9/18,Home
COL,Fri 9/19,Home
COL,Sat 9/20,Home
COL,Sun 9/21,Home
COL,Mon 9/22,OFF
COL,Tue 9/23,Away at SEA
COL,Wed 9/24,Away at SEA
COL,Thu 9/25,Away at SEA
COL,Fri 9/26,Away at SFG
COL,Sat 9/27,Away at SFG
COL,Sun 9/28,Away at SFG
LAD,Wed 5/28,Away at CLE
LAD,Thu 5/29,OFF
LAD,Fri 5/30,Home
LAD,Sat 5/31,Home
LAD,Sun 6/1,Home
LAD,Mon 6/2,Home
LAD,Tue 6/3,Home
LAD,Wed 6/4,Home
LAD,Thu 6/5,Home
LAD,Fri 6/6,Away at STL
LAD,Sat 6/7,Away at STL
LAD,Sun 6/8,Away at STL
LAD,Mon 6/9,Away at SDP
LAD,Tue 6/10,Away at SDP
LAD,Wed 6/11,Away at SDP
LAD,Thu 6/12,OFF
LAD,Fri 6/13,Home
LAD,Sat 6/14,Home
LAD,Sun 6/15,Home
LAD,Mon 6/16,Home
LAD,Tue 6/17,Home
LAD,Wed 6/18,Home
LAD,Thu 6/19,Home
LAD,Fri 6/20,Home
LAD,Sat 6/21,Home
LAD,Sun 6/22,Home
LAD,Mon 6/23,OFF
LAD,Tue 6/24,Away at COL
LAD,Wed 6/25,Away at COL
LAD,Thu 6/26,Away at COL
LAD,Fri 6/27,Away at KCR
LAD,Sat 6/28,Away at KCR
LAD,Sun 6/29,Away at KCR
LAD,Mon 6/30,OFF
LAD,Tue 7/1,Home
LAD,Wed 7/2,Home
LAD,Thu 7/3,Home
LAD,Fri 7/4,Home
LAD,Sat 7/5,Home
LAD,Sun 7/6,Home
LAD,Mon 7/7,Away at MIL
LAD,Tue 7/8,Away at MIL
LAD,Wed 7/9,Away at MIL
LAD,Thu 7/10,OFF
LAD,Fri 7/11,Away at SFG
LAD,Sat 7/12,Away at SFG
LAD,Sun 7/13,Away at SFG
LAD,Mon 7/14,OFF
LAD,Tue 7/15,OFF
LAD,Wed 7/16,OFF
LAD,Thu 7/17,OFF
LAD,Fri 7/18,Home
LAD,Sat 7/19,Home
LAD,Sun 7/20,Home
LAD,Mon 7/21,Home
LAD,Tue 7/22,Home
LAD,Wed 7/23,Home
LAD,Thu 7/24,OFF
LAD,Fri 7/25,Away at BOS
LAD,Sat 7/26,Away at BOS
LAD,Sun 7/27,Away at BOS
LAD,Mon 7/28,Away at CIN
LAD,Tue 7/29,Away at CIN
LAD,Wed 7/30,Away at CIN
LAD,Thu 7/31,OFF
LAD,Fri 8/1,Away at TBR
LAD,Sat 8/2,Away at TBR
LAD,Sun 8/3,Away at TBR
LAD,Mon 8/4,Home
LAD,Tue 8/5,Home
LAD,Wed 8/6,Home
LAD,Thu 8/7,OFF
LAD,Fri 8/8,Home
LAD,Sat 8/9,Home
LAD,Sun 8/10,Home
LAD,Mon 8/11,Away at LAA
LAD,Tue 8/12,Away at LAA
LAD,Wed 8/13,Away at LAA
LAD,Thu 8/14,OFF
LAD,Fri 8/15,Home
LAD,Sat 8/16,Home
LAD,Sun 8/17,Home
LAD,Mon 8/18,Away at COL
LAD,Tue 8/19,Away at COL
LAD,Wed 8/20,Away at COL
LAD,Thu 8/21,Away at COL
LAD,Fri 8/22,Away at SDP
LAD,Sat 8/23,Away at SDP
LAD,Sun 8/24,Away at SDP
LAD,Mon 8/25,Home
LAD,Tue 8/26,Home
LAD,Wed 8/27,Home
LAD,Thu 8/28,OFF
LAD,Fri 8/29,Home
LAD,Sat 8/30,Home
LAD,Sun 8/31,Home
LAD,Mon 9/1,OFF
LAD,Tue 9/2,Away at PIT
LAD,Wed 9/3,Away at PIT
LAD,Thu 9/4,Away at PIT
LAD,Fri 9/5,Away at BAL
LAD,Sat 9/6,Away at BAL
LAD,Sun 9/7,Away at BAL
LAD,Mon 9/8,Home
LAD,Tue 9/9,Home
LAD,Wed 9/10,Home
LAD,Thu 9/11,OFF
LAD,Fri 9/12,Away at SFG
LAD,Sat 9/13,Away at SFG
LAD,Sun 9/14,Away at SFG
LAD,Mon 9/15,Home
LAD,Tue 9/16,Home
LAD,Wed 9/17,Home
LAD,Thu 9/18,Home
LAD,Fri 9/19,Home
LAD,Sat 9/20,Home
LAD,Sun 9/21,Home
LAD,Mon 9/22,OFF
LAD,Tue 9/23,Away at ARI
LAD,Wed 9/24,Away at ARI
LAD,Thu 9/25,Away at ARI
LAD,Fri 9/26,Away at SEA
LAD,Sat 9/27,Away at SEA
LAD,Sun 9/28,Away at SEA
SDP,Wed 5/28,Home
SDP,Thu 5/29,OFF
SDP,Fri 5/30,Home
SDP,Sat 5/31,Home
SDP,Sun 6/1,Home
SDP,Mon 6/2,Away at SFG
SDP,Tue 6/3,Away at SFG
SDP,Wed 6/4,Away at SFG
SDP,Thu 6/5,Away at SFG
SDP,Fri 6/6,Away at MIL
SDP,Sat 6/7,Away at MIL
SDP,Sun 6/8,Away at MIL
SDP,Mon 6/9,Home
SDP,Tue 6/10,Home
SDP,Wed 6/11,Home
SDP,Thu 6/12,OFF
SDP,Fri 6/13,Away at ARI
SDP,Sat 6/14,Away at ARI
SDP,Sun 6/15,Away at ARI
SDP,Mon 6/16,Away at LAD
SDP,Tue 6/17,Away at LAD
SDP,Wed 6/18,Away at LAD
SDP,Thu 6/19,Away at LAD
SDP,Fri 6/20,Home
SDP,Sat 6/21,Home
SDP,Sun 6/22,Home
SDP,Mon 6/23,Home
SDP,Tue 6/24,Home
SDP,Wed 6/25,Home
SDP,Thu 6/26,OFF
SDP,Fri 6/27,Away at CIN
SDP,Sat 6/28,Away at CIN
SDP,Sun 6/29,Away at CIN
SDP,Mon 6/30,Away at PHI
SDP,Tue 7/1,Away at PHI
SDP,Wed 7/2,Away at PHI
SDP,Thu 7/3,OFF
SDP,Fri 7/4,Home
SDP,Sat 7/5,Home
SDP,Sun 7/6,Home
SDP,Mon 7/7,Home
SDP,Tue 7/8,Home
SDP,Wed 7/9,Home
SDP,Thu 7/10,Home
SDP,Fri 7/11,Home
SDP,Sat 7/12,Home
SDP,Sun 7/13,Home
SDP,Mon 7/14,OFF
SDP,Tue 7/15,OFF
SDP,Wed 7/16,OFF
SDP,Thu 7/17,OFF
SDP,Fri 7/18,Away at WSN
SDP,Sat 7/19,Away at WSN
SDP,Sun 7/20,Away at WSN
SDP,Mon 7/21,Away at MIA
SDP,Tue 7/22,Away at MIA
SDP,Wed 7/23,Away at MIA
SDP,Thu 7/24,Away at STL
SDP,Fri 7/25,Away at STL
SDP,Sat 7/26,Away at STL
SDP,Sun 7/27,Away at STL
SDP,Mon 7/28,Home
SDP,Tue 7/29,Home
SDP,Wed 7/30,Home
SDP,Thu 7/31,OFF
SDP,Fri 8/1,Home
SDP,Sat 8/2,Home
SDP,Sun 8/3,Home
SDP,Mon 8/4,Away at ARI
SDP,Tue 8/5,Away at ARI
SDP,Wed 8/6,Away at ARI
SDP,Thu 8/7,OFF
SDP,Fri 8/8,Home
SDP,Sat 8/9,Home
SDP,Sun 8/10,Home
SDP,Mon 8/11,Away at SFG
SDP,Tue 8/12,Away at SFG
SDP,Wed 8/13,Away at SFG
SDP,Thu 8/14,OFF
SDP,Fri 8/15,Away at LAD
SDP,Sat 8/16,Away at LAD
SDP,Sun 8/17,Away at LAD
SDP,Mon 8/18,Home
SDP,Tue 8/19,Home
SDP,Wed 8/20,Home
SDP,Thu 8/21,Home
SDP,Fri 8/22,Home
SDP,Sat 8/23,Home
SDP,Sun 8/24,Home
SDP,Mon 8/25,Away at SEA
SDP,Tue 8/26,Away at SEA
SDP,Wed 8/27,Away at SEA
SDP,Thu 8/28,OFF
SDP,Fri 8/29,Away at MIN
SDP,Sat 8/30,Away at MIN
SDP,Sun 8/31,Away at MIN
SDP,Mon 9/1,Home
SDP,Tue 9/2,Home
SDP,Wed 9/3,Home
SDP,Thu 9/4,OFF
SDP,Fri 9/5,Away at COL
SDP,Sat 9/6,Away at COL
SDP,Sun 9/7,Away at COL
SDP,Mon 9/8,Home
SDP,Tue 9/9,Home
SDP,Wed 9/10,Home
SDP,Thu 9/11,Home
SDP,Fri 9/12,Home
SDP,Sat 9/13,Home
SDP,Sun 9/14,Home
SDP,Mon 9/15,OFF
SDP,Tue 9/16,Away at NYM
SDP,Wed 9/17,Away at NYM
SDP,Thu 9/18,Away at NYM
SDP,Fri 9/19,Away at CHW
SDP,Sat 9/20,Away at CHW
SDP,Sun 9/21,Away at CHW
SDP,Mon 9/22,Home
SDP,Tue 9/23,Home
SDP,Wed 9/24,Home
SDP,Thu 9/25,OFF
SDP,Fri 9/26,Home
SDP,Sat 9/27,Home
SDP,Sun 9/28,Home
SFG,Wed 5/28,Away at DET
SFG,Thu 5/29,OFF
SFG,Fri 5/30,Away at MIA
SFG,Sat 5/31,Away at MIA
SFG,Sun 6/1,Away at MIA
SFG,Mon 6/2,Home
SFG,Tue 6/3,Home
SFG,Wed 6/4,Home
SFG,Thu 6/5,Home
SFG,Fri 6/6,Home
SFG,Sat 6/7,Home
SFG,Sun 6/8,Home
SFG,Mon 6/9,OFF
SFG,Tue 6/10,Away at COL
SFG,Wed 6/11,Away at COL
SFG,Thu 6/12,Away at COL
SFG,Fri 6/13,Away at LAD
SFG,Sat 6/14,Away at LAD
SFG,Sun 6/15,Away at LAD
SFG,Mon 6/16,OFF
SFG,Tue 6/17,Home
SFG,Wed 6/18,Home
SFG,Thu 6/19,Home
SFG,Fri 6/20,Home
SFG,Sat 6/21,Home
SFG,Sun 6/22,Home
SFG,Mon 6/23,OFF
SFG,Tue 6/24,Home
SFG,Wed 6/25,Home
SFG,Thu 6/26,Home
SFG,Fri 6/27,Away at CHW
SFG,Sat 6/28,Away at CHW
SFG,Sun 6/29,Away at CHW
SFG,Mon 6/30,Away at ARI
SFG,Tue 7/1,Away at ARI
SFG,Wed 7/2,Away at ARI
SFG,Thu 7/3,Away at ARI
SFG,Fri 7/4,Away at ATH
SFG,Sat 7/5,Away at ATH
SFG,Sun 7/6,Away at ATH
SFG,Mon 7/7,Home
SFG,Tue 7/8,Home
SFG,Wed 7/9,Home
SFG,Thu 7/10,OFF
SFG,Fri 7/11,Home
SFG,Sat 7/12,Home
SFG,Sun 7/13,Home
SFG,Mon 7/14,OFF
SFG,Tue 7/15,OFF
SFG,Wed 7/16,OFF
SFG,Thu 7/17,OFF
SFG,Fri 7/18,Away at TOR
SFG,Sat 7/19,Away at TOR
SFG,Sun 7/20,Away at TOR
SFG,Mon 7/21,Away at ATL
SFG,Tue 7/22,Away at ATL
SFG,Wed 7/23,Away at ATL
SFG,Thu 7/24,OFF
SFG,Fri 7/25,Home
SFG,Sat 7/26,Home
SFG,Sun 7/27,Home
SFG,Mon 7/28,Home
SFG,Tue 7/29,Home
SFG,Wed 7/30,Home
SFG,Thu 7/31,OFF
SFG,Fri 8/1,Away at NYM
SFG,Sat 8/2,Away at NYM
SFG,Sun 8/3,Away at NYM
SFG,Mon 8/4,Away at PIT
SFG,Tue 8/5,Away at PIT
SFG,Wed 8/6,Away at PIT
SFG,Thu 8/7,OFF
SFG,Fri 8/8,Home
SFG,Sat 8/9,Home
SFG,Sun 8/10,Home
SFG,Mon 8/11,Home
SFG,Tue 8/12,Home
SFG,Wed 8/13,Home
SFG,Thu 8/14,OFF
SFG,Fri 8/15,Home
SFG,Sat 8/16,Home
SFG,Sun 8/17,Home
SFG,Mon 8/18,Away at SDP
SFG,Tue 8/19,Away at SDP
SFG,Wed 8/20,Away at SDP
SFG,Thu 8/21,Away at SDP
SFG,Fri 8/22,Away at MIL
SFG,Sat 8/23,Away at MIL
SFG,Sun 8/24,Away at MIL
SFG,Mon 8/25,OFF
SFG,Tue 8/26,Home
SFG,Wed 8/27,Home
SFG,Thu 8/28,Home
SFG,Fri 8/29,Home
SFG,Sat 8/30,Home
SFG,Sun 8/31,Home
SFG,Mon 9/1,Away at COL
SFG,Tue 9/2,Away at COL
SFG,Wed 9/3,Away at COL
SFG,Thu 9/4,OFF
SFG,Fri 9/5,Away at STL
SFG,Sat 9/6,Away at STL
SFG,Sun 9/7,Away at STL
SFG,Mon 9/8,Home
SFG,Tue 9/9,Home
SFG,Wed 9/10,Home
SFG,Thu 9/11,OFF
SFG,Fri 9/12,Home
SFG,Sat 9/13,Home
SFG,Sun 9/14,Home
SFG,Mon 9/15,Away at ARI
SFG,Tue 9/16,Away at ARI
SFG,Wed 9/17,Away at ARI
SFG,Thu 9/18,Away at LAD
SFG,Fri 9/19,Away at LAD
SFG,Sat 9/20,Away at LAD
SFG,Sun 9/21,Away at LAD
SFG,Mon 9/22,Home
SFG,Tue 9/23,Home
SFG,Wed 9/24,Home
SFG,Thu 9/25,OFF
SFG,Fri 9/26,Home
SFG,Sat 9/27,Home
SFG,Sun 9/28,Home
