Player,Position,Team,Prop Type,Prop Value,Opposing Team,Odds Category,Start Time,Opponent Defensive Rating,Home/Away,Season Hit %,Last 10 Hit Percentage,GP (Season Stats),PPG (Season Stats),RPG (Season Stats),APG (Season Stats),SPG (Season Stats),BPG (Season Stats),FGM (Season Stats),FGA (Season Stats),3PM (Season Stats),3PA (Season Stats),FTM (Season Stats),FTA (Season Stats),OREB (Season Stats),DREB (Season Stats),TPG (Season Stats),GP (Last 5 Season),PPG (Last 5 Season),RPG (Last 5 Season),APG (Last 5 Season),SPG (Last 5 Season),BPG (Last 5 Season),FGM (Last 5 Season),FGA (Last 5 Season),3PM (Last 5 Season),3PA (Last 5 Season),FTM (Last 5 Season),FTA (Last 5 Season),OREB (Last 5 Season),DREB (Last 5 Season),TPG (Last 5 Season),GP (Last 10 Season),PPG (Last 10 Season),RPG (Last 10 Season),APG (Last 10 Season),SPG (Last 10 Season),BPG (Last 10 Season),FGM (Last 10 Season),FGA (Last 10 Season),3PM (Last 10 Season),3PA (Last 10 Season),FTM (Last 10 Season),FTA (Last 10 Season),OREB (Last 10 Season),DREB (Last 10 Season),TPG (Last 10 Season),GP (H2H Current Season),PPG (H2H Current Season),RPG (H2H Current Season),APG (H2H Current Season),SPG (H2H Current Season),BPG (H2H Current Season),FGM (H2H Current Season),FGA (H2H Current Season),3PM (H2H Current Season),3PA (H2H Current Season),FTM (H2H Current Season),FTA (H2H Current Season),OREB (H2H Current Season),DREB (H2H Current Season),TPG (H2H Current Season),GP (Last 10 H2H),PPG (Last 10 H2H),RPG (Last 10 H2H),APG (Last 10 H2H),SPG (Last 10 H2H),BPG (Last 10 H2H),FGM (Last 10 H2H),FGA (Last 10 H2H),3PM (Last 10 H2H),3PA (Last 10 H2H),FTM (Last 10 H2H),FTA (Last 10 H2H),OREB (Last 10 H2H),DREB (Last 10 H2H),TPG (Last 10 H2H)
Tyrese Haliburton,G,IND,points,17.5,OKC,base,Thu 8:30 PM,107.5,N/A,53.4%,33.3%,73,18.6,3.5,9.2,1.4,0.7,6.5,13.8,3.0,7.7,2.6,3.0,0.6,3.0,1.6,5,19.0,6.4,10.4,2.8,0.4,6.8,15.6,2.4,7.4,3.0,3.6,0.4,6.0,1.6,10,19.1,5.6,8.5,1.7,0.4,6.8,14.3,2.5,6.7,3.0,3.8,0.3,5.3,1.9,2.0,11.0,3.0,5.5,1.0,0.0,4.0,9.0,2.0,5.5,1.0,1.0,1.0,2.0,0.5,8,13.4,4.1,9.9,1.3,0.9,5.3,11.5,2.0,5.3,0.9,1.0,0.9,3.3,2.1
Myles Turner,C-F,IND,fg attempted,10.0,OKC,base,Thu 8:40 PM,107.5,N/A,54.2%,63.6%,72,15.6,6.5,1.5,0.8,2.0,5.4,11.3,2.2,5.5,2.6,3.3,1.3,5.3,1.7,5,12.8,2.8,1.4,0.4,2.0,4.4,7.8,1.2,3.6,2.8,3.8,0.8,2.0,2.2,10,14.6,4.4,1.3,0.5,2.3,5.0,9.4,1.5,3.5,3.1,4.2,1.3,3.1,1.6,2.0,11.5,8.0,1.5,0.0,2.5,3.0,9.5,0.5,3.5,5.0,8.0,3.0,5.0,2.5,10,12.3,5.8,1.4,0.5,2.8,4.5,10.0,1.0,2.6,2.3,3.4,1.9,3.9,1.8
Myles Turner,C-F,IND,free throws made,2.5,OKC,base,Thu 8:40 PM,107.5,N/A,45.8%,0%,72,15.6,6.5,1.5,0.8,2.0,5.4,11.3,2.2,5.5,2.6,3.3,1.3,5.3,1.7,5,12.8,2.8,1.4,0.4,2.0,4.4,7.8,1.2,3.6,2.8,3.8,0.8,2.0,2.2,10,14.6,4.4,1.3,0.5,2.3,5.0,9.4,1.5,3.5,3.1,4.2,1.3,3.1,1.6,2.0,11.5,8.0,1.5,0.0,2.5,3.0,9.5,0.5,3.5,5.0,8.0,3.0,5.0,2.5,10,12.3,5.8,1.4,0.5,2.8,4.5,10.0,1.0,2.6,2.3,3.4,1.9,3.9,1.8
Myles Turner,C-F,IND,two pointers attempted,5.5,OKC,base,Thu 8:40 PM,107.5,N/A,97.2%,0%,72,15.6,6.5,1.5,0.8,2.0,5.4,11.3,2.2,5.5,2.6,3.3,1.3,5.3,1.7,5,12.8,2.8,1.4,0.4,2.0,4.4,7.8,1.2,3.6,2.8,3.8,0.8,2.0,2.2,10,14.6,4.4,1.3,0.5,2.3,5.0,9.4,1.5,3.5,3.1,4.2,1.3,3.1,1.6,2.0,11.5,8.0,1.5,0.0,2.5,3.0,9.5,0.5,3.5,5.0,8.0,3.0,5.0,2.5,10,12.3,5.8,1.4,0.5,2.8,4.5,10.0,1.0,2.6,2.3,3.4,1.9,3.9,1.8
Myles Turner,C-F,IND,3-pt attempted,4.5,OKC,base,Thu 8:40 PM,107.5,N/A,63.9%,9.1%,72,15.6,6.5,1.5,0.8,2.0,5.4,11.3,2.2,5.5,2.6,3.3,1.3,5.3,1.7,5,12.8,2.8,1.4,0.4,2.0,4.4,7.8,1.2,3.6,2.8,3.8,0.8,2.0,2.2,10,14.6,4.4,1.3,0.5,2.3,5.0,9.4,1.5,3.5,3.1,4.2,1.3,3.1,1.6,2.0,11.5,8.0,1.5,0.0,2.5,3.0,9.5,0.5,3.5,5.0,8.0,3.0,5.0,2.5,10,12.3,5.8,1.4,0.5,2.8,4.5,10.0,1.0,2.6,2.3,3.4,1.9,3.9,1.8
Myles Turner,C-F,IND,fantasy score,26.5,OKC,base,Thu 8:40 PM,107.5,N/A,95.8%,0%,72,15.6,6.5,1.5,0.8,2.0,5.4,11.3,2.2,5.5,2.6,3.3,1.3,5.3,1.7,5,12.8,2.8,1.4,0.4,2.0,4.4,7.8,1.2,3.6,2.8,3.8,0.8,2.0,2.2,10,14.6,4.4,1.3,0.5,2.3,5.0,9.4,1.5,3.5,3.1,4.2,1.3,3.1,1.6,2.0,11.5,8.0,1.5,0.0,2.5,3.0,9.5,0.5,3.5,5.0,8.0,3.0,5.0,2.5,10,12.3,5.8,1.4,0.5,2.8,4.5,10.0,1.0,2.6,2.3,3.4,1.9,3.9,1.8
Myles Turner,C-F,IND,points,13.5,OKC,base,Thu 8:40 PM,107.5,N/A,63.9%,18.2%,72,15.6,6.5,1.5,0.8,2.0,5.4,11.3,2.2,5.5,2.6,3.3,1.3,5.3,1.7,5,12.8,2.8,1.4,0.4,2.0,4.4,7.8,1.2,3.6,2.8,3.8,0.8,2.0,2.2,10,14.6,4.4,1.3,0.5,2.3,5.0,9.4,1.5,3.5,3.1,4.2,1.3,3.1,1.6,2.0,11.5,8.0,1.5,0.0,2.5,3.0,9.5,0.5,3.5,5.0,8.0,3.0,5.0,2.5,10,12.3,5.8,1.4,0.5,2.8,4.5,10.0,1.0,2.6,2.3,3.4,1.9,3.9,1.8
Myles Turner,C-F,IND,personal fouls,3.0,OKC,base,Thu 8:40 PM,107.5,N/A,33.3%,0%,72,15.6,6.5,1.5,0.8,2.0,5.4,11.3,2.2,5.5,2.6,3.3,1.3,5.3,1.7,5,12.8,2.8,1.4,0.4,2.0,4.4,7.8,1.2,3.6,2.8,3.8,0.8,2.0,2.2,10,14.6,4.4,1.3,0.5,2.3,5.0,9.4,1.5,3.5,3.1,4.2,1.3,3.1,1.6,2.0,11.5,8.0,1.5,0.0,2.5,3.0,9.5,0.5,3.5,5.0,8.0,3.0,5.0,2.5,10,12.3,5.8,1.4,0.5,2.8,4.5,10.0,1.0,2.6,2.3,3.4,1.9,3.9,1.8
Myles Turner,C-F,IND,dunks,0.5,OKC,base,Thu 8:40 PM,107.5,N/A,0.0%,0%,72,15.6,6.5,1.5,0.8,2.0,5.4,11.3,2.2,5.5,2.6,3.3,1.3,5.3,1.7,5,12.8,2.8,1.4,0.4,2.0,4.4,7.8,1.2,3.6,2.8,3.8,0.8,2.0,2.2,10,14.6,4.4,1.3,0.5,2.3,5.0,9.4,1.5,3.5,3.1,4.2,1.3,3.1,1.6,2.0,11.5,8.0,1.5,0.0,2.5,3.0,9.5,0.5,3.5,5.0,8.0,3.0,5.0,2.5,10,12.3,5.8,1.4,0.5,2.8,4.5,10.0,1.0,2.6,2.3,3.4,1.9,3.9,1.8
Myles Turner,C-F,IND,pts+rebs+asts,20.5,OKC,base,Thu 8:40 PM,107.5,N/A,72.2%,27.3%,72,15.6,6.5,1.5,0.8,2.0,5.4,11.3,2.2,5.5,2.6,3.3,1.3,5.3,1.7,5,12.8,2.8,1.4,0.4,2.0,4.4,7.8,1.2,3.6,2.8,3.8,0.8,2.0,2.2,10,14.6,4.4,1.3,0.5,2.3,5.0,9.4,1.5,3.5,3.1,4.2,1.3,3.1,1.6,2.0,11.5,8.0,1.5,0.0,2.5,3.0,9.5,0.5,3.5,5.0,8.0,3.0,5.0,2.5,10,12.3,5.8,1.4,0.5,2.8,4.5,10.0,1.0,2.6,2.3,3.4,1.9,3.9,1.8
Myles Turner,C-F,IND,rebounds,5.5,OKC,base,Thu 8:40 PM,107.5,N/A,66.7%,36.4%,72,15.6,6.5,1.5,0.8,2.0,5.4,11.3,2.2,5.5,2.6,3.3,1.3,5.3,1.7,5,12.8,2.8,1.4,0.4,2.0,4.4,7.8,1.2,3.6,2.8,3.8,0.8,2.0,2.2,10,14.6,4.4,1.3,0.5,2.3,5.0,9.4,1.5,3.5,3.1,4.2,1.3,3.1,1.6,2.0,11.5,8.0,1.5,0.0,2.5,3.0,9.5,0.5,3.5,5.0,8.0,3.0,5.0,2.5,10,12.3,5.8,1.4,0.5,2.8,4.5,10.0,1.0,2.6,2.3,3.4,1.9,3.9,1.8
Myles Turner,C-F,IND,pts+rebs,19.0,OKC,base,Thu 8:40 PM,107.5,N/A,62.5%,36.4%,72,15.6,6.5,1.5,0.8,2.0,5.4,11.3,2.2,5.5,2.6,3.3,1.3,5.3,1.7,5,12.8,2.8,1.4,0.4,2.0,4.4,7.8,1.2,3.6,2.8,3.8,0.8,2.0,2.2,10,14.6,4.4,1.3,0.5,2.3,5.0,9.4,1.5,3.5,3.1,4.2,1.3,3.1,1.6,2.0,11.5,8.0,1.5,0.0,2.5,3.0,9.5,0.5,3.5,5.0,8.0,3.0,5.0,2.5,10,12.3,5.8,1.4,0.5,2.8,4.5,10.0,1.0,2.6,2.3,3.4,1.9,3.9,1.8
Myles Turner,C-F,IND,pts+asts,15.0,OKC,base,Thu 8:40 PM,107.5,N/A,62.5%,18.2%,72,15.6,6.5,1.5,0.8,2.0,5.4,11.3,2.2,5.5,2.6,3.3,1.3,5.3,1.7,5,12.8,2.8,1.4,0.4,2.0,4.4,7.8,1.2,3.6,2.8,3.8,0.8,2.0,2.2,10,14.6,4.4,1.3,0.5,2.3,5.0,9.4,1.5,3.5,3.1,4.2,1.3,3.1,1.6,2.0,11.5,8.0,1.5,0.0,2.5,3.0,9.5,0.5,3.5,5.0,8.0,3.0,5.0,2.5,10,12.3,5.8,1.4,0.5,2.8,4.5,10.0,1.0,2.6,2.3,3.4,1.9,3.9,1.8
Myles Turner,C-F,IND,free throws attempted,3.5,OKC,base,Thu 8:40 PM,107.5,N/A,44.4%,0%,72,15.6,6.5,1.5,0.8,2.0,5.4,11.3,2.2,5.5,2.6,3.3,1.3,5.3,1.7,5,12.8,2.8,1.4,0.4,2.0,4.4,7.8,1.2,3.6,2.8,3.8,0.8,2.0,2.2,10,14.6,4.4,1.3,0.5,2.3,5.0,9.4,1.5,3.5,3.1,4.2,1.3,3.1,1.6,2.0,11.5,8.0,1.5,0.0,2.5,3.0,9.5,0.5,3.5,5.0,8.0,3.0,5.0,2.5,10,12.3,5.8,1.4,0.5,2.8,4.5,10.0,1.0,2.6,2.3,3.4,1.9,3.9,1.8
Myles Turner,C-F,IND,fg made,4.5,OKC,base,Thu 8:40 PM,107.5,N/A,63.9%,36.4%,72,15.6,6.5,1.5,0.8,2.0,5.4,11.3,2.2,5.5,2.6,3.3,1.3,5.3,1.7,5,12.8,2.8,1.4,0.4,2.0,4.4,7.8,1.2,3.6,2.8,3.8,0.8,2.0,2.2,10,14.6,4.4,1.3,0.5,2.3,5.0,9.4,1.5,3.5,3.1,4.2,1.3,3.1,1.6,2.0,11.5,8.0,1.5,0.0,2.5,3.0,9.5,0.5,3.5,5.0,8.0,3.0,5.0,2.5,10,12.3,5.8,1.4,0.5,2.8,4.5,10.0,1.0,2.6,2.3,3.4,1.9,3.9,1.8
Tj Mcconnell,G,IND,fg attempted,5.5,OKC,base,Thu 8:40 PM,107.5,N/A,79.7%,90.9%,79,9.1,2.4,4.4,1.1,0.3,4.1,7.9,0.2,0.6,0.7,1.0,0.6,1.9,1.4,5,7.6,2.8,3.4,0.2,0.2,3.4,6.0,0.4,1.4,0.4,0.4,0.6,2.2,2.0,10,7.7,3.2,3.8,0.3,0.1,3.2,6.3,0.3,1.1,1.0,1.2,0.5,2.7,1.8,2.0,10.5,2.0,3.0,0.0,0.0,5.0,7.5,0.5,1.0,0.0,0.0,0.0,2.0,1.5,10,10.3,3.0,5.7,0.8,0.1,4.8,8.1,0.5,1.0,0.2,0.2,0.5,2.5,2.0
Tj Mcconnell,G,IND,pts+asts,10.5,OKC,base,Thu 8:40 PM,107.5,N/A,73.4%,81.8%,79,9.1,2.4,4.4,1.1,0.3,4.1,7.9,0.2,0.6,0.7,1.0,0.6,1.9,1.4,5,7.6,2.8,3.4,0.2,0.2,3.4,6.0,0.4,1.4,0.4,0.4,0.6,2.2,2.0,10,7.7,3.2,3.8,0.3,0.1,3.2,6.3,0.3,1.1,1.0,1.2,0.5,2.7,1.8,2.0,10.5,2.0,3.0,0.0,0.0,5.0,7.5,0.5,1.0,0.0,0.0,0.0,2.0,1.5,10,10.3,3.0,5.7,0.8,0.1,4.8,8.1,0.5,1.0,0.2,0.2,0.5,2.5,2.0
Tj Mcconnell,G,IND,two pointers attempted,5.0,OKC,base,Thu 8:40 PM,107.5,N/A,79.7%,0%,79,9.1,2.4,4.4,1.1,0.3,4.1,7.9,0.2,0.6,0.7,1.0,0.6,1.9,1.4,5,7.6,2.8,3.4,0.2,0.2,3.4,6.0,0.4,1.4,0.4,0.4,0.6,2.2,2.0,10,7.7,3.2,3.8,0.3,0.1,3.2,6.3,0.3,1.1,1.0,1.2,0.5,2.7,1.8,2.0,10.5,2.0,3.0,0.0,0.0,5.0,7.5,0.5,1.0,0.0,0.0,0.0,2.0,1.5,10,10.3,3.0,5.7,0.8,0.1,4.8,8.1,0.5,1.0,0.2,0.2,0.5,2.5,2.0
Tj Mcconnell,G,IND,assists,3.5,OKC,base,Thu 8:40 PM,107.5,N/A,64.6%,72.7%,79,9.1,2.4,4.4,1.1,0.3,4.1,7.9,0.2,0.6,0.7,1.0,0.6,1.9,1.4,5,7.6,2.8,3.4,0.2,0.2,3.4,6.0,0.4,1.4,0.4,0.4,0.6,2.2,2.0,10,7.7,3.2,3.8,0.3,0.1,3.2,6.3,0.3,1.1,1.0,1.2,0.5,2.7,1.8,2.0,10.5,2.0,3.0,0.0,0.0,5.0,7.5,0.5,1.0,0.0,0.0,0.0,2.0,1.5,10,10.3,3.0,5.7,0.8,0.1,4.8,8.1,0.5,1.0,0.2,0.2,0.5,2.5,2.0
Tj Mcconnell,G,IND,points,7.0,OKC,base,Thu 8:40 PM,107.5,N/A,64.6%,72.7%,79,9.1,2.4,4.4,1.1,0.3,4.1,7.9,0.2,0.6,0.7,1.0,0.6,1.9,1.4,5,7.6,2.8,3.4,0.2,0.2,3.4,6.0,0.4,1.4,0.4,0.4,0.6,2.2,2.0,10,7.7,3.2,3.8,0.3,0.1,3.2,6.3,0.3,1.1,1.0,1.2,0.5,2.7,1.8,2.0,10.5,2.0,3.0,0.0,0.0,5.0,7.5,0.5,1.0,0.0,0.0,0.0,2.0,1.5,10,10.3,3.0,5.7,0.8,0.1,4.8,8.1,0.5,1.0,0.2,0.2,0.5,2.5,2.0
Tj Mcconnell,G,IND,pts+rebs+asts,13.5,OKC,base,Thu 8:40 PM,107.5,N/A,65.8%,72.7%,79,9.1,2.4,4.4,1.1,0.3,4.1,7.9,0.2,0.6,0.7,1.0,0.6,1.9,1.4,5,7.6,2.8,3.4,0.2,0.2,3.4,6.0,0.4,1.4,0.4,0.4,0.6,2.2,2.0,10,7.7,3.2,3.8,0.3,0.1,3.2,6.3,0.3,1.1,1.0,1.2,0.5,2.7,1.8,2.0,10.5,2.0,3.0,0.0,0.0,5.0,7.5,0.5,1.0,0.0,0.0,0.0,2.0,1.5,10,10.3,3.0,5.7,0.8,0.1,4.8,8.1,0.5,1.0,0.2,0.2,0.5,2.5,2.0
Tj Mcconnell,G,IND,pts+rebs,9.5,OKC,base,Thu 8:40 PM,107.5,N/A,63.3%,63.6%,79,9.1,2.4,4.4,1.1,0.3,4.1,7.9,0.2,0.6,0.7,1.0,0.6,1.9,1.4,5,7.6,2.8,3.4,0.2,0.2,3.4,6.0,0.4,1.4,0.4,0.4,0.6,2.2,2.0,10,7.7,3.2,3.8,0.3,0.1,3.2,6.3,0.3,1.1,1.0,1.2,0.5,2.7,1.8,2.0,10.5,2.0,3.0,0.0,0.0,5.0,7.5,0.5,1.0,0.0,0.0,0.0,2.0,1.5,10,10.3,3.0,5.7,0.8,0.1,4.8,8.1,0.5,1.0,0.2,0.2,0.5,2.5,2.0
Tj Mcconnell,G,IND,rebs+asts,6.0,OKC,base,Thu 8:40 PM,107.5,N/A,55.7%,72.7%,79,9.1,2.4,4.4,1.1,0.3,4.1,7.9,0.2,0.6,0.7,1.0,0.6,1.9,1.4,5,7.6,2.8,3.4,0.2,0.2,3.4,6.0,0.4,1.4,0.4,0.4,0.6,2.2,2.0,10,7.7,3.2,3.8,0.3,0.1,3.2,6.3,0.3,1.1,1.0,1.2,0.5,2.7,1.8,2.0,10.5,2.0,3.0,0.0,0.0,5.0,7.5,0.5,1.0,0.0,0.0,0.0,2.0,1.5,10,10.3,3.0,5.7,0.8,0.1,4.8,8.1,0.5,1.0,0.2,0.2,0.5,2.5,2.0
Luguentz Dort,G,OKC,3-pt attempted,5.5,IND,base,Thu 8:40 PM,114.3,N/A,N/A%,75.0%,71,10.1,4.1,1.6,1.1,0.5,3.6,8.4,2.4,5.8,0.5,0.6,1.3,2.9,0.7,5,7.2,3.6,1.0,1.8,0.4,2.4,6.2,2.0,5.4,0.4,0.8,0.8,2.8,1.4,10,7.3,3.4,1.2,1.2,0.3,2.5,7.1,1.9,6.1,0.4,0.8,1.4,2.0,1.4,2.0,17.5,6.0,0.0,1.0,0.5,6.5,12.0,4.5,7.5,0.0,0.0,1.5,4.5,0.5,7,19.4,6.4,1.4,1.1,0.3,7.0,12.9,2.9,6.3,2.6,3.1,1.6,4.9,0.9
Luguentz Dort,G,OKC,fg attempted,7.5,IND,base,Thu 8:40 PM,114.3,N/A,N/A%,100.0%,71,10.1,4.1,1.6,1.1,0.5,3.6,8.4,2.4,5.8,0.5,0.6,1.3,2.9,0.7,5,7.2,3.6,1.0,1.8,0.4,2.4,6.2,2.0,5.4,0.4,0.8,0.8,2.8,1.4,10,7.3,3.4,1.2,1.2,0.3,2.5,7.1,1.9,6.1,0.4,0.8,1.4,2.0,1.4,2.0,17.5,6.0,0.0,1.0,0.5,6.5,12.0,4.5,7.5,0.0,0.0,1.5,4.5,0.5,7,19.4,6.4,1.4,1.1,0.3,7.0,12.9,2.9,6.3,2.6,3.1,1.6,4.9,0.9
Luguentz Dort,G,OKC,pts+rebs+asts,14.5,IND,base,Thu 8:40 PM,114.3,N/A,N/A%,100.0%,71,10.1,4.1,1.6,1.1,0.5,3.6,8.4,2.4,5.8,0.5,0.6,1.3,2.9,0.7,5,7.2,3.6,1.0,1.8,0.4,2.4,6.2,2.0,5.4,0.4,0.8,0.8,2.8,1.4,10,7.3,3.4,1.2,1.2,0.3,2.5,7.1,1.9,6.1,0.4,0.8,1.4,2.0,1.4,2.0,17.5,6.0,0.0,1.0,0.5,6.5,12.0,4.5,7.5,0.0,0.0,1.5,4.5,0.5,7,19.4,6.4,1.4,1.1,0.3,7.0,12.9,2.9,6.3,2.6,3.1,1.6,4.9,0.9
Luguentz Dort,G,OKC,rebs+asts,4.5,IND,base,Thu 8:40 PM,114.3,N/A,N/A%,87.5%,71,10.1,4.1,1.6,1.1,0.5,3.6,8.4,2.4,5.8,0.5,0.6,1.3,2.9,0.7,5,7.2,3.6,1.0,1.8,0.4,2.4,6.2,2.0,5.4,0.4,0.8,0.8,2.8,1.4,10,7.3,3.4,1.2,1.2,0.3,2.5,7.1,1.9,6.1,0.4,0.8,1.4,2.0,1.4,2.0,17.5,6.0,0.0,1.0,0.5,6.5,12.0,4.5,7.5,0.0,0.0,1.5,4.5,0.5,7,19.4,6.4,1.4,1.1,0.3,7.0,12.9,2.9,6.3,2.6,3.1,1.6,4.9,0.9
Luguentz Dort,G,OKC,fantasy score,18.0,IND,base,Thu 8:40 PM,114.3,N/A,N/A%,0%,71,10.1,4.1,1.6,1.1,0.5,3.6,8.4,2.4,5.8,0.5,0.6,1.3,2.9,0.7,5,7.2,3.6,1.0,1.8,0.4,2.4,6.2,2.0,5.4,0.4,0.8,0.8,2.8,1.4,10,7.3,3.4,1.2,1.2,0.3,2.5,7.1,1.9,6.1,0.4,0.8,1.4,2.0,1.4,2.0,17.5,6.0,0.0,1.0,0.5,6.5,12.0,4.5,7.5,0.0,0.0,1.5,4.5,0.5,7,19.4,6.4,1.4,1.1,0.3,7.0,12.9,2.9,6.3,2.6,3.1,1.6,4.9,0.9
Luguentz Dort,G,OKC,pts+rebs,12.5,IND,base,Thu 8:40 PM,114.3,N/A,N/A%,100.0%,71,10.1,4.1,1.6,1.1,0.5,3.6,8.4,2.4,5.8,0.5,0.6,1.3,2.9,0.7,5,7.2,3.6,1.0,1.8,0.4,2.4,6.2,2.0,5.4,0.4,0.8,0.8,2.8,1.4,10,7.3,3.4,1.2,1.2,0.3,2.5,7.1,1.9,6.1,0.4,0.8,1.4,2.0,1.4,2.0,17.5,6.0,0.0,1.0,0.5,6.5,12.0,4.5,7.5,0.0,0.0,1.5,4.5,0.5,7,19.4,6.4,1.4,1.1,0.3,7.0,12.9,2.9,6.3,2.6,3.1,1.6,4.9,0.9
Luguentz Dort,G,OKC,pts+asts,10.5,IND,base,Thu 8:40 PM,114.3,N/A,N/A%,100.0%,71,10.1,4.1,1.6,1.1,0.5,3.6,8.4,2.4,5.8,0.5,0.6,1.3,2.9,0.7,5,7.2,3.6,1.0,1.8,0.4,2.4,6.2,2.0,5.4,0.4,0.8,0.8,2.8,1.4,10,7.3,3.4,1.2,1.2,0.3,2.5,7.1,1.9,6.1,0.4,0.8,1.4,2.0,1.4,2.0,17.5,6.0,0.0,1.0,0.5,6.5,12.0,4.5,7.5,0.0,0.0,1.5,4.5,0.5,7,19.4,6.4,1.4,1.1,0.3,7.0,12.9,2.9,6.3,2.6,3.1,1.6,4.9,0.9
Luguentz Dort,G,OKC,personal fouls,3.0,IND,base,Thu 8:40 PM,114.3,N/A,N/A%,0%,71,10.1,4.1,1.6,1.1,0.5,3.6,8.4,2.4,5.8,0.5,0.6,1.3,2.9,0.7,5,7.2,3.6,1.0,1.8,0.4,2.4,6.2,2.0,5.4,0.4,0.8,0.8,2.8,1.4,10,7.3,3.4,1.2,1.2,0.3,2.5,7.1,1.9,6.1,0.4,0.8,1.4,2.0,1.4,2.0,17.5,6.0,0.0,1.0,0.5,6.5,12.0,4.5,7.5,0.0,0.0,1.5,4.5,0.5,7,19.4,6.4,1.4,1.1,0.3,7.0,12.9,2.9,6.3,2.6,3.1,1.6,4.9,0.9
Luguentz Dort,G,OKC,points,9.5,IND,base,Thu 8:40 PM,114.3,N/A,N/A%,100.0%,71,10.1,4.1,1.6,1.1,0.5,3.6,8.4,2.4,5.8,0.5,0.6,1.3,2.9,0.7,5,7.2,3.6,1.0,1.8,0.4,2.4,6.2,2.0,5.4,0.4,0.8,0.8,2.8,1.4,10,7.3,3.4,1.2,1.2,0.3,2.5,7.1,1.9,6.1,0.4,0.8,1.4,2.0,1.4,2.0,17.5,6.0,0.0,1.0,0.5,6.5,12.0,4.5,7.5,0.0,0.0,1.5,4.5,0.5,7,19.4,6.4,1.4,1.1,0.3,7.0,12.9,2.9,6.3,2.6,3.1,1.6,4.9,0.9
Luguentz Dort,G,OKC,two pointers attempted,2.0,IND,base,Thu 8:40 PM,114.3,N/A,N/A%,0%,71,10.1,4.1,1.6,1.1,0.5,3.6,8.4,2.4,5.8,0.5,0.6,1.3,2.9,0.7,5,7.2,3.6,1.0,1.8,0.4,2.4,6.2,2.0,5.4,0.4,0.8,0.8,2.8,1.4,10,7.3,3.4,1.2,1.2,0.3,2.5,7.1,1.9,6.1,0.4,0.8,1.4,2.0,1.4,2.0,17.5,6.0,0.0,1.0,0.5,6.5,12.0,4.5,7.5,0.0,0.0,1.5,4.5,0.5,7,19.4,6.4,1.4,1.1,0.3,7.0,12.9,2.9,6.3,2.6,3.1,1.6,4.9,0.9
Kenrich Williams,G-F,OKC,pts+asts,3.5,IND,base,Thu 8:40 PM,114.3,N/A,N/A%,81.8%,69,6.3,3.5,1.4,0.6,0.1,2.5,5.1,1.0,2.5,0.4,0.6,0.9,2.6,0.6,5,4.2,2.0,0.2,0.6,0.0,1.8,2.6,0.6,1.2,0.0,0.0,0.2,1.8,0.6,10,4.9,3.5,0.5,1.0,0.0,2.1,4.8,0.3,2.1,0.4,0.8,0.5,3.0,0.8,2.0,9.5,7.0,2.5,0.5,0.0,4.0,7.0,1.0,2.0,0.5,1.0,1.0,6.0,0.0,10,8.3,5.2,3.0,0.8,0.4,3.4,6.8,1.1,2.5,0.4,0.7,1.6,3.6,1.0
Kenrich Williams,G-F,OKC,pts+rebs+asts,5.5,IND,base,Thu 8:40 PM,114.3,N/A,N/A%,100.0%,69,6.3,3.5,1.4,0.6,0.1,2.5,5.1,1.0,2.5,0.4,0.6,0.9,2.6,0.6,5,4.2,2.0,0.2,0.6,0.0,1.8,2.6,0.6,1.2,0.0,0.0,0.2,1.8,0.6,10,4.9,3.5,0.5,1.0,0.0,2.1,4.8,0.3,2.1,0.4,0.8,0.5,3.0,0.8,2.0,9.5,7.0,2.5,0.5,0.0,4.0,7.0,1.0,2.0,0.5,1.0,1.0,6.0,0.0,10,8.3,5.2,3.0,0.8,0.4,3.4,6.8,1.1,2.5,0.4,0.7,1.6,3.6,1.0
Kenrich Williams,G-F,OKC,rebs+asts,2.5,IND,base,Thu 8:40 PM,114.3,N/A,N/A%,100.0%,69,6.3,3.5,1.4,0.6,0.1,2.5,5.1,1.0,2.5,0.4,0.6,0.9,2.6,0.6,5,4.2,2.0,0.2,0.6,0.0,1.8,2.6,0.6,1.2,0.0,0.0,0.2,1.8,0.6,10,4.9,3.5,0.5,1.0,0.0,2.1,4.8,0.3,2.1,0.4,0.8,0.5,3.0,0.8,2.0,9.5,7.0,2.5,0.5,0.0,4.0,7.0,1.0,2.0,0.5,1.0,1.0,6.0,0.0,10,8.3,5.2,3.0,0.8,0.4,3.4,6.8,1.1,2.5,0.4,0.7,1.6,3.6,1.0
Kenrich Williams,G-F,OKC,points,2.5,IND,base,Thu 8:40 PM,114.3,N/A,N/A%,81.8%,69,6.3,3.5,1.4,0.6,0.1,2.5,5.1,1.0,2.5,0.4,0.6,0.9,2.6,0.6,5,4.2,2.0,0.2,0.6,0.0,1.8,2.6,0.6,1.2,0.0,0.0,0.2,1.8,0.6,10,4.9,3.5,0.5,1.0,0.0,2.1,4.8,0.3,2.1,0.4,0.8,0.5,3.0,0.8,2.0,9.5,7.0,2.5,0.5,0.0,4.0,7.0,1.0,2.0,0.5,1.0,1.0,6.0,0.0,10,8.3,5.2,3.0,0.8,0.4,3.4,6.8,1.1,2.5,0.4,0.7,1.6,3.6,1.0
Jalen Williams,G-F,OKC,fantasy score,41.0,IND,base,Thu 8:40 PM,114.3,N/A,N/A%,0%,69,21.6,5.3,5.1,1.6,0.7,8.2,16.9,1.8,4.9,3.4,4.3,0.9,4.5,2.2,5,22.2,6.6,4.4,2.0,0.2,8.4,17.0,2.4,5.2,3.0,3.6,0.8,5.8,2.0,10,20.1,6.0,5.3,1.8,0.3,7.3,16.6,1.9,5.2,3.6,4.3,0.9,5.1,1.8,2.0,19.0,3.0,5.5,0.0,0.0,7.5,18.0,1.0,4.0,3.0,3.5,0.0,3.0,2.0,4,15.8,4.8,5.8,1.5,0.3,6.3,14.0,0.8,3.8,2.5,2.8,0.5,4.3,1.8
Jalen Williams,G-F,OKC,free throws attempted,4.5,IND,base,Thu 8:40 PM,114.3,N/A,N/A%,0%,69,21.6,5.3,5.1,1.6,0.7,8.2,16.9,1.8,4.9,3.4,4.3,0.9,4.5,2.2,5,22.2,6.6,4.4,2.0,0.2,8.4,17.0,2.4,5.2,3.0,3.6,0.8,5.8,2.0,10,20.1,6.0,5.3,1.8,0.3,7.3,16.6,1.9,5.2,3.6,4.3,0.9,5.1,1.8,2.0,19.0,3.0,5.5,0.0,0.0,7.5,18.0,1.0,4.0,3.0,3.5,0.0,3.0,2.0,4,15.8,4.8,5.8,1.5,0.3,6.3,14.0,0.8,3.8,2.5,2.8,0.5,4.3,1.8
Jalen Williams,G-F,OKC,3-pt attempted,5.0,IND,base,Thu 8:40 PM,114.3,N/A,N/A%,20.0%,69,21.6,5.3,5.1,1.6,0.7,8.2,16.9,1.8,4.9,3.4,4.3,0.9,4.5,2.2,5,22.2,6.6,4.4,2.0,0.2,8.4,17.0,2.4,5.2,3.0,3.6,0.8,5.8,2.0,10,20.1,6.0,5.3,1.8,0.3,7.3,16.6,1.9,5.2,3.6,4.3,0.9,5.1,1.8,2.0,19.0,3.0,5.5,0.0,0.0,7.5,18.0,1.0,4.0,3.0,3.5,0.0,3.0,2.0,4,15.8,4.8,5.8,1.5,0.3,6.3,14.0,0.8,3.8,2.5,2.8,0.5,4.3,1.8
Jalen Williams,G-F,OKC,points in first 5 minutes,2.5,IND,base,Thu 8:40 PM,114.3,N/A,N/A%,0%,69,21.6,5.3,5.1,1.6,0.7,8.2,16.9,1.8,4.9,3.4,4.3,0.9,4.5,2.2,5,22.2,6.6,4.4,2.0,0.2,8.4,17.0,2.4,5.2,3.0,3.6,0.8,5.8,2.0,10,20.1,6.0,5.3,1.8,0.3,7.3,16.6,1.9,5.2,3.6,4.3,0.9,5.1,1.8,2.0,19.0,3.0,5.5,0.0,0.0,7.5,18.0,1.0,4.0,3.0,3.5,0.0,3.0,2.0,4,15.8,4.8,5.8,1.5,0.3,6.3,14.0,0.8,3.8,2.5,2.8,0.5,4.3,1.8
Jalen Williams,G-F,OKC,fg attempted,17.5,IND,base,Thu 8:40 PM,114.3,N/A,N/A%,20.0%,69,21.6,5.3,5.1,1.6,0.7,8.2,16.9,1.8,4.9,3.4,4.3,0.9,4.5,2.2,5,22.2,6.6,4.4,2.0,0.2,8.4,17.0,2.4,5.2,3.0,3.6,0.8,5.8,2.0,10,20.1,6.0,5.3,1.8,0.3,7.3,16.6,1.9,5.2,3.6,4.3,0.9,5.1,1.8,2.0,19.0,3.0,5.5,0.0,0.0,7.5,18.0,1.0,4.0,3.0,3.5,0.0,3.0,2.0,4,15.8,4.8,5.8,1.5,0.3,6.3,14.0,0.8,3.8,2.5,2.8,0.5,4.3,1.8
Jalen Williams,G-F,OKC,pra in first 5 minutes,4.0,IND,base,Thu 8:40 PM,114.3,N/A,N/A%,0%,69,21.6,5.3,5.1,1.6,0.7,8.2,16.9,1.8,4.9,3.4,4.3,0.9,4.5,2.2,5,22.2,6.6,4.4,2.0,0.2,8.4,17.0,2.4,5.2,3.0,3.6,0.8,5.8,2.0,10,20.1,6.0,5.3,1.8,0.3,7.3,16.6,1.9,5.2,3.6,4.3,0.9,5.1,1.8,2.0,19.0,3.0,5.5,0.0,0.0,7.5,18.0,1.0,4.0,3.0,3.5,0.0,3.0,2.0,4,15.8,4.8,5.8,1.5,0.3,6.3,14.0,0.8,3.8,2.5,2.8,0.5,4.3,1.8
Jalen Williams,G-F,OKC,two pointers made,6.5,IND,base,Thu 8:40 PM,114.3,N/A,N/A%,0%,69,21.6,5.3,5.1,1.6,0.7,8.2,16.9,1.8,4.9,3.4,4.3,0.9,4.5,2.2,5,22.2,6.6,4.4,2.0,0.2,8.4,17.0,2.4,5.2,3.0,3.6,0.8,5.8,2.0,10,20.1,6.0,5.3,1.8,0.3,7.3,16.6,1.9,5.2,3.6,4.3,0.9,5.1,1.8,2.0,19.0,3.0,5.5,0.0,0.0,7.5,18.0,1.0,4.0,3.0,3.5,0.0,3.0,2.0,4,15.8,4.8,5.8,1.5,0.3,6.3,14.0,0.8,3.8,2.5,2.8,0.5,4.3,1.8
Jalen Williams,G-F,OKC,pts+rebs+asts,33.5,IND,base,Thu 8:40 PM,114.3,N/A,N/A%,0.0%,69,21.6,5.3,5.1,1.6,0.7,8.2,16.9,1.8,4.9,3.4,4.3,0.9,4.5,2.2,5,22.2,6.6,4.4,2.0,0.2,8.4,17.0,2.4,5.2,3.0,3.6,0.8,5.8,2.0,10,20.1,6.0,5.3,1.8,0.3,7.3,16.6,1.9,5.2,3.6,4.3,0.9,5.1,1.8,2.0,19.0,3.0,5.5,0.0,0.0,7.5,18.0,1.0,4.0,3.0,3.5,0.0,3.0,2.0,4,15.8,4.8,5.8,1.5,0.3,6.3,14.0,0.8,3.8,2.5,2.8,0.5,4.3,1.8
Jalen Williams,G-F,OKC,points,22.5,IND,base,Thu 8:40 PM,114.3,N/A,N/A%,0.0%,69,21.6,5.3,5.1,1.6,0.7,8.2,16.9,1.8,4.9,3.4,4.3,0.9,4.5,2.2,5,22.2,6.6,4.4,2.0,0.2,8.4,17.0,2.4,5.2,3.0,3.6,0.8,5.8,2.0,10,20.1,6.0,5.3,1.8,0.3,7.3,16.6,1.9,5.2,3.6,4.3,0.9,5.1,1.8,2.0,19.0,3.0,5.5,0.0,0.0,7.5,18.0,1.0,4.0,3.0,3.5,0.0,3.0,2.0,4,15.8,4.8,5.8,1.5,0.3,6.3,14.0,0.8,3.8,2.5,2.8,0.5,4.3,1.8
Jalen Williams,G-F,OKC,fg made,8.5,IND,base,Thu 8:40 PM,114.3,N/A,N/A%,0.0%,69,21.6,5.3,5.1,1.6,0.7,8.2,16.9,1.8,4.9,3.4,4.3,0.9,4.5,2.2,5,22.2,6.6,4.4,2.0,0.2,8.4,17.0,2.4,5.2,3.0,3.6,0.8,5.8,2.0,10,20.1,6.0,5.3,1.8,0.3,7.3,16.6,1.9,5.2,3.6,4.3,0.9,5.1,1.8,2.0,19.0,3.0,5.5,0.0,0.0,7.5,18.0,1.0,4.0,3.0,3.5,0.0,3.0,2.0,4,15.8,4.8,5.8,1.5,0.3,6.3,14.0,0.8,3.8,2.5,2.8,0.5,4.3,1.8
Jalen Williams,G-F,OKC,two pointers attempted,13.0,IND,base,Thu 8:40 PM,114.3,N/A,N/A%,0%,69,21.6,5.3,5.1,1.6,0.7,8.2,16.9,1.8,4.9,3.4,4.3,0.9,4.5,2.2,5,22.2,6.6,4.4,2.0,0.2,8.4,17.0,2.4,5.2,3.0,3.6,0.8,5.8,2.0,10,20.1,6.0,5.3,1.8,0.3,7.3,16.6,1.9,5.2,3.6,4.3,0.9,5.1,1.8,2.0,19.0,3.0,5.5,0.0,0.0,7.5,18.0,1.0,4.0,3.0,3.5,0.0,3.0,2.0,4,15.8,4.8,5.8,1.5,0.3,6.3,14.0,0.8,3.8,2.5,2.8,0.5,4.3,1.8
Jalen Williams,G-F,OKC,free throws made,3.5,IND,base,Thu 8:40 PM,114.3,N/A,N/A%,0%,69,21.6,5.3,5.1,1.6,0.7,8.2,16.9,1.8,4.9,3.4,4.3,0.9,4.5,2.2,5,22.2,6.6,4.4,2.0,0.2,8.4,17.0,2.4,5.2,3.0,3.6,0.8,5.8,2.0,10,20.1,6.0,5.3,1.8,0.3,7.3,16.6,1.9,5.2,3.6,4.3,0.9,5.1,1.8,2.0,19.0,3.0,5.5,0.0,0.0,7.5,18.0,1.0,4.0,3.0,3.5,0.0,3.0,2.0,4,15.8,4.8,5.8,1.5,0.3,6.3,14.0,0.8,3.8,2.5,2.8,0.5,4.3,1.8
Jalen Williams,G-F,OKC,pts+rebs,28.5,IND,base,Thu 8:40 PM,114.3,N/A,N/A%,0.0%,69,21.6,5.3,5.1,1.6,0.7,8.2,16.9,1.8,4.9,3.4,4.3,0.9,4.5,2.2,5,22.2,6.6,4.4,2.0,0.2,8.4,17.0,2.4,5.2,3.0,3.6,0.8,5.8,2.0,10,20.1,6.0,5.3,1.8,0.3,7.3,16.6,1.9,5.2,3.6,4.3,0.9,5.1,1.8,2.0,19.0,3.0,5.5,0.0,0.0,7.5,18.0,1.0,4.0,3.0,3.5,0.0,3.0,2.0,4,15.8,4.8,5.8,1.5,0.3,6.3,14.0,0.8,3.8,2.5,2.8,0.5,4.3,1.8
Jalen Williams,G-F,OKC,assists,5.0,IND,base,Thu 8:40 PM,114.3,N/A,N/A%,100.0%,69,21.6,5.3,5.1,1.6,0.7,8.2,16.9,1.8,4.9,3.4,4.3,0.9,4.5,2.2,5,22.2,6.6,4.4,2.0,0.2,8.4,17.0,2.4,5.2,3.0,3.6,0.8,5.8,2.0,10,20.1,6.0,5.3,1.8,0.3,7.3,16.6,1.9,5.2,3.6,4.3,0.9,5.1,1.8,2.0,19.0,3.0,5.5,0.0,0.0,7.5,18.0,1.0,4.0,3.0,3.5,0.0,3.0,2.0,4,15.8,4.8,5.8,1.5,0.3,6.3,14.0,0.8,3.8,2.5,2.8,0.5,4.3,1.8
Jalen Williams,G-F,OKC,pts+asts,27.5,IND,base,Thu 8:40 PM,114.3,N/A,N/A%,0.0%,69,21.6,5.3,5.1,1.6,0.7,8.2,16.9,1.8,4.9,3.4,4.3,0.9,4.5,2.2,5,22.2,6.6,4.4,2.0,0.2,8.4,17.0,2.4,5.2,3.0,3.6,0.8,5.8,2.0,10,20.1,6.0,5.3,1.8,0.3,7.3,16.6,1.9,5.2,3.6,4.3,0.9,5.1,1.8,2.0,19.0,3.0,5.5,0.0,0.0,7.5,18.0,1.0,4.0,3.0,3.5,0.0,3.0,2.0,4,15.8,4.8,5.8,1.5,0.3,6.3,14.0,0.8,3.8,2.5,2.8,0.5,4.3,1.8
Jalen Williams,G-F,OKC,rebounds,6.0,IND,base,Thu 8:40 PM,114.3,N/A,N/A%,40.0%,69,21.6,5.3,5.1,1.6,0.7,8.2,16.9,1.8,4.9,3.4,4.3,0.9,4.5,2.2,5,22.2,6.6,4.4,2.0,0.2,8.4,17.0,2.4,5.2,3.0,3.6,0.8,5.8,2.0,10,20.1,6.0,5.3,1.8,0.3,7.3,16.6,1.9,5.2,3.6,4.3,0.9,5.1,1.8,2.0,19.0,3.0,5.5,0.0,0.0,7.5,18.0,1.0,4.0,3.0,3.5,0.0,3.0,2.0,4,15.8,4.8,5.8,1.5,0.3,6.3,14.0,0.8,3.8,2.5,2.8,0.5,4.3,1.8
Jalen Williams,G-F,OKC,rebs+asts,11.0,IND,base,Thu 8:40 PM,114.3,N/A,N/A%,40.0%,69,21.6,5.3,5.1,1.6,0.7,8.2,16.9,1.8,4.9,3.4,4.3,0.9,4.5,2.2,5,22.2,6.6,4.4,2.0,0.2,8.4,17.0,2.4,5.2,3.0,3.6,0.8,5.8,2.0,10,20.1,6.0,5.3,1.8,0.3,7.3,16.6,1.9,5.2,3.6,4.3,0.9,5.1,1.8,2.0,19.0,3.0,5.5,0.0,0.0,7.5,18.0,1.0,4.0,3.0,3.5,0.0,3.0,2.0,4,15.8,4.8,5.8,1.5,0.3,6.3,14.0,0.8,3.8,2.5,2.8,0.5,4.3,1.8
Andrew Nembhard,G-F,IND,3-pt attempted,3.5,OKC,base,Thu 8:40 PM,107.5,N/A,27.7%,100.0%,65,10.0,3.3,5.0,1.2,0.2,3.8,8.3,0.8,2.7,1.7,2.1,0.5,2.8,1.7,5,8.8,2.8,3.4,2.4,0.2,3.4,9.2,1.0,2.6,1.0,1.2,0.2,2.6,1.0,10,10.7,3.5,5.1,1.9,0.3,4.2,9.6,1.3,3.2,1.0,1.4,0.7,2.8,2.1,2.0,19.5,7.0,7.0,0.0,0.5,7.5,15.0,1.0,4.5,3.5,4.0,1.0,6.0,1.5,6,15.3,4.8,5.7,0.7,0.2,5.7,12.3,1.7,4.8,2.3,2.7,1.0,3.8,2.0
Andrew Nembhard,G-F,IND,rebs+asts,8.0,OKC,base,Thu 8:40 PM,107.5,N/A,47.7%,85.7%,65,10.0,3.3,5.0,1.2,0.2,3.8,8.3,0.8,2.7,1.7,2.1,0.5,2.8,1.7,5,8.8,2.8,3.4,2.4,0.2,3.4,9.2,1.0,2.6,1.0,1.2,0.2,2.6,1.0,10,10.7,3.5,5.1,1.9,0.3,4.2,9.6,1.3,3.2,1.0,1.4,0.7,2.8,2.1,2.0,19.5,7.0,7.0,0.0,0.5,7.5,15.0,1.0,4.5,3.5,4.0,1.0,6.0,1.5,6,15.3,4.8,5.7,0.7,0.2,5.7,12.3,1.7,4.8,2.3,2.7,1.0,3.8,2.0
Andrew Nembhard,G-F,IND,pts+asts,16.0,OKC,base,Thu 8:40 PM,107.5,N/A,35.4%,85.7%,65,10.0,3.3,5.0,1.2,0.2,3.8,8.3,0.8,2.7,1.7,2.1,0.5,2.8,1.7,5,8.8,2.8,3.4,2.4,0.2,3.4,9.2,1.0,2.6,1.0,1.2,0.2,2.6,1.0,10,10.7,3.5,5.1,1.9,0.3,4.2,9.6,1.3,3.2,1.0,1.4,0.7,2.8,2.1,2.0,19.5,7.0,7.0,0.0,0.5,7.5,15.0,1.0,4.5,3.5,4.0,1.0,6.0,1.5,6,15.3,4.8,5.7,0.7,0.2,5.7,12.3,1.7,4.8,2.3,2.7,1.0,3.8,2.0
Andrew Nembhard,G-F,IND,fg made,4.0,OKC,base,Thu 8:40 PM,107.5,N/A,33.8%,85.7%,65,10.0,3.3,5.0,1.2,0.2,3.8,8.3,0.8,2.7,1.7,2.1,0.5,2.8,1.7,5,8.8,2.8,3.4,2.4,0.2,3.4,9.2,1.0,2.6,1.0,1.2,0.2,2.6,1.0,10,10.7,3.5,5.1,1.9,0.3,4.2,9.6,1.3,3.2,1.0,1.4,0.7,2.8,2.1,2.0,19.5,7.0,7.0,0.0,0.5,7.5,15.0,1.0,4.5,3.5,4.0,1.0,6.0,1.5,6,15.3,4.8,5.7,0.7,0.2,5.7,12.3,1.7,4.8,2.3,2.7,1.0,3.8,2.0
Andrew Nembhard,G-F,IND,personal fouls,3.0,OKC,base,Thu 8:40 PM,107.5,N/A,23.1%,0%,65,10.0,3.3,5.0,1.2,0.2,3.8,8.3,0.8,2.7,1.7,2.1,0.5,2.8,1.7,5,8.8,2.8,3.4,2.4,0.2,3.4,9.2,1.0,2.6,1.0,1.2,0.2,2.6,1.0,10,10.7,3.5,5.1,1.9,0.3,4.2,9.6,1.3,3.2,1.0,1.4,0.7,2.8,2.1,2.0,19.5,7.0,7.0,0.0,0.5,7.5,15.0,1.0,4.5,3.5,4.0,1.0,6.0,1.5,6,15.3,4.8,5.7,0.7,0.2,5.7,12.3,1.7,4.8,2.3,2.7,1.0,3.8,2.0
Andrew Nembhard,G-F,IND,assists,4.5,OKC,base,Thu 8:40 PM,107.5,N/A,47.7%,85.7%,65,10.0,3.3,5.0,1.2,0.2,3.8,8.3,0.8,2.7,1.7,2.1,0.5,2.8,1.7,5,8.8,2.8,3.4,2.4,0.2,3.4,9.2,1.0,2.6,1.0,1.2,0.2,2.6,1.0,10,10.7,3.5,5.1,1.9,0.3,4.2,9.6,1.3,3.2,1.0,1.4,0.7,2.8,2.1,2.0,19.5,7.0,7.0,0.0,0.5,7.5,15.0,1.0,4.5,3.5,4.0,1.0,6.0,1.5,6,15.3,4.8,5.7,0.7,0.2,5.7,12.3,1.7,4.8,2.3,2.7,1.0,3.8,2.0
Andrew Nembhard,G-F,IND,pts+rebs,14.5,OKC,base,Thu 8:40 PM,107.5,N/A,32.3%,85.7%,65,10.0,3.3,5.0,1.2,0.2,3.8,8.3,0.8,2.7,1.7,2.1,0.5,2.8,1.7,5,8.8,2.8,3.4,2.4,0.2,3.4,9.2,1.0,2.6,1.0,1.2,0.2,2.6,1.0,10,10.7,3.5,5.1,1.9,0.3,4.2,9.6,1.3,3.2,1.0,1.4,0.7,2.8,2.1,2.0,19.5,7.0,7.0,0.0,0.5,7.5,15.0,1.0,4.5,3.5,4.0,1.0,6.0,1.5,6,15.3,4.8,5.7,0.7,0.2,5.7,12.3,1.7,4.8,2.3,2.7,1.0,3.8,2.0
Andrew Nembhard,G-F,IND,points,11.5,OKC,base,Thu 8:40 PM,107.5,N/A,33.8%,85.7%,65,10.0,3.3,5.0,1.2,0.2,3.8,8.3,0.8,2.7,1.7,2.1,0.5,2.8,1.7,5,8.8,2.8,3.4,2.4,0.2,3.4,9.2,1.0,2.6,1.0,1.2,0.2,2.6,1.0,10,10.7,3.5,5.1,1.9,0.3,4.2,9.6,1.3,3.2,1.0,1.4,0.7,2.8,2.1,2.0,19.5,7.0,7.0,0.0,0.5,7.5,15.0,1.0,4.5,3.5,4.0,1.0,6.0,1.5,6,15.3,4.8,5.7,0.7,0.2,5.7,12.3,1.7,4.8,2.3,2.7,1.0,3.8,2.0
Andrew Nembhard,G-F,IND,fg attempted,10.0,OKC,base,Thu 8:40 PM,107.5,N/A,30.8%,71.4%,65,10.0,3.3,5.0,1.2,0.2,3.8,8.3,0.8,2.7,1.7,2.1,0.5,2.8,1.7,5,8.8,2.8,3.4,2.4,0.2,3.4,9.2,1.0,2.6,1.0,1.2,0.2,2.6,1.0,10,10.7,3.5,5.1,1.9,0.3,4.2,9.6,1.3,3.2,1.0,1.4,0.7,2.8,2.1,2.0,19.5,7.0,7.0,0.0,0.5,7.5,15.0,1.0,4.5,3.5,4.0,1.0,6.0,1.5,6,15.3,4.8,5.7,0.7,0.2,5.7,12.3,1.7,4.8,2.3,2.7,1.0,3.8,2.0
Andrew Nembhard,G-F,IND,pts+rebs+asts,19.5,OKC,base,Thu 8:40 PM,107.5,N/A,38.5%,85.7%,65,10.0,3.3,5.0,1.2,0.2,3.8,8.3,0.8,2.7,1.7,2.1,0.5,2.8,1.7,5,8.8,2.8,3.4,2.4,0.2,3.4,9.2,1.0,2.6,1.0,1.2,0.2,2.6,1.0,10,10.7,3.5,5.1,1.9,0.3,4.2,9.6,1.3,3.2,1.0,1.4,0.7,2.8,2.1,2.0,19.5,7.0,7.0,0.0,0.5,7.5,15.0,1.0,4.5,3.5,4.0,1.0,6.0,1.5,6,15.3,4.8,5.7,0.7,0.2,5.7,12.3,1.7,4.8,2.3,2.7,1.0,3.8,2.0
Andrew Nembhard,G-F,IND,two pointers made,3.0,OKC,base,Thu 8:40 PM,107.5,N/A,52.3%,0%,65,10.0,3.3,5.0,1.2,0.2,3.8,8.3,0.8,2.7,1.7,2.1,0.5,2.8,1.7,5,8.8,2.8,3.4,2.4,0.2,3.4,9.2,1.0,2.6,1.0,1.2,0.2,2.6,1.0,10,10.7,3.5,5.1,1.9,0.3,4.2,9.6,1.3,3.2,1.0,1.4,0.7,2.8,2.1,2.0,19.5,7.0,7.0,0.0,0.5,7.5,15.0,1.0,4.5,3.5,4.0,1.0,6.0,1.5,6,15.3,4.8,5.7,0.7,0.2,5.7,12.3,1.7,4.8,2.3,2.7,1.0,3.8,2.0
Andrew Nembhard,G-F,IND,free throws made,1.5,OKC,base,Thu 8:40 PM,107.5,N/A,49.2%,0%,65,10.0,3.3,5.0,1.2,0.2,3.8,8.3,0.8,2.7,1.7,2.1,0.5,2.8,1.7,5,8.8,2.8,3.4,2.4,0.2,3.4,9.2,1.0,2.6,1.0,1.2,0.2,2.6,1.0,10,10.7,3.5,5.1,1.9,0.3,4.2,9.6,1.3,3.2,1.0,1.4,0.7,2.8,2.1,2.0,19.5,7.0,7.0,0.0,0.5,7.5,15.0,1.0,4.5,3.5,4.0,1.0,6.0,1.5,6,15.3,4.8,5.7,0.7,0.2,5.7,12.3,1.7,4.8,2.3,2.7,1.0,3.8,2.0
Andrew Nembhard,G-F,IND,fantasy score,23.5,OKC,base,Thu 8:40 PM,107.5,N/A,92.3%,0%,65,10.0,3.3,5.0,1.2,0.2,3.8,8.3,0.8,2.7,1.7,2.1,0.5,2.8,1.7,5,8.8,2.8,3.4,2.4,0.2,3.4,9.2,1.0,2.6,1.0,1.2,0.2,2.6,1.0,10,10.7,3.5,5.1,1.9,0.3,4.2,9.6,1.3,3.2,1.0,1.4,0.7,2.8,2.1,2.0,19.5,7.0,7.0,0.0,0.5,7.5,15.0,1.0,4.5,3.5,4.0,1.0,6.0,1.5,6,15.3,4.8,5.7,0.7,0.2,5.7,12.3,1.7,4.8,2.3,2.7,1.0,3.8,2.0
Andrew Nembhard,G-F,IND,two pointers attempted,6.5,OKC,base,Thu 8:40 PM,107.5,N/A,69.2%,0%,65,10.0,3.3,5.0,1.2,0.2,3.8,8.3,0.8,2.7,1.7,2.1,0.5,2.8,1.7,5,8.8,2.8,3.4,2.4,0.2,3.4,9.2,1.0,2.6,1.0,1.2,0.2,2.6,1.0,10,10.7,3.5,5.1,1.9,0.3,4.2,9.6,1.3,3.2,1.0,1.4,0.7,2.8,2.1,2.0,19.5,7.0,7.0,0.0,0.5,7.5,15.0,1.0,4.5,3.5,4.0,1.0,6.0,1.5,6,15.3,4.8,5.7,0.7,0.2,5.7,12.3,1.7,4.8,2.3,2.7,1.0,3.8,2.0
Aaron Nesmith,G-F,IND,two pointers attempted,4.0,OKC,base,Thu 8:40 PM,107.5,N/A,86.7%,0%,45,12.0,4.0,1.2,0.8,0.4,4.3,8.4,1.9,4.3,1.6,1.8,0.8,3.1,0.8,5,9.8,4.4,0.6,1.2,0.6,3.2,8.0,1.6,4.2,1.8,2.0,0.4,4.0,1.2,10,13.4,4.9,1.1,1.0,1.0,4.5,9.5,2.5,5.3,1.9,2.1,0.8,4.1,0.7,1.0,7.0,4.0,0.0,1.0,1.0,3.0,8.0,1.0,3.0,0.0,0.0,2.0,2.0,0.0,8,7.6,2.8,0.8,0.8,0.5,2.9,6.9,1.1,3.6,0.8,1.0,0.9,1.9,1.1
Aaron Nesmith,G-F,IND,rebs+asts,5.5,OKC,base,Thu 8:40 PM,107.5,N/A,44.4%,11.1%,45,12.0,4.0,1.2,0.8,0.4,4.3,8.4,1.9,4.3,1.6,1.8,0.8,3.1,0.8,5,9.8,4.4,0.6,1.2,0.6,3.2,8.0,1.6,4.2,1.8,2.0,0.4,4.0,1.2,10,13.4,4.9,1.1,1.0,1.0,4.5,9.5,2.5,5.3,1.9,2.1,0.8,4.1,0.7,1.0,7.0,4.0,0.0,1.0,1.0,3.0,8.0,1.0,3.0,0.0,0.0,2.0,2.0,0.0,8,7.6,2.8,0.8,0.8,0.5,2.9,6.9,1.1,3.6,0.8,1.0,0.9,1.9,1.1
Aaron Nesmith,G-F,IND,free throws attempted,2.0,OKC,base,Thu 8:40 PM,107.5,N/A,28.9%,0%,45,12.0,4.0,1.2,0.8,0.4,4.3,8.4,1.9,4.3,1.6,1.8,0.8,3.1,0.8,5,9.8,4.4,0.6,1.2,0.6,3.2,8.0,1.6,4.2,1.8,2.0,0.4,4.0,1.2,10,13.4,4.9,1.1,1.0,1.0,4.5,9.5,2.5,5.3,1.9,2.1,0.8,4.1,0.7,1.0,7.0,4.0,0.0,1.0,1.0,3.0,8.0,1.0,3.0,0.0,0.0,2.0,2.0,0.0,8,7.6,2.8,0.8,0.8,0.5,2.9,6.9,1.1,3.6,0.8,1.0,0.9,1.9,1.1
Aaron Nesmith,G-F,IND,pts+asts,12.5,OKC,base,Thu 8:40 PM,107.5,N/A,48.9%,22.2%,45,12.0,4.0,1.2,0.8,0.4,4.3,8.4,1.9,4.3,1.6,1.8,0.8,3.1,0.8,5,9.8,4.4,0.6,1.2,0.6,3.2,8.0,1.6,4.2,1.8,2.0,0.4,4.0,1.2,10,13.4,4.9,1.1,1.0,1.0,4.5,9.5,2.5,5.3,1.9,2.1,0.8,4.1,0.7,1.0,7.0,4.0,0.0,1.0,1.0,3.0,8.0,1.0,3.0,0.0,0.0,2.0,2.0,0.0,8,7.6,2.8,0.8,0.8,0.5,2.9,6.9,1.1,3.6,0.8,1.0,0.9,1.9,1.1
Aaron Nesmith,G-F,IND,personal fouls,3.5,OKC,base,Thu 8:40 PM,107.5,N/A,20.0%,0%,45,12.0,4.0,1.2,0.8,0.4,4.3,8.4,1.9,4.3,1.6,1.8,0.8,3.1,0.8,5,9.8,4.4,0.6,1.2,0.6,3.2,8.0,1.6,4.2,1.8,2.0,0.4,4.0,1.2,10,13.4,4.9,1.1,1.0,1.0,4.5,9.5,2.5,5.3,1.9,2.1,0.8,4.1,0.7,1.0,7.0,4.0,0.0,1.0,1.0,3.0,8.0,1.0,3.0,0.0,0.0,2.0,2.0,0.0,8,7.6,2.8,0.8,0.8,0.5,2.9,6.9,1.1,3.6,0.8,1.0,0.9,1.9,1.1
Aaron Nesmith,G-F,IND,rebounds,4.5,OKC,base,Thu 8:40 PM,107.5,N/A,42.2%,11.1%,45,12.0,4.0,1.2,0.8,0.4,4.3,8.4,1.9,4.3,1.6,1.8,0.8,3.1,0.8,5,9.8,4.4,0.6,1.2,0.6,3.2,8.0,1.6,4.2,1.8,2.0,0.4,4.0,1.2,10,13.4,4.9,1.1,1.0,1.0,4.5,9.5,2.5,5.3,1.9,2.1,0.8,4.1,0.7,1.0,7.0,4.0,0.0,1.0,1.0,3.0,8.0,1.0,3.0,0.0,0.0,2.0,2.0,0.0,8,7.6,2.8,0.8,0.8,0.5,2.9,6.9,1.1,3.6,0.8,1.0,0.9,1.9,1.1
Aaron Nesmith,G-F,IND,offensive rebounds,0.5,OKC,base,Thu 8:40 PM,107.5,N/A,57.8%,44.4%,45,12.0,4.0,1.2,0.8,0.4,4.3,8.4,1.9,4.3,1.6,1.8,0.8,3.1,0.8,5,9.8,4.4,0.6,1.2,0.6,3.2,8.0,1.6,4.2,1.8,2.0,0.4,4.0,1.2,10,13.4,4.9,1.1,1.0,1.0,4.5,9.5,2.5,5.3,1.9,2.1,0.8,4.1,0.7,1.0,7.0,4.0,0.0,1.0,1.0,3.0,8.0,1.0,3.0,0.0,0.0,2.0,2.0,0.0,8,7.6,2.8,0.8,0.8,0.5,2.9,6.9,1.1,3.6,0.8,1.0,0.9,1.9,1.1
Aaron Nesmith,G-F,IND,points,11.5,OKC,base,Thu 8:40 PM,107.5,N/A,53.3%,22.2%,45,12.0,4.0,1.2,0.8,0.4,4.3,8.4,1.9,4.3,1.6,1.8,0.8,3.1,0.8,5,9.8,4.4,0.6,1.2,0.6,3.2,8.0,1.6,4.2,1.8,2.0,0.4,4.0,1.2,10,13.4,4.9,1.1,1.0,1.0,4.5,9.5,2.5,5.3,1.9,2.1,0.8,4.1,0.7,1.0,7.0,4.0,0.0,1.0,1.0,3.0,8.0,1.0,3.0,0.0,0.0,2.0,2.0,0.0,8,7.6,2.8,0.8,0.8,0.5,2.9,6.9,1.1,3.6,0.8,1.0,0.9,1.9,1.1
Aaron Nesmith,G-F,IND,pts+rebs+asts,17.5,OKC,base,Thu 8:40 PM,107.5,N/A,42.2%,22.2%,45,12.0,4.0,1.2,0.8,0.4,4.3,8.4,1.9,4.3,1.6,1.8,0.8,3.1,0.8,5,9.8,4.4,0.6,1.2,0.6,3.2,8.0,1.6,4.2,1.8,2.0,0.4,4.0,1.2,10,13.4,4.9,1.1,1.0,1.0,4.5,9.5,2.5,5.3,1.9,2.1,0.8,4.1,0.7,1.0,7.0,4.0,0.0,1.0,1.0,3.0,8.0,1.0,3.0,0.0,0.0,2.0,2.0,0.0,8,7.6,2.8,0.8,0.8,0.5,2.9,6.9,1.1,3.6,0.8,1.0,0.9,1.9,1.1
Aaron Nesmith,G-F,IND,pts+rebs,16.5,OKC,base,Thu 8:40 PM,107.5,N/A,42.2%,22.2%,45,12.0,4.0,1.2,0.8,0.4,4.3,8.4,1.9,4.3,1.6,1.8,0.8,3.1,0.8,5,9.8,4.4,0.6,1.2,0.6,3.2,8.0,1.6,4.2,1.8,2.0,0.4,4.0,1.2,10,13.4,4.9,1.1,1.0,1.0,4.5,9.5,2.5,5.3,1.9,2.1,0.8,4.1,0.7,1.0,7.0,4.0,0.0,1.0,1.0,3.0,8.0,1.0,3.0,0.0,0.0,2.0,2.0,0.0,8,7.6,2.8,0.8,0.8,0.5,2.9,6.9,1.1,3.6,0.8,1.0,0.9,1.9,1.1
Aaron Nesmith,G-F,IND,3-pt attempted,5.0,OKC,base,Thu 8:40 PM,107.5,N/A,31.1%,33.3%,45,12.0,4.0,1.2,0.8,0.4,4.3,8.4,1.9,4.3,1.6,1.8,0.8,3.1,0.8,5,9.8,4.4,0.6,1.2,0.6,3.2,8.0,1.6,4.2,1.8,2.0,0.4,4.0,1.2,10,13.4,4.9,1.1,1.0,1.0,4.5,9.5,2.5,5.3,1.9,2.1,0.8,4.1,0.7,1.0,7.0,4.0,0.0,1.0,1.0,3.0,8.0,1.0,3.0,0.0,0.0,2.0,2.0,0.0,8,7.6,2.8,0.8,0.8,0.5,2.9,6.9,1.1,3.6,0.8,1.0,0.9,1.9,1.1
Aaron Nesmith,G-F,IND,fantasy score,20.5,OKC,base,Thu 8:40 PM,107.5,N/A,91.1%,0%,45,12.0,4.0,1.2,0.8,0.4,4.3,8.4,1.9,4.3,1.6,1.8,0.8,3.1,0.8,5,9.8,4.4,0.6,1.2,0.6,3.2,8.0,1.6,4.2,1.8,2.0,0.4,4.0,1.2,10,13.4,4.9,1.1,1.0,1.0,4.5,9.5,2.5,5.3,1.9,2.1,0.8,4.1,0.7,1.0,7.0,4.0,0.0,1.0,1.0,3.0,8.0,1.0,3.0,0.0,0.0,2.0,2.0,0.0,8,7.6,2.8,0.8,0.8,0.5,2.9,6.9,1.1,3.6,0.8,1.0,0.9,1.9,1.1
Aaron Nesmith,G-F,IND,fg attempted,9.0,OKC,base,Thu 8:40 PM,107.5,N/A,28.9%,33.3%,45,12.0,4.0,1.2,0.8,0.4,4.3,8.4,1.9,4.3,1.6,1.8,0.8,3.1,0.8,5,9.8,4.4,0.6,1.2,0.6,3.2,8.0,1.6,4.2,1.8,2.0,0.4,4.0,1.2,10,13.4,4.9,1.1,1.0,1.0,4.5,9.5,2.5,5.3,1.9,2.1,0.8,4.1,0.7,1.0,7.0,4.0,0.0,1.0,1.0,3.0,8.0,1.0,3.0,0.0,0.0,2.0,2.0,0.0,8,7.6,2.8,0.8,0.8,0.5,2.9,6.9,1.1,3.6,0.8,1.0,0.9,1.9,1.1
Bennedict Mathurin,G-F,IND,fg attempted,6.0,OKC,base,Thu 8:40 PM,107.5,N/A,90.3%,100.0%,72,16.1,5.3,1.9,0.7,0.3,5.4,11.8,1.4,4.0,3.8,4.6,1.2,4.1,1.9,5,9.8,2.8,1.0,0.0,0.0,2.4,4.6,0.4,1.2,4.6,4.8,0.4,2.4,1.2,10,10.4,2.1,0.6,0.1,0.1,2.8,5.3,0.6,1.9,4.2,4.4,0.5,1.6,1.0,1.0,18.0,6.0,3.0,0.0,1.0,5.0,13.0,2.0,5.0,6.0,8.0,2.0,4.0,1.0,3,15.3,5.0,1.0,0.0,0.3,4.7,10.3,2.0,4.7,4.0,5.0,1.3,3.7,1.3
Bennedict Mathurin,G-F,IND,personal fouls,1.5,OKC,base,Thu 8:40 PM,107.5,N/A,68.1%,0%,72,16.1,5.3,1.9,0.7,0.3,5.4,11.8,1.4,4.0,3.8,4.6,1.2,4.1,1.9,5,9.8,2.8,1.0,0.0,0.0,2.4,4.6,0.4,1.2,4.6,4.8,0.4,2.4,1.2,10,10.4,2.1,0.6,0.1,0.1,2.8,5.3,0.6,1.9,4.2,4.4,0.5,1.6,1.0,1.0,18.0,6.0,3.0,0.0,1.0,5.0,13.0,2.0,5.0,6.0,8.0,2.0,4.0,1.0,3,15.3,5.0,1.0,0.0,0.3,4.7,10.3,2.0,4.7,4.0,5.0,1.3,3.7,1.3
Bennedict Mathurin,G-F,IND,pts+rebs+asts,11.0,OKC,base,Thu 8:40 PM,107.5,N/A,90.3%,100.0%,72,16.1,5.3,1.9,0.7,0.3,5.4,11.8,1.4,4.0,3.8,4.6,1.2,4.1,1.9,5,9.8,2.8,1.0,0.0,0.0,2.4,4.6,0.4,1.2,4.6,4.8,0.4,2.4,1.2,10,10.4,2.1,0.6,0.1,0.1,2.8,5.3,0.6,1.9,4.2,4.4,0.5,1.6,1.0,1.0,18.0,6.0,3.0,0.0,1.0,5.0,13.0,2.0,5.0,6.0,8.0,2.0,4.0,1.0,3,15.3,5.0,1.0,0.0,0.3,4.7,10.3,2.0,4.7,4.0,5.0,1.3,3.7,1.3
Bennedict Mathurin,G-F,IND,pts+asts,8.5,OKC,base,Thu 8:40 PM,107.5,N/A,87.5%,100.0%,72,16.1,5.3,1.9,0.7,0.3,5.4,11.8,1.4,4.0,3.8,4.6,1.2,4.1,1.9,5,9.8,2.8,1.0,0.0,0.0,2.4,4.6,0.4,1.2,4.6,4.8,0.4,2.4,1.2,10,10.4,2.1,0.6,0.1,0.1,2.8,5.3,0.6,1.9,4.2,4.4,0.5,1.6,1.0,1.0,18.0,6.0,3.0,0.0,1.0,5.0,13.0,2.0,5.0,6.0,8.0,2.0,4.0,1.0,3,15.3,5.0,1.0,0.0,0.3,4.7,10.3,2.0,4.7,4.0,5.0,1.3,3.7,1.3
Bennedict Mathurin,G-F,IND,pts+rebs,9.5,OKC,base,Thu 8:40 PM,107.5,N/A,90.3%,100.0%,72,16.1,5.3,1.9,0.7,0.3,5.4,11.8,1.4,4.0,3.8,4.6,1.2,4.1,1.9,5,9.8,2.8,1.0,0.0,0.0,2.4,4.6,0.4,1.2,4.6,4.8,0.4,2.4,1.2,10,10.4,2.1,0.6,0.1,0.1,2.8,5.3,0.6,1.9,4.2,4.4,0.5,1.6,1.0,1.0,18.0,6.0,3.0,0.0,1.0,5.0,13.0,2.0,5.0,6.0,8.0,2.0,4.0,1.0,3,15.3,5.0,1.0,0.0,0.3,4.7,10.3,2.0,4.7,4.0,5.0,1.3,3.7,1.3
Bennedict Mathurin,G-F,IND,fg made,2.5,OKC,base,Thu 8:40 PM,107.5,N/A,88.9%,100.0%,72,16.1,5.3,1.9,0.7,0.3,5.4,11.8,1.4,4.0,3.8,4.6,1.2,4.1,1.9,5,9.8,2.8,1.0,0.0,0.0,2.4,4.6,0.4,1.2,4.6,4.8,0.4,2.4,1.2,10,10.4,2.1,0.6,0.1,0.1,2.8,5.3,0.6,1.9,4.2,4.4,0.5,1.6,1.0,1.0,18.0,6.0,3.0,0.0,1.0,5.0,13.0,2.0,5.0,6.0,8.0,2.0,4.0,1.0,3,15.3,5.0,1.0,0.0,0.3,4.7,10.3,2.0,4.7,4.0,5.0,1.3,3.7,1.3
Bennedict Mathurin,G-F,IND,two pointers attempted,4.0,OKC,base,Thu 8:40 PM,107.5,N/A,95.8%,0%,72,16.1,5.3,1.9,0.7,0.3,5.4,11.8,1.4,4.0,3.8,4.6,1.2,4.1,1.9,5,9.8,2.8,1.0,0.0,0.0,2.4,4.6,0.4,1.2,4.6,4.8,0.4,2.4,1.2,10,10.4,2.1,0.6,0.1,0.1,2.8,5.3,0.6,1.9,4.2,4.4,0.5,1.6,1.0,1.0,18.0,6.0,3.0,0.0,1.0,5.0,13.0,2.0,5.0,6.0,8.0,2.0,4.0,1.0,3,15.3,5.0,1.0,0.0,0.3,4.7,10.3,2.0,4.7,4.0,5.0,1.3,3.7,1.3
Bennedict Mathurin,G-F,IND,points,7.5,OKC,base,Thu 8:40 PM,107.5,N/A,90.3%,100.0%,72,16.1,5.3,1.9,0.7,0.3,5.4,11.8,1.4,4.0,3.8,4.6,1.2,4.1,1.9,5,9.8,2.8,1.0,0.0,0.0,2.4,4.6,0.4,1.2,4.6,4.8,0.4,2.4,1.2,10,10.4,2.1,0.6,0.1,0.1,2.8,5.3,0.6,1.9,4.2,4.4,0.5,1.6,1.0,1.0,18.0,6.0,3.0,0.0,1.0,5.0,13.0,2.0,5.0,6.0,8.0,2.0,4.0,1.0,3,15.3,5.0,1.0,0.0,0.3,4.7,10.3,2.0,4.7,4.0,5.0,1.3,3.7,1.3
Bennedict Mathurin,G-F,IND,free throws attempted,2.5,OKC,base,Thu 8:40 PM,107.5,N/A,58.3%,0%,72,16.1,5.3,1.9,0.7,0.3,5.4,11.8,1.4,4.0,3.8,4.6,1.2,4.1,1.9,5,9.8,2.8,1.0,0.0,0.0,2.4,4.6,0.4,1.2,4.6,4.8,0.4,2.4,1.2,10,10.4,2.1,0.6,0.1,0.1,2.8,5.3,0.6,1.9,4.2,4.4,0.5,1.6,1.0,1.0,18.0,6.0,3.0,0.0,1.0,5.0,13.0,2.0,5.0,6.0,8.0,2.0,4.0,1.0,3,15.3,5.0,1.0,0.0,0.3,4.7,10.3,2.0,4.7,4.0,5.0,1.3,3.7,1.3
Isaiah Joe,G,OKC,pts+rebs,4.5,IND,base,Thu 8:40 PM,114.3,N/A,N/A%,100.0%,74,10.2,2.6,1.6,0.6,0.1,3.5,7.9,2.6,6.3,0.6,0.8,0.6,2.1,0.5,5,5.0,2.6,0.4,0.2,0.4,1.6,3.6,1.0,2.6,0.8,1.0,0.2,2.4,0.2,10,3.5,1.7,0.4,0.3,0.2,1.1,2.8,0.6,2.0,0.7,0.9,0.2,1.5,0.1,2.0,12.0,3.5,1.0,0.0,0.0,4.5,8.5,3.0,7.0,0.0,0.0,1.0,2.5,0.5,8,10.0,2.8,1.0,1.0,0.1,3.4,7.6,2.4,6.0,0.9,1.0,0.6,2.1,0.3
Isaiah Joe,G,OKC,points,3.5,IND,base,Thu 8:40 PM,114.3,N/A,N/A%,100.0%,74,10.2,2.6,1.6,0.6,0.1,3.5,7.9,2.6,6.3,0.6,0.8,0.6,2.1,0.5,5,5.0,2.6,0.4,0.2,0.4,1.6,3.6,1.0,2.6,0.8,1.0,0.2,2.4,0.2,10,3.5,1.7,0.4,0.3,0.2,1.1,2.8,0.6,2.0,0.7,0.9,0.2,1.5,0.1,2.0,12.0,3.5,1.0,0.0,0.0,4.5,8.5,3.0,7.0,0.0,0.0,1.0,2.5,0.5,8,10.0,2.8,1.0,1.0,0.1,3.4,7.6,2.4,6.0,0.9,1.0,0.6,2.1,0.3
Chet Holmgren,C-F,OKC,offensive rebounds,2.0,IND,base,Thu 8:40 PM,114.3,N/A,N/A%,33.3%,32,15.0,8.0,2.0,0.7,2.2,5.2,10.7,1.4,3.6,3.2,4.2,1.5,6.5,1.8,5,18.0,6.0,1.6,0.6,1.6,6.8,12.0,1.4,3.8,3.0,4.2,1.8,4.2,1.0,10,16.2,8.9,1.1,0.7,1.5,6.3,12.1,1.1,4.0,2.5,3.7,2.1,6.8,1.3,N/A,N/A,N/A,N/A,N/A,N/A,N/A,N/A,N/A,N/A,N/A,N/A,N/A,N/A,N/A,2,15.0,10.5,1.5,0.0,2.5,5.0,14.0,2.0,6.0,3.0,4.0,1.0,9.5,1.0
Chet Holmgren,C-F,OKC,fg made,6.0,IND,base,Thu 8:40 PM,114.3,N/A,N/A%,33.3%,32,15.0,8.0,2.0,0.7,2.2,5.2,10.7,1.4,3.6,3.2,4.2,1.5,6.5,1.8,5,18.0,6.0,1.6,0.6,1.6,6.8,12.0,1.4,3.8,3.0,4.2,1.8,4.2,1.0,10,16.2,8.9,1.1,0.7,1.5,6.3,12.1,1.1,4.0,2.5,3.7,2.1,6.8,1.3,N/A,N/A,N/A,N/A,N/A,N/A,N/A,N/A,N/A,N/A,N/A,N/A,N/A,N/A,N/A,2,15.0,10.5,1.5,0.0,2.5,5.0,14.0,2.0,6.0,3.0,4.0,1.0,9.5,1.0
Chet Holmgren,C-F,OKC,two pointers made,5.0,IND,base,Thu 8:40 PM,114.3,N/A,N/A%,0%,32,15.0,8.0,2.0,0.7,2.2,5.2,10.7,1.4,3.6,3.2,4.2,1.5,6.5,1.8,5,18.0,6.0,1.6,0.6,1.6,6.8,12.0,1.4,3.8,3.0,4.2,1.8,4.2,1.0,10,16.2,8.9,1.1,0.7,1.5,6.3,12.1,1.1,4.0,2.5,3.7,2.1,6.8,1.3,N/A,N/A,N/A,N/A,N/A,N/A,N/A,N/A,N/A,N/A,N/A,N/A,N/A,N/A,N/A,2,15.0,10.5,1.5,0.0,2.5,5.0,14.0,2.0,6.0,3.0,4.0,1.0,9.5,1.0
Chet Holmgren,C-F,OKC,3-pt attempted,4.0,IND,base,Thu 8:40 PM,114.3,N/A,N/A%,100.0%,32,15.0,8.0,2.0,0.7,2.2,5.2,10.7,1.4,3.6,3.2,4.2,1.5,6.5,1.8,5,18.0,6.0,1.6,0.6,1.6,6.8,12.0,1.4,3.8,3.0,4.2,1.8,4.2,1.0,10,16.2,8.9,1.1,0.7,1.5,6.3,12.1,1.1,4.0,2.5,3.7,2.1,6.8,1.3,N/A,N/A,N/A,N/A,N/A,N/A,N/A,N/A,N/A,N/A,N/A,N/A,N/A,N/A,N/A,2,15.0,10.5,1.5,0.0,2.5,5.0,14.0,2.0,6.0,3.0,4.0,1.0,9.5,1.0
Chet Holmgren,C-F,OKC,pts+rebs,26.0,IND,base,Thu 8:40 PM,114.3,N/A,N/A%,33.3%,32,15.0,8.0,2.0,0.7,2.2,5.2,10.7,1.4,3.6,3.2,4.2,1.5,6.5,1.8,5,18.0,6.0,1.6,0.6,1.6,6.8,12.0,1.4,3.8,3.0,4.2,1.8,4.2,1.0,10,16.2,8.9,1.1,0.7,1.5,6.3,12.1,1.1,4.0,2.5,3.7,2.1,6.8,1.3,N/A,N/A,N/A,N/A,N/A,N/A,N/A,N/A,N/A,N/A,N/A,N/A,N/A,N/A,N/A,2,15.0,10.5,1.5,0.0,2.5,5.0,14.0,2.0,6.0,3.0,4.0,1.0,9.5,1.0
Chet Holmgren,C-F,OKC,fantasy score,36.0,IND,base,Thu 8:40 PM,114.3,N/A,N/A%,0%,32,15.0,8.0,2.0,0.7,2.2,5.2,10.7,1.4,3.6,3.2,4.2,1.5,6.5,1.8,5,18.0,6.0,1.6,0.6,1.6,6.8,12.0,1.4,3.8,3.0,4.2,1.8,4.2,1.0,10,16.2,8.9,1.1,0.7,1.5,6.3,12.1,1.1,4.0,2.5,3.7,2.1,6.8,1.3,N/A,N/A,N/A,N/A,N/A,N/A,N/A,N/A,N/A,N/A,N/A,N/A,N/A,N/A,N/A,2,15.0,10.5,1.5,0.0,2.5,5.0,14.0,2.0,6.0,3.0,4.0,1.0,9.5,1.0
Chet Holmgren,C-F,OKC,rebounds,9.0,IND,base,Thu 8:40 PM,114.3,N/A,N/A%,66.7%,32,15.0,8.0,2.0,0.7,2.2,5.2,10.7,1.4,3.6,3.2,4.2,1.5,6.5,1.8,5,18.0,6.0,1.6,0.6,1.6,6.8,12.0,1.4,3.8,3.0,4.2,1.8,4.2,1.0,10,16.2,8.9,1.1,0.7,1.5,6.3,12.1,1.1,4.0,2.5,3.7,2.1,6.8,1.3,N/A,N/A,N/A,N/A,N/A,N/A,N/A,N/A,N/A,N/A,N/A,N/A,N/A,N/A,N/A,2,15.0,10.5,1.5,0.0,2.5,5.0,14.0,2.0,6.0,3.0,4.0,1.0,9.5,1.0
Chet Holmgren,C-F,OKC,points,16.5,IND,base,Thu 8:40 PM,114.3,N/A,N/A%,0.0%,32,15.0,8.0,2.0,0.7,2.2,5.2,10.7,1.4,3.6,3.2,4.2,1.5,6.5,1.8,5,18.0,6.0,1.6,0.6,1.6,6.8,12.0,1.4,3.8,3.0,4.2,1.8,4.2,1.0,10,16.2,8.9,1.1,0.7,1.5,6.3,12.1,1.1,4.0,2.5,3.7,2.1,6.8,1.3,N/A,N/A,N/A,N/A,N/A,N/A,N/A,N/A,N/A,N/A,N/A,N/A,N/A,N/A,N/A,2,15.0,10.5,1.5,0.0,2.5,5.0,14.0,2.0,6.0,3.0,4.0,1.0,9.5,1.0
Chet Holmgren,C-F,OKC,assists,1.5,IND,base,Thu 8:40 PM,114.3,N/A,N/A%,66.7%,32,15.0,8.0,2.0,0.7,2.2,5.2,10.7,1.4,3.6,3.2,4.2,1.5,6.5,1.8,5,18.0,6.0,1.6,0.6,1.6,6.8,12.0,1.4,3.8,3.0,4.2,1.8,4.2,1.0,10,16.2,8.9,1.1,0.7,1.5,6.3,12.1,1.1,4.0,2.5,3.7,2.1,6.8,1.3,N/A,N/A,N/A,N/A,N/A,N/A,N/A,N/A,N/A,N/A,N/A,N/A,N/A,N/A,N/A,2,15.0,10.5,1.5,0.0,2.5,5.0,14.0,2.0,6.0,3.0,4.0,1.0,9.5,1.0
Chet Holmgren,C-F,OKC,rebs+asts,11.0,IND,base,Thu 8:40 PM,114.3,N/A,N/A%,66.7%,32,15.0,8.0,2.0,0.7,2.2,5.2,10.7,1.4,3.6,3.2,4.2,1.5,6.5,1.8,5,18.0,6.0,1.6,0.6,1.6,6.8,12.0,1.4,3.8,3.0,4.2,1.8,4.2,1.0,10,16.2,8.9,1.1,0.7,1.5,6.3,12.1,1.1,4.0,2.5,3.7,2.1,6.8,1.3,N/A,N/A,N/A,N/A,N/A,N/A,N/A,N/A,N/A,N/A,N/A,N/A,N/A,N/A,N/A,2,15.0,10.5,1.5,0.0,2.5,5.0,14.0,2.0,6.0,3.0,4.0,1.0,9.5,1.0
Chet Holmgren,C-F,OKC,fg attempted,12.5,IND,base,Thu 8:40 PM,114.3,N/A,N/A%,66.7%,32,15.0,8.0,2.0,0.7,2.2,5.2,10.7,1.4,3.6,3.2,4.2,1.5,6.5,1.8,5,18.0,6.0,1.6,0.6,1.6,6.8,12.0,1.4,3.8,3.0,4.2,1.8,4.2,1.0,10,16.2,8.9,1.1,0.7,1.5,6.3,12.1,1.1,4.0,2.5,3.7,2.1,6.8,1.3,N/A,N/A,N/A,N/A,N/A,N/A,N/A,N/A,N/A,N/A,N/A,N/A,N/A,N/A,N/A,2,15.0,10.5,1.5,0.0,2.5,5.0,14.0,2.0,6.0,3.0,4.0,1.0,9.5,1.0
Chet Holmgren,C-F,OKC,free throws made,3.0,IND,base,Thu 8:40 PM,114.3,N/A,N/A%,0%,32,15.0,8.0,2.0,0.7,2.2,5.2,10.7,1.4,3.6,3.2,4.2,1.5,6.5,1.8,5,18.0,6.0,1.6,0.6,1.6,6.8,12.0,1.4,3.8,3.0,4.2,1.8,4.2,1.0,10,16.2,8.9,1.1,0.7,1.5,6.3,12.1,1.1,4.0,2.5,3.7,2.1,6.8,1.3,N/A,N/A,N/A,N/A,N/A,N/A,N/A,N/A,N/A,N/A,N/A,N/A,N/A,N/A,N/A,2,15.0,10.5,1.5,0.0,2.5,5.0,14.0,2.0,6.0,3.0,4.0,1.0,9.5,1.0
Chet Holmgren,C-F,OKC,steals,0.5,IND,base,Thu 8:40 PM,114.3,N/A,N/A%,0.0%,32,15.0,8.0,2.0,0.7,2.2,5.2,10.7,1.4,3.6,3.2,4.2,1.5,6.5,1.8,5,18.0,6.0,1.6,0.6,1.6,6.8,12.0,1.4,3.8,3.0,4.2,1.8,4.2,1.0,10,16.2,8.9,1.1,0.7,1.5,6.3,12.1,1.1,4.0,2.5,3.7,2.1,6.8,1.3,N/A,N/A,N/A,N/A,N/A,N/A,N/A,N/A,N/A,N/A,N/A,N/A,N/A,N/A,N/A,2,15.0,10.5,1.5,0.0,2.5,5.0,14.0,2.0,6.0,3.0,4.0,1.0,9.5,1.0
Chet Holmgren,C-F,OKC,personal fouls,2.5,IND,base,Thu 8:40 PM,114.3,N/A,N/A%,0%,32,15.0,8.0,2.0,0.7,2.2,5.2,10.7,1.4,3.6,3.2,4.2,1.5,6.5,1.8,5,18.0,6.0,1.6,0.6,1.6,6.8,12.0,1.4,3.8,3.0,4.2,1.8,4.2,1.0,10,16.2,8.9,1.1,0.7,1.5,6.3,12.1,1.1,4.0,2.5,3.7,2.1,6.8,1.3,N/A,N/A,N/A,N/A,N/A,N/A,N/A,N/A,N/A,N/A,N/A,N/A,N/A,N/A,N/A,2,15.0,10.5,1.5,0.0,2.5,5.0,14.0,2.0,6.0,3.0,4.0,1.0,9.5,1.0
Chet Holmgren,C-F,OKC,two pointers attempted,8.5,IND,base,Thu 8:40 PM,114.3,N/A,N/A%,0%,32,15.0,8.0,2.0,0.7,2.2,5.2,10.7,1.4,3.6,3.2,4.2,1.5,6.5,1.8,5,18.0,6.0,1.6,0.6,1.6,6.8,12.0,1.4,3.8,3.0,4.2,1.8,4.2,1.0,10,16.2,8.9,1.1,0.7,1.5,6.3,12.1,1.1,4.0,2.5,3.7,2.1,6.8,1.3,N/A,N/A,N/A,N/A,N/A,N/A,N/A,N/A,N/A,N/A,N/A,N/A,N/A,N/A,N/A,2,15.0,10.5,1.5,0.0,2.5,5.0,14.0,2.0,6.0,3.0,4.0,1.0,9.5,1.0
Chet Holmgren,C-F,OKC,pts+rebs+asts,27.5,IND,base,Thu 8:40 PM,114.3,N/A,N/A%,33.3%,32,15.0,8.0,2.0,0.7,2.2,5.2,10.7,1.4,3.6,3.2,4.2,1.5,6.5,1.8,5,18.0,6.0,1.6,0.6,1.6,6.8,12.0,1.4,3.8,3.0,4.2,1.8,4.2,1.0,10,16.2,8.9,1.1,0.7,1.5,6.3,12.1,1.1,4.0,2.5,3.7,2.1,6.8,1.3,N/A,N/A,N/A,N/A,N/A,N/A,N/A,N/A,N/A,N/A,N/A,N/A,N/A,N/A,N/A,2,15.0,10.5,1.5,0.0,2.5,5.0,14.0,2.0,6.0,3.0,4.0,1.0,9.5,1.0
Chet Holmgren,C-F,OKC,defensive rebounds,7.0,IND,base,Thu 8:40 PM,114.3,N/A,N/A%,100.0%,32,15.0,8.0,2.0,0.7,2.2,5.2,10.7,1.4,3.6,3.2,4.2,1.5,6.5,1.8,5,18.0,6.0,1.6,0.6,1.6,6.8,12.0,1.4,3.8,3.0,4.2,1.8,4.2,1.0,10,16.2,8.9,1.1,0.7,1.5,6.3,12.1,1.1,4.0,2.5,3.7,2.1,6.8,1.3,N/A,N/A,N/A,N/A,N/A,N/A,N/A,N/A,N/A,N/A,N/A,N/A,N/A,N/A,N/A,2,15.0,10.5,1.5,0.0,2.5,5.0,14.0,2.0,6.0,3.0,4.0,1.0,9.5,1.0
Chet Holmgren,C-F,OKC,pts+asts,18.5,IND,base,Thu 8:40 PM,114.3,N/A,N/A%,0.0%,32,15.0,8.0,2.0,0.7,2.2,5.2,10.7,1.4,3.6,3.2,4.2,1.5,6.5,1.8,5,18.0,6.0,1.6,0.6,1.6,6.8,12.0,1.4,3.8,3.0,4.2,1.8,4.2,1.0,10,16.2,8.9,1.1,0.7,1.5,6.3,12.1,1.1,4.0,2.5,3.7,2.1,6.8,1.3,N/A,N/A,N/A,N/A,N/A,N/A,N/A,N/A,N/A,N/A,N/A,N/A,N/A,N/A,N/A,2,15.0,10.5,1.5,0.0,2.5,5.0,14.0,2.0,6.0,3.0,4.0,1.0,9.5,1.0
Obi Toppin,F,IND,points,8.5,OKC,base,Thu 8:40 PM,107.5,N/A,59.5%,40.0%,79,10.5,4.0,1.6,0.6,0.4,4.0,7.6,1.4,3.8,1.1,1.4,0.7,3.3,0.9,5,9.2,3.6,0.8,0.4,0.6,3.6,7.2,0.6,2.4,1.4,1.4,0.4,3.2,1.0,10,9.1,4.0,1.5,0.6,0.3,3.6,7.5,0.5,2.8,1.4,1.7,0.7,3.3,0.8,2.0,8.5,3.0,2.5,0.0,1.0,3.5,5.5,1.5,3.5,0.0,0.0,0.5,2.5,1.0,9,8.1,3.8,1.1,0.3,0.3,3.2,6.3,0.8,2.6,0.9,1.6,1.0,2.8,0.9
Obi Toppin,F,IND,personal fouls,2.0,OKC,base,Thu 8:40 PM,107.5,N/A,11.4%,0%,79,10.5,4.0,1.6,0.6,0.4,4.0,7.6,1.4,3.8,1.1,1.4,0.7,3.3,0.9,5,9.2,3.6,0.8,0.4,0.6,3.6,7.2,0.6,2.4,1.4,1.4,0.4,3.2,1.0,10,9.1,4.0,1.5,0.6,0.3,3.6,7.5,0.5,2.8,1.4,1.7,0.7,3.3,0.8,2.0,8.5,3.0,2.5,0.0,1.0,3.5,5.5,1.5,3.5,0.0,0.0,0.5,2.5,1.0,9,8.1,3.8,1.1,0.3,0.3,3.2,6.3,0.8,2.6,0.9,1.6,1.0,2.8,0.9
Obi Toppin,F,IND,offensive rebounds,0.5,OKC,base,Thu 8:40 PM,107.5,N/A,51.9%,80.0%,79,10.5,4.0,1.6,0.6,0.4,4.0,7.6,1.4,3.8,1.1,1.4,0.7,3.3,0.9,5,9.2,3.6,0.8,0.4,0.6,3.6,7.2,0.6,2.4,1.4,1.4,0.4,3.2,1.0,10,9.1,4.0,1.5,0.6,0.3,3.6,7.5,0.5,2.8,1.4,1.7,0.7,3.3,0.8,2.0,8.5,3.0,2.5,0.0,1.0,3.5,5.5,1.5,3.5,0.0,0.0,0.5,2.5,1.0,9,8.1,3.8,1.1,0.3,0.3,3.2,6.3,0.8,2.6,0.9,1.6,1.0,2.8,0.9
Obi Toppin,F,IND,pts+rebs+asts,13.5,OKC,base,Thu 8:40 PM,107.5,N/A,59.5%,30.0%,79,10.5,4.0,1.6,0.6,0.4,4.0,7.6,1.4,3.8,1.1,1.4,0.7,3.3,0.9,5,9.2,3.6,0.8,0.4,0.6,3.6,7.2,0.6,2.4,1.4,1.4,0.4,3.2,1.0,10,9.1,4.0,1.5,0.6,0.3,3.6,7.5,0.5,2.8,1.4,1.7,0.7,3.3,0.8,2.0,8.5,3.0,2.5,0.0,1.0,3.5,5.5,1.5,3.5,0.0,0.0,0.5,2.5,1.0,9,8.1,3.8,1.1,0.3,0.3,3.2,6.3,0.8,2.6,0.9,1.6,1.0,2.8,0.9
Obi Toppin,F,IND,rebs+asts,4.5,OKC,base,Thu 8:40 PM,107.5,N/A,68.4%,50.0%,79,10.5,4.0,1.6,0.6,0.4,4.0,7.6,1.4,3.8,1.1,1.4,0.7,3.3,0.9,5,9.2,3.6,0.8,0.4,0.6,3.6,7.2,0.6,2.4,1.4,1.4,0.4,3.2,1.0,10,9.1,4.0,1.5,0.6,0.3,3.6,7.5,0.5,2.8,1.4,1.7,0.7,3.3,0.8,2.0,8.5,3.0,2.5,0.0,1.0,3.5,5.5,1.5,3.5,0.0,0.0,0.5,2.5,1.0,9,8.1,3.8,1.1,0.3,0.3,3.2,6.3,0.8,2.6,0.9,1.6,1.0,2.8,0.9
Obi Toppin,F,IND,pts+asts,10.0,OKC,base,Thu 8:40 PM,107.5,N/A,57.0%,40.0%,79,10.5,4.0,1.6,0.6,0.4,4.0,7.6,1.4,3.8,1.1,1.4,0.7,3.3,0.9,5,9.2,3.6,0.8,0.4,0.6,3.6,7.2,0.6,2.4,1.4,1.4,0.4,3.2,1.0,10,9.1,4.0,1.5,0.6,0.3,3.6,7.5,0.5,2.8,1.4,1.7,0.7,3.3,0.8,2.0,8.5,3.0,2.5,0.0,1.0,3.5,5.5,1.5,3.5,0.0,0.0,0.5,2.5,1.0,9,8.1,3.8,1.1,0.3,0.3,3.2,6.3,0.8,2.6,0.9,1.6,1.0,2.8,0.9
Obi Toppin,F,IND,free throws made,0.5,OKC,base,Thu 8:40 PM,107.5,N/A,50.6%,0%,79,10.5,4.0,1.6,0.6,0.4,4.0,7.6,1.4,3.8,1.1,1.4,0.7,3.3,0.9,5,9.2,3.6,0.8,0.4,0.6,3.6,7.2,0.6,2.4,1.4,1.4,0.4,3.2,1.0,10,9.1,4.0,1.5,0.6,0.3,3.6,7.5,0.5,2.8,1.4,1.7,0.7,3.3,0.8,2.0,8.5,3.0,2.5,0.0,1.0,3.5,5.5,1.5,3.5,0.0,0.0,0.5,2.5,1.0,9,8.1,3.8,1.1,0.3,0.3,3.2,6.3,0.8,2.6,0.9,1.6,1.0,2.8,0.9
Obi Toppin,F,IND,two pointers attempted,4.0,OKC,base,Thu 8:40 PM,107.5,N/A,83.5%,0%,79,10.5,4.0,1.6,0.6,0.4,4.0,7.6,1.4,3.8,1.1,1.4,0.7,3.3,0.9,5,9.2,3.6,0.8,0.4,0.6,3.6,7.2,0.6,2.4,1.4,1.4,0.4,3.2,1.0,10,9.1,4.0,1.5,0.6,0.3,3.6,7.5,0.5,2.8,1.4,1.7,0.7,3.3,0.8,2.0,8.5,3.0,2.5,0.0,1.0,3.5,5.5,1.5,3.5,0.0,0.0,0.5,2.5,1.0,9,8.1,3.8,1.1,0.3,0.3,3.2,6.3,0.8,2.6,0.9,1.6,1.0,2.8,0.9
Obi Toppin,F,IND,fg made,3.0,OKC,base,Thu 8:40 PM,107.5,N/A,59.5%,60.0%,79,10.5,4.0,1.6,0.6,0.4,4.0,7.6,1.4,3.8,1.1,1.4,0.7,3.3,0.9,5,9.2,3.6,0.8,0.4,0.6,3.6,7.2,0.6,2.4,1.4,1.4,0.4,3.2,1.0,10,9.1,4.0,1.5,0.6,0.3,3.6,7.5,0.5,2.8,1.4,1.7,0.7,3.3,0.8,2.0,8.5,3.0,2.5,0.0,1.0,3.5,5.5,1.5,3.5,0.0,0.0,0.5,2.5,1.0,9,8.1,3.8,1.1,0.3,0.3,3.2,6.3,0.8,2.6,0.9,1.6,1.0,2.8,0.9
Obi Toppin,F,IND,dunks,0.5,OKC,base,Thu 8:40 PM,107.5,N/A,0.0%,0%,79,10.5,4.0,1.6,0.6,0.4,4.0,7.6,1.4,3.8,1.1,1.4,0.7,3.3,0.9,5,9.2,3.6,0.8,0.4,0.6,3.6,7.2,0.6,2.4,1.4,1.4,0.4,3.2,1.0,10,9.1,4.0,1.5,0.6,0.3,3.6,7.5,0.5,2.8,1.4,1.7,0.7,3.3,0.8,2.0,8.5,3.0,2.5,0.0,1.0,3.5,5.5,1.5,3.5,0.0,0.0,0.5,2.5,1.0,9,8.1,3.8,1.1,0.3,0.3,3.2,6.3,0.8,2.6,0.9,1.6,1.0,2.8,0.9
Obi Toppin,F,IND,3-pt attempted,3.0,OKC,base,Thu 8:40 PM,107.5,N/A,50.6%,50.0%,79,10.5,4.0,1.6,0.6,0.4,4.0,7.6,1.4,3.8,1.1,1.4,0.7,3.3,0.9,5,9.2,3.6,0.8,0.4,0.6,3.6,7.2,0.6,2.4,1.4,1.4,0.4,3.2,1.0,10,9.1,4.0,1.5,0.6,0.3,3.6,7.5,0.5,2.8,1.4,1.7,0.7,3.3,0.8,2.0,8.5,3.0,2.5,0.0,1.0,3.5,5.5,1.5,3.5,0.0,0.0,0.5,2.5,1.0,9,8.1,3.8,1.1,0.3,0.3,3.2,6.3,0.8,2.6,0.9,1.6,1.0,2.8,0.9
Obi Toppin,F,IND,fg attempted,7.0,OKC,base,Thu 8:40 PM,107.5,N/A,53.2%,40.0%,79,10.5,4.0,1.6,0.6,0.4,4.0,7.6,1.4,3.8,1.1,1.4,0.7,3.3,0.9,5,9.2,3.6,0.8,0.4,0.6,3.6,7.2,0.6,2.4,1.4,1.4,0.4,3.2,1.0,10,9.1,4.0,1.5,0.6,0.3,3.6,7.5,0.5,2.8,1.4,1.7,0.7,3.3,0.8,2.0,8.5,3.0,2.5,0.0,1.0,3.5,5.5,1.5,3.5,0.0,0.0,0.5,2.5,1.0,9,8.1,3.8,1.1,0.3,0.3,3.2,6.3,0.8,2.6,0.9,1.6,1.0,2.8,0.9
Obi Toppin,F,IND,pts+rebs,11.5,OKC,base,Thu 8:40 PM,107.5,N/A,65.8%,60.0%,79,10.5,4.0,1.6,0.6,0.4,4.0,7.6,1.4,3.8,1.1,1.4,0.7,3.3,0.9,5,9.2,3.6,0.8,0.4,0.6,3.6,7.2,0.6,2.4,1.4,1.4,0.4,3.2,1.0,10,9.1,4.0,1.5,0.6,0.3,3.6,7.5,0.5,2.8,1.4,1.7,0.7,3.3,0.8,2.0,8.5,3.0,2.5,0.0,1.0,3.5,5.5,1.5,3.5,0.0,0.0,0.5,2.5,1.0,9,8.1,3.8,1.1,0.3,0.3,3.2,6.3,0.8,2.6,0.9,1.6,1.0,2.8,0.9
Ben Sheppard,G,IND,pts+rebs+asts,6.5,OKC,base,Thu 8:40 PM,107.5,N/A,66.7%,80.0%,63,5.3,2.8,1.3,0.6,0.2,1.9,4.6,1.1,3.2,0.4,0.4,0.7,2.1,0.3,5,3.8,2.2,1.0,0.4,0.0,1.2,2.0,1.0,1.6,0.4,0.4,0.2,2.0,0.6,10,3.9,1.8,0.6,0.3,0.0,1.3,2.3,0.9,1.7,0.4,0.4,0.1,1.7,0.7,2.0,7.5,2.5,2.0,0.5,0.5,2.5,5.5,1.5,4.0,1.0,1.0,0.0,2.5,1.0,4,6.8,2.3,1.0,0.8,0.3,2.5,6.5,1.3,4.3,0.5,0.5,0.5,1.8,0.8
Ben Sheppard,G,IND,points,3.0,OKC,base,Thu 8:40 PM,107.5,N/A,60.3%,100.0%,63,5.3,2.8,1.3,0.6,0.2,1.9,4.6,1.1,3.2,0.4,0.4,0.7,2.1,0.3,5,3.8,2.2,1.0,0.4,0.0,1.2,2.0,1.0,1.6,0.4,0.4,0.2,2.0,0.6,10,3.9,1.8,0.6,0.3,0.0,1.3,2.3,0.9,1.7,0.4,0.4,0.1,1.7,0.7,2.0,7.5,2.5,2.0,0.5,0.5,2.5,5.5,1.5,4.0,1.0,1.0,0.0,2.5,1.0,4,6.8,2.3,1.0,0.8,0.3,2.5,6.5,1.3,4.3,0.5,0.5,0.5,1.8,0.8
Ben Sheppard,G,IND,pts+asts,4.5,OKC,base,Thu 8:40 PM,107.5,N/A,66.7%,80.0%,63,5.3,2.8,1.3,0.6,0.2,1.9,4.6,1.1,3.2,0.4,0.4,0.7,2.1,0.3,5,3.8,2.2,1.0,0.4,0.0,1.2,2.0,1.0,1.6,0.4,0.4,0.2,2.0,0.6,10,3.9,1.8,0.6,0.3,0.0,1.3,2.3,0.9,1.7,0.4,0.4,0.1,1.7,0.7,2.0,7.5,2.5,2.0,0.5,0.5,2.5,5.5,1.5,4.0,1.0,1.0,0.0,2.5,1.0,4,6.8,2.3,1.0,0.8,0.3,2.5,6.5,1.3,4.3,0.5,0.5,0.5,1.8,0.8
Ben Sheppard,G,IND,pts+rebs,5.5,OKC,base,Thu 8:40 PM,107.5,N/A,68.3%,100.0%,63,5.3,2.8,1.3,0.6,0.2,1.9,4.6,1.1,3.2,0.4,0.4,0.7,2.1,0.3,5,3.8,2.2,1.0,0.4,0.0,1.2,2.0,1.0,1.6,0.4,0.4,0.2,2.0,0.6,10,3.9,1.8,0.6,0.3,0.0,1.3,2.3,0.9,1.7,0.4,0.4,0.1,1.7,0.7,2.0,7.5,2.5,2.0,0.5,0.5,2.5,5.5,1.5,4.0,1.0,1.0,0.0,2.5,1.0,4,6.8,2.3,1.0,0.8,0.3,2.5,6.5,1.3,4.3,0.5,0.5,0.5,1.8,0.8
Ben Sheppard,G,IND,fg attempted,3.0,OKC,base,Thu 8:40 PM,107.5,N/A,65.1%,100.0%,63,5.3,2.8,1.3,0.6,0.2,1.9,4.6,1.1,3.2,0.4,0.4,0.7,2.1,0.3,5,3.8,2.2,1.0,0.4,0.0,1.2,2.0,1.0,1.6,0.4,0.4,0.2,2.0,0.6,10,3.9,1.8,0.6,0.3,0.0,1.3,2.3,0.9,1.7,0.4,0.4,0.1,1.7,0.7,2.0,7.5,2.5,2.0,0.5,0.5,2.5,5.5,1.5,4.0,1.0,1.0,0.0,2.5,1.0,4,6.8,2.3,1.0,0.8,0.3,2.5,6.5,1.3,4.3,0.5,0.5,0.5,1.8,0.8
Cason Wallace,G,OKC,points,6.5,IND,base,Thu 8:40 PM,114.3,N/A,N/A%,60.0%,68,8.4,3.4,2.5,1.8,0.5,3.4,7.2,1.1,3.1,0.4,0.5,1.0,2.3,0.9,5,5.0,2.4,3.6,0.8,0.8,1.8,5.0,1.0,3.4,0.4,0.4,1.8,0.6,0.8,10,5.9,2.9,2.8,1.4,0.4,2.2,5.6,1.1,3.4,0.4,0.5,1.4,1.5,1.1,2.0,8.0,2.0,2.0,2.0,1.0,3.0,7.5,1.0,3.0,1.0,1.0,0.5,1.5,0.5,4,7.3,2.0,1.3,1.8,1.0,2.8,6.8,1.3,2.8,0.5,0.5,0.3,1.8,1.5
Cason Wallace,G,OKC,two pointers attempted,3.0,IND,base,Thu 8:40 PM,114.3,N/A,N/A%,0%,68,8.4,3.4,2.5,1.8,0.5,3.4,7.2,1.1,3.1,0.4,0.5,1.0,2.3,0.9,5,5.0,2.4,3.6,0.8,0.8,1.8,5.0,1.0,3.4,0.4,0.4,1.8,0.6,0.8,10,5.9,2.9,2.8,1.4,0.4,2.2,5.6,1.1,3.4,0.4,0.5,1.4,1.5,1.1,2.0,8.0,2.0,2.0,2.0,1.0,3.0,7.5,1.0,3.0,1.0,1.0,0.5,1.5,0.5,4,7.3,2.0,1.3,1.8,1.0,2.8,6.8,1.3,2.8,0.5,0.5,0.3,1.8,1.5
Cason Wallace,G,OKC,fg attempted,6.0,IND,base,Thu 8:40 PM,114.3,N/A,N/A%,60.0%,68,8.4,3.4,2.5,1.8,0.5,3.4,7.2,1.1,3.1,0.4,0.5,1.0,2.3,0.9,5,5.0,2.4,3.6,0.8,0.8,1.8,5.0,1.0,3.4,0.4,0.4,1.8,0.6,0.8,10,5.9,2.9,2.8,1.4,0.4,2.2,5.6,1.1,3.4,0.4,0.5,1.4,1.5,1.1,2.0,8.0,2.0,2.0,2.0,1.0,3.0,7.5,1.0,3.0,1.0,1.0,0.5,1.5,0.5,4,7.3,2.0,1.3,1.8,1.0,2.8,6.8,1.3,2.8,0.5,0.5,0.3,1.8,1.5
Cason Wallace,G,OKC,3-pt attempted,3.0,IND,base,Thu 8:40 PM,114.3,N/A,N/A%,40.0%,68,8.4,3.4,2.5,1.8,0.5,3.4,7.2,1.1,3.1,0.4,0.5,1.0,2.3,0.9,5,5.0,2.4,3.6,0.8,0.8,1.8,5.0,1.0,3.4,0.4,0.4,1.8,0.6,0.8,10,5.9,2.9,2.8,1.4,0.4,2.2,5.6,1.1,3.4,0.4,0.5,1.4,1.5,1.1,2.0,8.0,2.0,2.0,2.0,1.0,3.0,7.5,1.0,3.0,1.0,1.0,0.5,1.5,0.5,4,7.3,2.0,1.3,1.8,1.0,2.8,6.8,1.3,2.8,0.5,0.5,0.3,1.8,1.5
Cason Wallace,G,OKC,pts+rebs,10.5,IND,base,Thu 8:40 PM,114.3,N/A,N/A%,40.0%,68,8.4,3.4,2.5,1.8,0.5,3.4,7.2,1.1,3.1,0.4,0.5,1.0,2.3,0.9,5,5.0,2.4,3.6,0.8,0.8,1.8,5.0,1.0,3.4,0.4,0.4,1.8,0.6,0.8,10,5.9,2.9,2.8,1.4,0.4,2.2,5.6,1.1,3.4,0.4,0.5,1.4,1.5,1.1,2.0,8.0,2.0,2.0,2.0,1.0,3.0,7.5,1.0,3.0,1.0,1.0,0.5,1.5,0.5,4,7.3,2.0,1.3,1.8,1.0,2.8,6.8,1.3,2.8,0.5,0.5,0.3,1.8,1.5
Cason Wallace,G,OKC,pts+rebs+asts,12.5,IND,base,Thu 8:40 PM,114.3,N/A,N/A%,40.0%,68,8.4,3.4,2.5,1.8,0.5,3.4,7.2,1.1,3.1,0.4,0.5,1.0,2.3,0.9,5,5.0,2.4,3.6,0.8,0.8,1.8,5.0,1.0,3.4,0.4,0.4,1.8,0.6,0.8,10,5.9,2.9,2.8,1.4,0.4,2.2,5.6,1.1,3.4,0.4,0.5,1.4,1.5,1.1,2.0,8.0,2.0,2.0,2.0,1.0,3.0,7.5,1.0,3.0,1.0,1.0,0.5,1.5,0.5,4,7.3,2.0,1.3,1.8,1.0,2.8,6.8,1.3,2.8,0.5,0.5,0.3,1.8,1.5
Cason Wallace,G,OKC,pts+asts,9.0,IND,base,Thu 8:40 PM,114.3,N/A,N/A%,40.0%,68,8.4,3.4,2.5,1.8,0.5,3.4,7.2,1.1,3.1,0.4,0.5,1.0,2.3,0.9,5,5.0,2.4,3.6,0.8,0.8,1.8,5.0,1.0,3.4,0.4,0.4,1.8,0.6,0.8,10,5.9,2.9,2.8,1.4,0.4,2.2,5.6,1.1,3.4,0.4,0.5,1.4,1.5,1.1,2.0,8.0,2.0,2.0,2.0,1.0,3.0,7.5,1.0,3.0,1.0,1.0,0.5,1.5,0.5,4,7.3,2.0,1.3,1.8,1.0,2.8,6.8,1.3,2.8,0.5,0.5,0.3,1.8,1.5
Cason Wallace,G,OKC,fantasy score,18.0,IND,base,Thu 8:40 PM,114.3,N/A,N/A%,0%,68,8.4,3.4,2.5,1.8,0.5,3.4,7.2,1.1,3.1,0.4,0.5,1.0,2.3,0.9,5,5.0,2.4,3.6,0.8,0.8,1.8,5.0,1.0,3.4,0.4,0.4,1.8,0.6,0.8,10,5.9,2.9,2.8,1.4,0.4,2.2,5.6,1.1,3.4,0.4,0.5,1.4,1.5,1.1,2.0,8.0,2.0,2.0,2.0,1.0,3.0,7.5,1.0,3.0,1.0,1.0,0.5,1.5,0.5,4,7.3,2.0,1.3,1.8,1.0,2.8,6.8,1.3,2.8,0.5,0.5,0.3,1.8,1.5
Cason Wallace,G,OKC,fg made,2.5,IND,base,Thu 8:40 PM,114.3,N/A,N/A%,60.0%,68,8.4,3.4,2.5,1.8,0.5,3.4,7.2,1.1,3.1,0.4,0.5,1.0,2.3,0.9,5,5.0,2.4,3.6,0.8,0.8,1.8,5.0,1.0,3.4,0.4,0.4,1.8,0.6,0.8,10,5.9,2.9,2.8,1.4,0.4,2.2,5.6,1.1,3.4,0.4,0.5,1.4,1.5,1.1,2.0,8.0,2.0,2.0,2.0,1.0,3.0,7.5,1.0,3.0,1.0,1.0,0.5,1.5,0.5,4,7.3,2.0,1.3,1.8,1.0,2.8,6.8,1.3,2.8,0.5,0.5,0.3,1.8,1.5
Pascal Siakam,F,IND,points in first 5 minutes,2.5,OKC,base,Thu 8:40 PM,107.5,N/A,2.6%,0%,78,20.2,6.9,3.4,0.9,0.5,7.9,15.2,1.6,4.2,2.9,3.9,1.7,5.2,1.4,5,26.4,5.0,3.0,1.2,0.8,9.6,17.8,2.0,3.6,5.2,7.6,1.4,3.6,1.2,10,22.1,5.4,3.6,1.0,0.5,8.5,15.7,1.5,3.1,3.6,5.7,1.1,4.3,1.0,2.0,16.5,9.5,2.0,0.0,0.5,5.5,12.5,3.0,6.0,2.5,4.0,1.5,8.0,1.5,10,20.7,9.2,3.8,0.8,0.5,7.7,13.6,1.7,3.1,3.6,4.8,1.8,7.4,2.4
Pascal Siakam,F,IND,personal fouls,3.0,OKC,base,Thu 8:40 PM,107.5,N/A,17.9%,0%,78,20.2,6.9,3.4,0.9,0.5,7.9,15.2,1.6,4.2,2.9,3.9,1.7,5.2,1.4,5,26.4,5.0,3.0,1.2,0.8,9.6,17.8,2.0,3.6,5.2,7.6,1.4,3.6,1.2,10,22.1,5.4,3.6,1.0,0.5,8.5,15.7,1.5,3.1,3.6,5.7,1.1,4.3,1.0,2.0,16.5,9.5,2.0,0.0,0.5,5.5,12.5,3.0,6.0,2.5,4.0,1.5,8.0,1.5,10,20.7,9.2,3.8,0.8,0.5,7.7,13.6,1.7,3.1,3.6,4.8,1.8,7.4,2.4
Pascal Siakam,F,IND,two pointers made,6.5,OKC,base,Thu 8:40 PM,107.5,N/A,66.7%,0%,78,20.2,6.9,3.4,0.9,0.5,7.9,15.2,1.6,4.2,2.9,3.9,1.7,5.2,1.4,5,26.4,5.0,3.0,1.2,0.8,9.6,17.8,2.0,3.6,5.2,7.6,1.4,3.6,1.2,10,22.1,5.4,3.6,1.0,0.5,8.5,15.7,1.5,3.1,3.6,5.7,1.1,4.3,1.0,2.0,16.5,9.5,2.0,0.0,0.5,5.5,12.5,3.0,6.0,2.5,4.0,1.5,8.0,1.5,10,20.7,9.2,3.8,0.8,0.5,7.7,13.6,1.7,3.1,3.6,4.8,1.8,7.4,2.4
Pascal Siakam,F,IND,fg attempted,16.5,OKC,base,Thu 8:40 PM,107.5,N/A,32.1%,18.2%,78,20.2,6.9,3.4,0.9,0.5,7.9,15.2,1.6,4.2,2.9,3.9,1.7,5.2,1.4,5,26.4,5.0,3.0,1.2,0.8,9.6,17.8,2.0,3.6,5.2,7.6,1.4,3.6,1.2,10,22.1,5.4,3.6,1.0,0.5,8.5,15.7,1.5,3.1,3.6,5.7,1.1,4.3,1.0,2.0,16.5,9.5,2.0,0.0,0.5,5.5,12.5,3.0,6.0,2.5,4.0,1.5,8.0,1.5,10,20.7,9.2,3.8,0.8,0.5,7.7,13.6,1.7,3.1,3.6,4.8,1.8,7.4,2.4
Pascal Siakam,F,IND,free throws attempted,4.5,OKC,base,Thu 8:40 PM,107.5,N/A,34.6%,0%,78,20.2,6.9,3.4,0.9,0.5,7.9,15.2,1.6,4.2,2.9,3.9,1.7,5.2,1.4,5,26.4,5.0,3.0,1.2,0.8,9.6,17.8,2.0,3.6,5.2,7.6,1.4,3.6,1.2,10,22.1,5.4,3.6,1.0,0.5,8.5,15.7,1.5,3.1,3.6,5.7,1.1,4.3,1.0,2.0,16.5,9.5,2.0,0.0,0.5,5.5,12.5,3.0,6.0,2.5,4.0,1.5,8.0,1.5,10,20.7,9.2,3.8,0.8,0.5,7.7,13.6,1.7,3.1,3.6,4.8,1.8,7.4,2.4
Pascal Siakam,F,IND,pts+rebs+asts,29.5,OKC,base,Thu 8:40 PM,107.5,N/A,56.4%,63.6%,78,20.2,6.9,3.4,0.9,0.5,7.9,15.2,1.6,4.2,2.9,3.9,1.7,5.2,1.4,5,26.4,5.0,3.0,1.2,0.8,9.6,17.8,2.0,3.6,5.2,7.6,1.4,3.6,1.2,10,22.1,5.4,3.6,1.0,0.5,8.5,15.7,1.5,3.1,3.6,5.7,1.1,4.3,1.0,2.0,16.5,9.5,2.0,0.0,0.5,5.5,12.5,3.0,6.0,2.5,4.0,1.5,8.0,1.5,10,20.7,9.2,3.8,0.8,0.5,7.7,13.6,1.7,3.1,3.6,4.8,1.8,7.4,2.4
Pascal Siakam,F,IND,offensive rebounds,1.5,OKC,base,Thu 8:40 PM,107.5,N/A,46.2%,54.5%,78,20.2,6.9,3.4,0.9,0.5,7.9,15.2,1.6,4.2,2.9,3.9,1.7,5.2,1.4,5,26.4,5.0,3.0,1.2,0.8,9.6,17.8,2.0,3.6,5.2,7.6,1.4,3.6,1.2,10,22.1,5.4,3.6,1.0,0.5,8.5,15.7,1.5,3.1,3.6,5.7,1.1,4.3,1.0,2.0,16.5,9.5,2.0,0.0,0.5,5.5,12.5,3.0,6.0,2.5,4.0,1.5,8.0,1.5,10,20.7,9.2,3.8,0.8,0.5,7.7,13.6,1.7,3.1,3.6,4.8,1.8,7.4,2.4
Pascal Siakam,F,IND,pts+rebs,26.0,OKC,base,Thu 8:40 PM,107.5,N/A,56.4%,72.7%,78,20.2,6.9,3.4,0.9,0.5,7.9,15.2,1.6,4.2,2.9,3.9,1.7,5.2,1.4,5,26.4,5.0,3.0,1.2,0.8,9.6,17.8,2.0,3.6,5.2,7.6,1.4,3.6,1.2,10,22.1,5.4,3.6,1.0,0.5,8.5,15.7,1.5,3.1,3.6,5.7,1.1,4.3,1.0,2.0,16.5,9.5,2.0,0.0,0.5,5.5,12.5,3.0,6.0,2.5,4.0,1.5,8.0,1.5,10,20.7,9.2,3.8,0.8,0.5,7.7,13.6,1.7,3.1,3.6,4.8,1.8,7.4,2.4
Pascal Siakam,F,IND,defensive rebounds,5.0,OKC,base,Thu 8:40 PM,107.5,N/A,35.9%,72.7%,78,20.2,6.9,3.4,0.9,0.5,7.9,15.2,1.6,4.2,2.9,3.9,1.7,5.2,1.4,5,26.4,5.0,3.0,1.2,0.8,9.6,17.8,2.0,3.6,5.2,7.6,1.4,3.6,1.2,10,22.1,5.4,3.6,1.0,0.5,8.5,15.7,1.5,3.1,3.6,5.7,1.1,4.3,1.0,2.0,16.5,9.5,2.0,0.0,0.5,5.5,12.5,3.0,6.0,2.5,4.0,1.5,8.0,1.5,10,20.7,9.2,3.8,0.8,0.5,7.7,13.6,1.7,3.1,3.6,4.8,1.8,7.4,2.4
Pascal Siakam,F,IND,fantasy score,34.5,OKC,base,Thu 8:40 PM,107.5,N/A,100.0%,0%,78,20.2,6.9,3.4,0.9,0.5,7.9,15.2,1.6,4.2,2.9,3.9,1.7,5.2,1.4,5,26.4,5.0,3.0,1.2,0.8,9.6,17.8,2.0,3.6,5.2,7.6,1.4,3.6,1.2,10,22.1,5.4,3.6,1.0,0.5,8.5,15.7,1.5,3.1,3.6,5.7,1.1,4.3,1.0,2.0,16.5,9.5,2.0,0.0,0.5,5.5,12.5,3.0,6.0,2.5,4.0,1.5,8.0,1.5,10,20.7,9.2,3.8,0.8,0.5,7.7,13.6,1.7,3.1,3.6,4.8,1.8,7.4,2.4
Pascal Siakam,F,IND,points,19.5,OKC,base,Thu 8:40 PM,107.5,N/A,53.8%,72.7%,78,20.2,6.9,3.4,0.9,0.5,7.9,15.2,1.6,4.2,2.9,3.9,1.7,5.2,1.4,5,26.4,5.0,3.0,1.2,0.8,9.6,17.8,2.0,3.6,5.2,7.6,1.4,3.6,1.2,10,22.1,5.4,3.6,1.0,0.5,8.5,15.7,1.5,3.1,3.6,5.7,1.1,4.3,1.0,2.0,16.5,9.5,2.0,0.0,0.5,5.5,12.5,3.0,6.0,2.5,4.0,1.5,8.0,1.5,10,20.7,9.2,3.8,0.8,0.5,7.7,13.6,1.7,3.1,3.6,4.8,1.8,7.4,2.4
Pascal Siakam,F,IND,two pointers attempted,12.5,OKC,base,Thu 8:40 PM,107.5,N/A,75.6%,0%,78,20.2,6.9,3.4,0.9,0.5,7.9,15.2,1.6,4.2,2.9,3.9,1.7,5.2,1.4,5,26.4,5.0,3.0,1.2,0.8,9.6,17.8,2.0,3.6,5.2,7.6,1.4,3.6,1.2,10,22.1,5.4,3.6,1.0,0.5,8.5,15.7,1.5,3.1,3.6,5.7,1.1,4.3,1.0,2.0,16.5,9.5,2.0,0.0,0.5,5.5,12.5,3.0,6.0,2.5,4.0,1.5,8.0,1.5,10,20.7,9.2,3.8,0.8,0.5,7.7,13.6,1.7,3.1,3.6,4.8,1.8,7.4,2.4
Pascal Siakam,F,IND,pts+asts,22.5,OKC,base,Thu 8:40 PM,107.5,N/A,57.7%,72.7%,78,20.2,6.9,3.4,0.9,0.5,7.9,15.2,1.6,4.2,2.9,3.9,1.7,5.2,1.4,5,26.4,5.0,3.0,1.2,0.8,9.6,17.8,2.0,3.6,5.2,7.6,1.4,3.6,1.2,10,22.1,5.4,3.6,1.0,0.5,8.5,15.7,1.5,3.1,3.6,5.7,1.1,4.3,1.0,2.0,16.5,9.5,2.0,0.0,0.5,5.5,12.5,3.0,6.0,2.5,4.0,1.5,8.0,1.5,10,20.7,9.2,3.8,0.8,0.5,7.7,13.6,1.7,3.1,3.6,4.8,1.8,7.4,2.4
Pascal Siakam,F,IND,rebounds,6.5,OKC,base,Thu 8:40 PM,107.5,N/A,51.3%,72.7%,78,20.2,6.9,3.4,0.9,0.5,7.9,15.2,1.6,4.2,2.9,3.9,1.7,5.2,1.4,5,26.4,5.0,3.0,1.2,0.8,9.6,17.8,2.0,3.6,5.2,7.6,1.4,3.6,1.2,10,22.1,5.4,3.6,1.0,0.5,8.5,15.7,1.5,3.1,3.6,5.7,1.1,4.3,1.0,2.0,16.5,9.5,2.0,0.0,0.5,5.5,12.5,3.0,6.0,2.5,4.0,1.5,8.0,1.5,10,20.7,9.2,3.8,0.8,0.5,7.7,13.6,1.7,3.1,3.6,4.8,1.8,7.4,2.4
Pascal Siakam,F,IND,rebs+asts,9.5,OKC,base,Thu 8:40 PM,107.5,N/A,61.5%,72.7%,78,20.2,6.9,3.4,0.9,0.5,7.9,15.2,1.6,4.2,2.9,3.9,1.7,5.2,1.4,5,26.4,5.0,3.0,1.2,0.8,9.6,17.8,2.0,3.6,5.2,7.6,1.4,3.6,1.2,10,22.1,5.4,3.6,1.0,0.5,8.5,15.7,1.5,3.1,3.6,5.7,1.1,4.3,1.0,2.0,16.5,9.5,2.0,0.0,0.5,5.5,12.5,3.0,6.0,2.5,4.0,1.5,8.0,1.5,10,20.7,9.2,3.8,0.8,0.5,7.7,13.6,1.7,3.1,3.6,4.8,1.8,7.4,2.4
Pascal Siakam,F,IND,pra in first 5 minutes,3.5,OKC,base,Thu 8:40 PM,107.5,N/A,17.9%,0%,78,20.2,6.9,3.4,0.9,0.5,7.9,15.2,1.6,4.2,2.9,3.9,1.7,5.2,1.4,5,26.4,5.0,3.0,1.2,0.8,9.6,17.8,2.0,3.6,5.2,7.6,1.4,3.6,1.2,10,22.1,5.4,3.6,1.0,0.5,8.5,15.7,1.5,3.1,3.6,5.7,1.1,4.3,1.0,2.0,16.5,9.5,2.0,0.0,0.5,5.5,12.5,3.0,6.0,2.5,4.0,1.5,8.0,1.5,10,20.7,9.2,3.8,0.8,0.5,7.7,13.6,1.7,3.1,3.6,4.8,1.8,7.4,2.4
Pascal Siakam,F,IND,fg made,7.5,OKC,base,Thu 8:40 PM,107.5,N/A,51.3%,63.6%,78,20.2,6.9,3.4,0.9,0.5,7.9,15.2,1.6,4.2,2.9,3.9,1.7,5.2,1.4,5,26.4,5.0,3.0,1.2,0.8,9.6,17.8,2.0,3.6,5.2,7.6,1.4,3.6,1.2,10,22.1,5.4,3.6,1.0,0.5,8.5,15.7,1.5,3.1,3.6,5.7,1.1,4.3,1.0,2.0,16.5,9.5,2.0,0.0,0.5,5.5,12.5,3.0,6.0,2.5,4.0,1.5,8.0,1.5,10,20.7,9.2,3.8,0.8,0.5,7.7,13.6,1.7,3.1,3.6,4.8,1.8,7.4,2.4
Pascal Siakam,F,IND,free throws made,3.5,OKC,base,Thu 8:40 PM,107.5,N/A,29.5%,0%,78,20.2,6.9,3.4,0.9,0.5,7.9,15.2,1.6,4.2,2.9,3.9,1.7,5.2,1.4,5,26.4,5.0,3.0,1.2,0.8,9.6,17.8,2.0,3.6,5.2,7.6,1.4,3.6,1.2,10,22.1,5.4,3.6,1.0,0.5,8.5,15.7,1.5,3.1,3.6,5.7,1.1,4.3,1.0,2.0,16.5,9.5,2.0,0.0,0.5,5.5,12.5,3.0,6.0,2.5,4.0,1.5,8.0,1.5,10,20.7,9.2,3.8,0.8,0.5,7.7,13.6,1.7,3.1,3.6,4.8,1.8,7.4,2.4
Pascal Siakam,F,IND,3-pt attempted,4.0,OKC,base,Thu 8:40 PM,107.5,N/A,43.6%,27.3%,78,20.2,6.9,3.4,0.9,0.5,7.9,15.2,1.6,4.2,2.9,3.9,1.7,5.2,1.4,5,26.4,5.0,3.0,1.2,0.8,9.6,17.8,2.0,3.6,5.2,7.6,1.4,3.6,1.2,10,22.1,5.4,3.6,1.0,0.5,8.5,15.7,1.5,3.1,3.6,5.7,1.1,4.3,1.0,2.0,16.5,9.5,2.0,0.0,0.5,5.5,12.5,3.0,6.0,2.5,4.0,1.5,8.0,1.5,10,20.7,9.2,3.8,0.8,0.5,7.7,13.6,1.7,3.1,3.6,4.8,1.8,7.4,2.4
Pascal Siakam,F,IND,assists,3.0,OKC,base,Thu 8:40 PM,107.5,N/A,44.9%,72.7%,78,20.2,6.9,3.4,0.9,0.5,7.9,15.2,1.6,4.2,2.9,3.9,1.7,5.2,1.4,5,26.4,5.0,3.0,1.2,0.8,9.6,17.8,2.0,3.6,5.2,7.6,1.4,3.6,1.2,10,22.1,5.4,3.6,1.0,0.5,8.5,15.7,1.5,3.1,3.6,5.7,1.1,4.3,1.0,2.0,16.5,9.5,2.0,0.0,0.5,5.5,12.5,3.0,6.0,2.5,4.0,1.5,8.0,1.5,10,20.7,9.2,3.8,0.8,0.5,7.7,13.6,1.7,3.1,3.6,4.8,1.8,7.4,2.4
Tyrese Haliburton,G,IND,pts+asts,26.5,OKC,base,Thu 8:40 PM,107.5,N/A,57.5%,33.3%,73,18.6,3.5,9.2,1.4,0.7,6.5,13.8,3.0,7.7,2.6,3.0,0.6,3.0,1.6,5,19.0,6.4,10.4,2.8,0.4,6.8,15.6,2.4,7.4,3.0,3.6,0.4,6.0,1.6,10,19.1,5.6,8.5,1.7,0.4,6.8,14.3,2.5,6.7,3.0,3.8,0.3,5.3,1.9,2.0,11.0,3.0,5.5,1.0,0.0,4.0,9.0,2.0,5.5,1.0,1.0,1.0,2.0,0.5,8,13.4,4.1,9.9,1.3,0.9,5.3,11.5,2.0,5.3,0.9,1.0,0.9,3.3,2.1
Tyrese Haliburton,G,IND,3-pt attempted,7.0,OKC,base,Thu 8:40 PM,107.5,N/A,53.4%,22.2%,73,18.6,3.5,9.2,1.4,0.7,6.5,13.8,3.0,7.7,2.6,3.0,0.6,3.0,1.6,5,19.0,6.4,10.4,2.8,0.4,6.8,15.6,2.4,7.4,3.0,3.6,0.4,6.0,1.6,10,19.1,5.6,8.5,1.7,0.4,6.8,14.3,2.5,6.7,3.0,3.8,0.3,5.3,1.9,2.0,11.0,3.0,5.5,1.0,0.0,4.0,9.0,2.0,5.5,1.0,1.0,1.0,2.0,0.5,8,13.4,4.1,9.9,1.3,0.9,5.3,11.5,2.0,5.3,0.9,1.0,0.9,3.3,2.1
Tyrese Haliburton,G,IND,rebs+asts,13.5,OKC,base,Thu 8:40 PM,107.5,N/A,41.1%,55.6%,73,18.6,3.5,9.2,1.4,0.7,6.5,13.8,3.0,7.7,2.6,3.0,0.6,3.0,1.6,5,19.0,6.4,10.4,2.8,0.4,6.8,15.6,2.4,7.4,3.0,3.6,0.4,6.0,1.6,10,19.1,5.6,8.5,1.7,0.4,6.8,14.3,2.5,6.7,3.0,3.8,0.3,5.3,1.9,2.0,11.0,3.0,5.5,1.0,0.0,4.0,9.0,2.0,5.5,1.0,1.0,1.0,2.0,0.5,8,13.4,4.1,9.9,1.3,0.9,5.3,11.5,2.0,5.3,0.9,1.0,0.9,3.3,2.1
Tyrese Haliburton,G,IND,fg made,6.5,OKC,base,Thu 8:40 PM,107.5,N/A,50.7%,22.2%,73,18.6,3.5,9.2,1.4,0.7,6.5,13.8,3.0,7.7,2.6,3.0,0.6,3.0,1.6,5,19.0,6.4,10.4,2.8,0.4,6.8,15.6,2.4,7.4,3.0,3.6,0.4,6.0,1.6,10,19.1,5.6,8.5,1.7,0.4,6.8,14.3,2.5,6.7,3.0,3.8,0.3,5.3,1.9,2.0,11.0,3.0,5.5,1.0,0.0,4.0,9.0,2.0,5.5,1.0,1.0,1.0,2.0,0.5,8,13.4,4.1,9.9,1.3,0.9,5.3,11.5,2.0,5.3,0.9,1.0,0.9,3.3,2.1
Tyrese Haliburton,G,IND,two pointers made,4.0,OKC,base,Thu 8:40 PM,107.5,N/A,79.5%,0%,73,18.6,3.5,9.2,1.4,0.7,6.5,13.8,3.0,7.7,2.6,3.0,0.6,3.0,1.6,5,19.0,6.4,10.4,2.8,0.4,6.8,15.6,2.4,7.4,3.0,3.6,0.4,6.0,1.6,10,19.1,5.6,8.5,1.7,0.4,6.8,14.3,2.5,6.7,3.0,3.8,0.3,5.3,1.9,2.0,11.0,3.0,5.5,1.0,0.0,4.0,9.0,2.0,5.5,1.0,1.0,1.0,2.0,0.5,8,13.4,4.1,9.9,1.3,0.9,5.3,11.5,2.0,5.3,0.9,1.0,0.9,3.3,2.1
Tyrese Haliburton,G,IND,two pointers attempted,7.5,OKC,base,Thu 8:40 PM,107.5,N/A,94.5%,0%,73,18.6,3.5,9.2,1.4,0.7,6.5,13.8,3.0,7.7,2.6,3.0,0.6,3.0,1.6,5,19.0,6.4,10.4,2.8,0.4,6.8,15.6,2.4,7.4,3.0,3.6,0.4,6.0,1.6,10,19.1,5.6,8.5,1.7,0.4,6.8,14.3,2.5,6.7,3.0,3.8,0.3,5.3,1.9,2.0,11.0,3.0,5.5,1.0,0.0,4.0,9.0,2.0,5.5,1.0,1.0,1.0,2.0,0.5,8,13.4,4.1,9.9,1.3,0.9,5.3,11.5,2.0,5.3,0.9,1.0,0.9,3.3,2.1
Tyrese Haliburton,G,IND,free throws made,3.0,OKC,base,Thu 8:40 PM,107.5,N/A,30.1%,0%,73,18.6,3.5,9.2,1.4,0.7,6.5,13.8,3.0,7.7,2.6,3.0,0.6,3.0,1.6,5,19.0,6.4,10.4,2.8,0.4,6.8,15.6,2.4,7.4,3.0,3.6,0.4,6.0,1.6,10,19.1,5.6,8.5,1.7,0.4,6.8,14.3,2.5,6.7,3.0,3.8,0.3,5.3,1.9,2.0,11.0,3.0,5.5,1.0,0.0,4.0,9.0,2.0,5.5,1.0,1.0,1.0,2.0,0.5,8,13.4,4.1,9.9,1.3,0.9,5.3,11.5,2.0,5.3,0.9,1.0,0.9,3.3,2.1
Tyrese Haliburton,G,IND,fantasy score,39.5,OKC,base,Thu 8:40 PM,107.5,N/A,93.2%,0%,73,18.6,3.5,9.2,1.4,0.7,6.5,13.8,3.0,7.7,2.6,3.0,0.6,3.0,1.6,5,19.0,6.4,10.4,2.8,0.4,6.8,15.6,2.4,7.4,3.0,3.6,0.4,6.0,1.6,10,19.1,5.6,8.5,1.7,0.4,6.8,14.3,2.5,6.7,3.0,3.8,0.3,5.3,1.9,2.0,11.0,3.0,5.5,1.0,0.0,4.0,9.0,2.0,5.5,1.0,1.0,1.0,2.0,0.5,8,13.4,4.1,9.9,1.3,0.9,5.3,11.5,2.0,5.3,0.9,1.0,0.9,3.3,2.1
Tyrese Haliburton,G,IND,free throws attempted,3.5,OKC,base,Thu 8:40 PM,107.5,N/A,38.4%,0%,73,18.6,3.5,9.2,1.4,0.7,6.5,13.8,3.0,7.7,2.6,3.0,0.6,3.0,1.6,5,19.0,6.4,10.4,2.8,0.4,6.8,15.6,2.4,7.4,3.0,3.6,0.4,6.0,1.6,10,19.1,5.6,8.5,1.7,0.4,6.8,14.3,2.5,6.7,3.0,3.8,0.3,5.3,1.9,2.0,11.0,3.0,5.5,1.0,0.0,4.0,9.0,2.0,5.5,1.0,1.0,1.0,2.0,0.5,8,13.4,4.1,9.9,1.3,0.9,5.3,11.5,2.0,5.3,0.9,1.0,0.9,3.3,2.1
Tyrese Haliburton,G,IND,fg attempted,14.5,OKC,base,Thu 8:40 PM,107.5,N/A,45.2%,11.1%,73,18.6,3.5,9.2,1.4,0.7,6.5,13.8,3.0,7.7,2.6,3.0,0.6,3.0,1.6,5,19.0,6.4,10.4,2.8,0.4,6.8,15.6,2.4,7.4,3.0,3.6,0.4,6.0,1.6,10,19.1,5.6,8.5,1.7,0.4,6.8,14.3,2.5,6.7,3.0,3.8,0.3,5.3,1.9,2.0,11.0,3.0,5.5,1.0,0.0,4.0,9.0,2.0,5.5,1.0,1.0,1.0,2.0,0.5,8,13.4,4.1,9.9,1.3,0.9,5.3,11.5,2.0,5.3,0.9,1.0,0.9,3.3,2.1
Tyrese Haliburton,G,IND,pra in first 5 minutes,3.5,OKC,base,Thu 8:40 PM,107.5,N/A,2.7%,0%,73,18.6,3.5,9.2,1.4,0.7,6.5,13.8,3.0,7.7,2.6,3.0,0.6,3.0,1.6,5,19.0,6.4,10.4,2.8,0.4,6.8,15.6,2.4,7.4,3.0,3.6,0.4,6.0,1.6,10,19.1,5.6,8.5,1.7,0.4,6.8,14.3,2.5,6.7,3.0,3.8,0.3,5.3,1.9,2.0,11.0,3.0,5.5,1.0,0.0,4.0,9.0,2.0,5.5,1.0,1.0,1.0,2.0,0.5,8,13.4,4.1,9.9,1.3,0.9,5.3,11.5,2.0,5.3,0.9,1.0,0.9,3.3,2.1
Tyrese Haliburton,G,IND,pts+rebs+asts,31.5,OKC,base,Thu 8:40 PM,107.5,N/A,49.3%,33.3%,73,18.6,3.5,9.2,1.4,0.7,6.5,13.8,3.0,7.7,2.6,3.0,0.6,3.0,1.6,5,19.0,6.4,10.4,2.8,0.4,6.8,15.6,2.4,7.4,3.0,3.6,0.4,6.0,1.6,10,19.1,5.6,8.5,1.7,0.4,6.8,14.3,2.5,6.7,3.0,3.8,0.3,5.3,1.9,2.0,11.0,3.0,5.5,1.0,0.0,4.0,9.0,2.0,5.5,1.0,1.0,1.0,2.0,0.5,8,13.4,4.1,9.9,1.3,0.9,5.3,11.5,2.0,5.3,0.9,1.0,0.9,3.3,2.1
Tyrese Haliburton,G,IND,assists,9.0,OKC,base,Thu 8:40 PM,107.5,N/A,45.2%,66.7%,73,18.6,3.5,9.2,1.4,0.7,6.5,13.8,3.0,7.7,2.6,3.0,0.6,3.0,1.6,5,19.0,6.4,10.4,2.8,0.4,6.8,15.6,2.4,7.4,3.0,3.6,0.4,6.0,1.6,10,19.1,5.6,8.5,1.7,0.4,6.8,14.3,2.5,6.7,3.0,3.8,0.3,5.3,1.9,2.0,11.0,3.0,5.5,1.0,0.0,4.0,9.0,2.0,5.5,1.0,1.0,1.0,2.0,0.5,8,13.4,4.1,9.9,1.3,0.9,5.3,11.5,2.0,5.3,0.9,1.0,0.9,3.3,2.1
Tyrese Haliburton,G,IND,rebounds,4.5,OKC,base,Thu 8:40 PM,107.5,N/A,28.8%,33.3%,73,18.6,3.5,9.2,1.4,0.7,6.5,13.8,3.0,7.7,2.6,3.0,0.6,3.0,1.6,5,19.0,6.4,10.4,2.8,0.4,6.8,15.6,2.4,7.4,3.0,3.6,0.4,6.0,1.6,10,19.1,5.6,8.5,1.7,0.4,6.8,14.3,2.5,6.7,3.0,3.8,0.3,5.3,1.9,2.0,11.0,3.0,5.5,1.0,0.0,4.0,9.0,2.0,5.5,1.0,1.0,1.0,2.0,0.5,8,13.4,4.1,9.9,1.3,0.9,5.3,11.5,2.0,5.3,0.9,1.0,0.9,3.3,2.1
Tyrese Haliburton,G,IND,pts+rebs,22.5,OKC,base,Thu 8:40 PM,107.5,N/A,43.8%,11.1%,73,18.6,3.5,9.2,1.4,0.7,6.5,13.8,3.0,7.7,2.6,3.0,0.6,3.0,1.6,5,19.0,6.4,10.4,2.8,0.4,6.8,15.6,2.4,7.4,3.0,3.6,0.4,6.0,1.6,10,19.1,5.6,8.5,1.7,0.4,6.8,14.3,2.5,6.7,3.0,3.8,0.3,5.3,1.9,2.0,11.0,3.0,5.5,1.0,0.0,4.0,9.0,2.0,5.5,1.0,1.0,1.0,2.0,0.5,8,13.4,4.1,9.9,1.3,0.9,5.3,11.5,2.0,5.3,0.9,1.0,0.9,3.3,2.1
Shai Gilgeous-Alexander,G,OKC,steals,1.5,IND,base,Thu 8:40 PM,114.3,N/A,N/A%,54.5%,76,32.7,5.0,6.4,1.7,1.0,11.3,21.8,2.1,5.7,7.9,8.8,0.9,4.1,2.4,5,31.4,5.2,8.2,1.8,0.2,10.6,23.2,1.4,4.4,8.8,10.2,1.2,4.0,2.8,10,29.8,5.7,7.1,1.8,0.4,10.3,21.5,1.4,4.4,7.8,9.4,1.1,4.6,2.5,2.0,39.0,7.0,8.0,1.0,1.0,12.5,22.5,3.5,5.5,10.5,11.5,1.5,5.5,0.5,10,26.0,5.8,4.5,1.6,0.8,8.8,18.5,1.3,4.4,7.1,8.4,1.0,4.8,2.2
Shai Gilgeous-Alexander,G,OKC,fg made,11.5,IND,base,Thu 8:40 PM,114.3,N/A,N/A%,27.3%,76,32.7,5.0,6.4,1.7,1.0,11.3,21.8,2.1,5.7,7.9,8.8,0.9,4.1,2.4,5,31.4,5.2,8.2,1.8,0.2,10.6,23.2,1.4,4.4,8.8,10.2,1.2,4.0,2.8,10,29.8,5.7,7.1,1.8,0.4,10.3,21.5,1.4,4.4,7.8,9.4,1.1,4.6,2.5,2.0,39.0,7.0,8.0,1.0,1.0,12.5,22.5,3.5,5.5,10.5,11.5,1.5,5.5,0.5,10,26.0,5.8,4.5,1.6,0.8,8.8,18.5,1.3,4.4,7.1,8.4,1.0,4.8,2.2
Shai Gilgeous-Alexander,G,OKC,pts+asts,40.5,IND,base,Thu 8:40 PM,114.3,N/A,N/A%,36.4%,76,32.7,5.0,6.4,1.7,1.0,11.3,21.8,2.1,5.7,7.9,8.8,0.9,4.1,2.4,5,31.4,5.2,8.2,1.8,0.2,10.6,23.2,1.4,4.4,8.8,10.2,1.2,4.0,2.8,10,29.8,5.7,7.1,1.8,0.4,10.3,21.5,1.4,4.4,7.8,9.4,1.1,4.6,2.5,2.0,39.0,7.0,8.0,1.0,1.0,12.5,22.5,3.5,5.5,10.5,11.5,1.5,5.5,0.5,10,26.0,5.8,4.5,1.6,0.8,8.8,18.5,1.3,4.4,7.1,8.4,1.0,4.8,2.2
Shai Gilgeous-Alexander,G,OKC,free throws attempted,10.5,IND,base,Thu 8:40 PM,114.3,N/A,N/A%,0%,76,32.7,5.0,6.4,1.7,1.0,11.3,21.8,2.1,5.7,7.9,8.8,0.9,4.1,2.4,5,31.4,5.2,8.2,1.8,0.2,10.6,23.2,1.4,4.4,8.8,10.2,1.2,4.0,2.8,10,29.8,5.7,7.1,1.8,0.4,10.3,21.5,1.4,4.4,7.8,9.4,1.1,4.6,2.5,2.0,39.0,7.0,8.0,1.0,1.0,12.5,22.5,3.5,5.5,10.5,11.5,1.5,5.5,0.5,10,26.0,5.8,4.5,1.6,0.8,8.8,18.5,1.3,4.4,7.1,8.4,1.0,4.8,2.2
Shai Gilgeous-Alexander,G,OKC,pts+rebs+asts,45.5,IND,base,Thu 8:40 PM,114.3,N/A,N/A%,36.4%,76,32.7,5.0,6.4,1.7,1.0,11.3,21.8,2.1,5.7,7.9,8.8,0.9,4.1,2.4,5,31.4,5.2,8.2,1.8,0.2,10.6,23.2,1.4,4.4,8.8,10.2,1.2,4.0,2.8,10,29.8,5.7,7.1,1.8,0.4,10.3,21.5,1.4,4.4,7.8,9.4,1.1,4.6,2.5,2.0,39.0,7.0,8.0,1.0,1.0,12.5,22.5,3.5,5.5,10.5,11.5,1.5,5.5,0.5,10,26.0,5.8,4.5,1.6,0.8,8.8,18.5,1.3,4.4,7.1,8.4,1.0,4.8,2.2
Shai Gilgeous-Alexander,G,OKC,assists,7.0,IND,base,Thu 8:40 PM,114.3,N/A,N/A%,18.2%,76,32.7,5.0,6.4,1.7,1.0,11.3,21.8,2.1,5.7,7.9,8.8,0.9,4.1,2.4,5,31.4,5.2,8.2,1.8,0.2,10.6,23.2,1.4,4.4,8.8,10.2,1.2,4.0,2.8,10,29.8,5.7,7.1,1.8,0.4,10.3,21.5,1.4,4.4,7.8,9.4,1.1,4.6,2.5,2.0,39.0,7.0,8.0,1.0,1.0,12.5,22.5,3.5,5.5,10.5,11.5,1.5,5.5,0.5,10,26.0,5.8,4.5,1.6,0.8,8.8,18.5,1.3,4.4,7.1,8.4,1.0,4.8,2.2
Shai Gilgeous-Alexander,G,OKC,pra in first 5 minutes,5.0,IND,base,Thu 8:40 PM,114.3,N/A,N/A%,0%,76,32.7,5.0,6.4,1.7,1.0,11.3,21.8,2.1,5.7,7.9,8.8,0.9,4.1,2.4,5,31.4,5.2,8.2,1.8,0.2,10.6,23.2,1.4,4.4,8.8,10.2,1.2,4.0,2.8,10,29.8,5.7,7.1,1.8,0.4,10.3,21.5,1.4,4.4,7.8,9.4,1.1,4.6,2.5,2.0,39.0,7.0,8.0,1.0,1.0,12.5,22.5,3.5,5.5,10.5,11.5,1.5,5.5,0.5,10,26.0,5.8,4.5,1.6,0.8,8.8,18.5,1.3,4.4,7.1,8.4,1.0,4.8,2.2
Shai Gilgeous-Alexander,G,OKC,fg attempted,22.5,IND,base,Thu 8:40 PM,114.3,N/A,N/A%,27.3%,76,32.7,5.0,6.4,1.7,1.0,11.3,21.8,2.1,5.7,7.9,8.8,0.9,4.1,2.4,5,31.4,5.2,8.2,1.8,0.2,10.6,23.2,1.4,4.4,8.8,10.2,1.2,4.0,2.8,10,29.8,5.7,7.1,1.8,0.4,10.3,21.5,1.4,4.4,7.8,9.4,1.1,4.6,2.5,2.0,39.0,7.0,8.0,1.0,1.0,12.5,22.5,3.5,5.5,10.5,11.5,1.5,5.5,0.5,10,26.0,5.8,4.5,1.6,0.8,8.8,18.5,1.3,4.4,7.1,8.4,1.0,4.8,2.2
Shai Gilgeous-Alexander,G,OKC,two pointers attempted,18.0,IND,base,Thu 8:40 PM,114.3,N/A,N/A%,0%,76,32.7,5.0,6.4,1.7,1.0,11.3,21.8,2.1,5.7,7.9,8.8,0.9,4.1,2.4,5,31.4,5.2,8.2,1.8,0.2,10.6,23.2,1.4,4.4,8.8,10.2,1.2,4.0,2.8,10,29.8,5.7,7.1,1.8,0.4,10.3,21.5,1.4,4.4,7.8,9.4,1.1,4.6,2.5,2.0,39.0,7.0,8.0,1.0,1.0,12.5,22.5,3.5,5.5,10.5,11.5,1.5,5.5,0.5,10,26.0,5.8,4.5,1.6,0.8,8.8,18.5,1.3,4.4,7.1,8.4,1.0,4.8,2.2
Shai Gilgeous-Alexander,G,OKC,rebs+asts,12.5,IND,base,Thu 8:40 PM,114.3,N/A,N/A%,45.5%,76,32.7,5.0,6.4,1.7,1.0,11.3,21.8,2.1,5.7,7.9,8.8,0.9,4.1,2.4,5,31.4,5.2,8.2,1.8,0.2,10.6,23.2,1.4,4.4,8.8,10.2,1.2,4.0,2.8,10,29.8,5.7,7.1,1.8,0.4,10.3,21.5,1.4,4.4,7.8,9.4,1.1,4.6,2.5,2.0,39.0,7.0,8.0,1.0,1.0,12.5,22.5,3.5,5.5,10.5,11.5,1.5,5.5,0.5,10,26.0,5.8,4.5,1.6,0.8,8.8,18.5,1.3,4.4,7.1,8.4,1.0,4.8,2.2
Shai Gilgeous-Alexander,G,OKC,fantasy score,56.0,IND,base,Thu 8:40 PM,114.3,N/A,N/A%,0%,76,32.7,5.0,6.4,1.7,1.0,11.3,21.8,2.1,5.7,7.9,8.8,0.9,4.1,2.4,5,31.4,5.2,8.2,1.8,0.2,10.6,23.2,1.4,4.4,8.8,10.2,1.2,4.0,2.8,10,29.8,5.7,7.1,1.8,0.4,10.3,21.5,1.4,4.4,7.8,9.4,1.1,4.6,2.5,2.0,39.0,7.0,8.0,1.0,1.0,12.5,22.5,3.5,5.5,10.5,11.5,1.5,5.5,0.5,10,26.0,5.8,4.5,1.6,0.8,8.8,18.5,1.3,4.4,7.1,8.4,1.0,4.8,2.2
Shai Gilgeous-Alexander,G,OKC,dunks,0.5,IND,base,Thu 8:40 PM,114.3,N/A,N/A%,0%,76,32.7,5.0,6.4,1.7,1.0,11.3,21.8,2.1,5.7,7.9,8.8,0.9,4.1,2.4,5,31.4,5.2,8.2,1.8,0.2,10.6,23.2,1.4,4.4,8.8,10.2,1.2,4.0,2.8,10,29.8,5.7,7.1,1.8,0.4,10.3,21.5,1.4,4.4,7.8,9.4,1.1,4.6,2.5,2.0,39.0,7.0,8.0,1.0,1.0,12.5,22.5,3.5,5.5,10.5,11.5,1.5,5.5,0.5,10,26.0,5.8,4.5,1.6,0.8,8.8,18.5,1.3,4.4,7.1,8.4,1.0,4.8,2.2
Shai Gilgeous-Alexander,G,OKC,points in first 5 minutes,4.0,IND,base,Thu 8:40 PM,114.3,N/A,N/A%,0%,76,32.7,5.0,6.4,1.7,1.0,11.3,21.8,2.1,5.7,7.9,8.8,0.9,4.1,2.4,5,31.4,5.2,8.2,1.8,0.2,10.6,23.2,1.4,4.4,8.8,10.2,1.2,4.0,2.8,10,29.8,5.7,7.1,1.8,0.4,10.3,21.5,1.4,4.4,7.8,9.4,1.1,4.6,2.5,2.0,39.0,7.0,8.0,1.0,1.0,12.5,22.5,3.5,5.5,10.5,11.5,1.5,5.5,0.5,10,26.0,5.8,4.5,1.6,0.8,8.8,18.5,1.3,4.4,7.1,8.4,1.0,4.8,2.2
Shai Gilgeous-Alexander,G,OKC,free throws made,9.0,IND,base,Thu 8:40 PM,114.3,N/A,N/A%,0%,76,32.7,5.0,6.4,1.7,1.0,11.3,21.8,2.1,5.7,7.9,8.8,0.9,4.1,2.4,5,31.4,5.2,8.2,1.8,0.2,10.6,23.2,1.4,4.4,8.8,10.2,1.2,4.0,2.8,10,29.8,5.7,7.1,1.8,0.4,10.3,21.5,1.4,4.4,7.8,9.4,1.1,4.6,2.5,2.0,39.0,7.0,8.0,1.0,1.0,12.5,22.5,3.5,5.5,10.5,11.5,1.5,5.5,0.5,10,26.0,5.8,4.5,1.6,0.8,8.8,18.5,1.3,4.4,7.1,8.4,1.0,4.8,2.2
Shai Gilgeous-Alexander,G,OKC,3-pt attempted,4.5,IND,base,Thu 8:40 PM,114.3,N/A,N/A%,45.5%,76,32.7,5.0,6.4,1.7,1.0,11.3,21.8,2.1,5.7,7.9,8.8,0.9,4.1,2.4,5,31.4,5.2,8.2,1.8,0.2,10.6,23.2,1.4,4.4,8.8,10.2,1.2,4.0,2.8,10,29.8,5.7,7.1,1.8,0.4,10.3,21.5,1.4,4.4,7.8,9.4,1.1,4.6,2.5,2.0,39.0,7.0,8.0,1.0,1.0,12.5,22.5,3.5,5.5,10.5,11.5,1.5,5.5,0.5,10,26.0,5.8,4.5,1.6,0.8,8.8,18.5,1.3,4.4,7.1,8.4,1.0,4.8,2.2
Shai Gilgeous-Alexander,G,OKC,points,33.5,IND,base,Thu 8:40 PM,114.3,N/A,N/A%,27.3%,76,32.7,5.0,6.4,1.7,1.0,11.3,21.8,2.1,5.7,7.9,8.8,0.9,4.1,2.4,5,31.4,5.2,8.2,1.8,0.2,10.6,23.2,1.4,4.4,8.8,10.2,1.2,4.0,2.8,10,29.8,5.7,7.1,1.8,0.4,10.3,21.5,1.4,4.4,7.8,9.4,1.1,4.6,2.5,2.0,39.0,7.0,8.0,1.0,1.0,12.5,22.5,3.5,5.5,10.5,11.5,1.5,5.5,0.5,10,26.0,5.8,4.5,1.6,0.8,8.8,18.5,1.3,4.4,7.1,8.4,1.0,4.8,2.2
Shai Gilgeous-Alexander,G,OKC,pts+rebs,39.0,IND,base,Thu 8:40 PM,114.3,N/A,N/A%,45.5%,76,32.7,5.0,6.4,1.7,1.0,11.3,21.8,2.1,5.7,7.9,8.8,0.9,4.1,2.4,5,31.4,5.2,8.2,1.8,0.2,10.6,23.2,1.4,4.4,8.8,10.2,1.2,4.0,2.8,10,29.8,5.7,7.1,1.8,0.4,10.3,21.5,1.4,4.4,7.8,9.4,1.1,4.6,2.5,2.0,39.0,7.0,8.0,1.0,1.0,12.5,22.5,3.5,5.5,10.5,11.5,1.5,5.5,0.5,10,26.0,5.8,4.5,1.6,0.8,8.8,18.5,1.3,4.4,7.1,8.4,1.0,4.8,2.2
Shai Gilgeous-Alexander,G,OKC,rebounds,5.5,IND,base,Thu 8:40 PM,114.3,N/A,N/A%,63.6%,76,32.7,5.0,6.4,1.7,1.0,11.3,21.8,2.1,5.7,7.9,8.8,0.9,4.1,2.4,5,31.4,5.2,8.2,1.8,0.2,10.6,23.2,1.4,4.4,8.8,10.2,1.2,4.0,2.8,10,29.8,5.7,7.1,1.8,0.4,10.3,21.5,1.4,4.4,7.8,9.4,1.1,4.6,2.5,2.0,39.0,7.0,8.0,1.0,1.0,12.5,22.5,3.5,5.5,10.5,11.5,1.5,5.5,0.5,10,26.0,5.8,4.5,1.6,0.8,8.8,18.5,1.3,4.4,7.1,8.4,1.0,4.8,2.2
Shai Gilgeous-Alexander,G,OKC,personal fouls,2.5,IND,base,Thu 8:40 PM,114.3,N/A,N/A%,0%,76,32.7,5.0,6.4,1.7,1.0,11.3,21.8,2.1,5.7,7.9,8.8,0.9,4.1,2.4,5,31.4,5.2,8.2,1.8,0.2,10.6,23.2,1.4,4.4,8.8,10.2,1.2,4.0,2.8,10,29.8,5.7,7.1,1.8,0.4,10.3,21.5,1.4,4.4,7.8,9.4,1.1,4.6,2.5,2.0,39.0,7.0,8.0,1.0,1.0,12.5,22.5,3.5,5.5,10.5,11.5,1.5,5.5,0.5,10,26.0,5.8,4.5,1.6,0.8,8.8,18.5,1.3,4.4,7.1,8.4,1.0,4.8,2.2
Shai Gilgeous-Alexander,G,OKC,two pointers made,10.0,IND,base,Thu 8:40 PM,114.3,N/A,N/A%,0%,76,32.7,5.0,6.4,1.7,1.0,11.3,21.8,2.1,5.7,7.9,8.8,0.9,4.1,2.4,5,31.4,5.2,8.2,1.8,0.2,10.6,23.2,1.4,4.4,8.8,10.2,1.2,4.0,2.8,10,29.8,5.7,7.1,1.8,0.4,10.3,21.5,1.4,4.4,7.8,9.4,1.1,4.6,2.5,2.0,39.0,7.0,8.0,1.0,1.0,12.5,22.5,3.5,5.5,10.5,11.5,1.5,5.5,0.5,10,26.0,5.8,4.5,1.6,0.8,8.8,18.5,1.3,4.4,7.1,8.4,1.0,4.8,2.2
Alex Caruso,G,OKC,pts+rebs,11.5,IND,base,Thu 8:40 PM,114.3,N/A,N/A%,54.5%,54,7.1,2.9,2.5,1.6,0.6,2.6,5.8,1.1,3.1,0.8,0.9,0.7,2.2,0.7,5,7.8,2.0,1.2,1.6,0.0,2.6,5.6,1.4,3.4,1.2,1.2,0.4,1.6,0.6,10,9.0,2.0,1.9,1.4,0.1,3.1,7.0,1.7,4.1,1.1,1.3,0.4,1.6,0.7,1.0,6.0,5.0,2.0,0.0,0.0,3.0,5.0,0.0,2.0,0.0,0.0,1.0,4.0,2.0,10,9.5,4.5,2.9,1.3,0.4,3.5,6.1,1.4,3.0,1.1,1.2,1.1,3.4,1.1
Alex Caruso,G,OKC,rebs+asts,6.0,IND,base,Thu 8:40 PM,114.3,N/A,N/A%,63.6%,54,7.1,2.9,2.5,1.6,0.6,2.6,5.8,1.1,3.1,0.8,0.9,0.7,2.2,0.7,5,7.8,2.0,1.2,1.6,0.0,2.6,5.6,1.4,3.4,1.2,1.2,0.4,1.6,0.6,10,9.0,2.0,1.9,1.4,0.1,3.1,7.0,1.7,4.1,1.1,1.3,0.4,1.6,0.7,1.0,6.0,5.0,2.0,0.0,0.0,3.0,5.0,0.0,2.0,0.0,0.0,1.0,4.0,2.0,10,9.5,4.5,2.9,1.3,0.4,3.5,6.1,1.4,3.0,1.1,1.2,1.1,3.4,1.1
Alex Caruso,G,OKC,personal fouls,3.0,IND,base,Thu 8:40 PM,114.3,N/A,N/A%,0%,54,7.1,2.9,2.5,1.6,0.6,2.6,5.8,1.1,3.1,0.8,0.9,0.7,2.2,0.7,5,7.8,2.0,1.2,1.6,0.0,2.6,5.6,1.4,3.4,1.2,1.2,0.4,1.6,0.6,10,9.0,2.0,1.9,1.4,0.1,3.1,7.0,1.7,4.1,1.1,1.3,0.4,1.6,0.7,1.0,6.0,5.0,2.0,0.0,0.0,3.0,5.0,0.0,2.0,0.0,0.0,1.0,4.0,2.0,10,9.5,4.5,2.9,1.3,0.4,3.5,6.1,1.4,3.0,1.1,1.2,1.1,3.4,1.1
Alex Caruso,G,OKC,rebounds,3.0,IND,base,Thu 8:40 PM,114.3,N/A,N/A%,63.6%,54,7.1,2.9,2.5,1.6,0.6,2.6,5.8,1.1,3.1,0.8,0.9,0.7,2.2,0.7,5,7.8,2.0,1.2,1.6,0.0,2.6,5.6,1.4,3.4,1.2,1.2,0.4,1.6,0.6,10,9.0,2.0,1.9,1.4,0.1,3.1,7.0,1.7,4.1,1.1,1.3,0.4,1.6,0.7,1.0,6.0,5.0,2.0,0.0,0.0,3.0,5.0,0.0,2.0,0.0,0.0,1.0,4.0,2.0,10,9.5,4.5,2.9,1.3,0.4,3.5,6.1,1.4,3.0,1.1,1.2,1.1,3.4,1.1
Alex Caruso,G,OKC,fg attempted,6.5,IND,base,Thu 8:40 PM,114.3,N/A,N/A%,27.3%,54,7.1,2.9,2.5,1.6,0.6,2.6,5.8,1.1,3.1,0.8,0.9,0.7,2.2,0.7,5,7.8,2.0,1.2,1.6,0.0,2.6,5.6,1.4,3.4,1.2,1.2,0.4,1.6,0.6,10,9.0,2.0,1.9,1.4,0.1,3.1,7.0,1.7,4.1,1.1,1.3,0.4,1.6,0.7,1.0,6.0,5.0,2.0,0.0,0.0,3.0,5.0,0.0,2.0,0.0,0.0,1.0,4.0,2.0,10,9.5,4.5,2.9,1.3,0.4,3.5,6.1,1.4,3.0,1.1,1.2,1.1,3.4,1.1
Alex Caruso,G,OKC,assists,2.5,IND,base,Thu 8:40 PM,114.3,N/A,N/A%,54.5%,54,7.1,2.9,2.5,1.6,0.6,2.6,5.8,1.1,3.1,0.8,0.9,0.7,2.2,0.7,5,7.8,2.0,1.2,1.6,0.0,2.6,5.6,1.4,3.4,1.2,1.2,0.4,1.6,0.6,10,9.0,2.0,1.9,1.4,0.1,3.1,7.0,1.7,4.1,1.1,1.3,0.4,1.6,0.7,1.0,6.0,5.0,2.0,0.0,0.0,3.0,5.0,0.0,2.0,0.0,0.0,1.0,4.0,2.0,10,9.5,4.5,2.9,1.3,0.4,3.5,6.1,1.4,3.0,1.1,1.2,1.1,3.4,1.1
Alex Caruso,G,OKC,free throws made,0.5,IND,base,Thu 8:40 PM,114.3,N/A,N/A%,0%,54,7.1,2.9,2.5,1.6,0.6,2.6,5.8,1.1,3.1,0.8,0.9,0.7,2.2,0.7,5,7.8,2.0,1.2,1.6,0.0,2.6,5.6,1.4,3.4,1.2,1.2,0.4,1.6,0.6,10,9.0,2.0,1.9,1.4,0.1,3.1,7.0,1.7,4.1,1.1,1.3,0.4,1.6,0.7,1.0,6.0,5.0,2.0,0.0,0.0,3.0,5.0,0.0,2.0,0.0,0.0,1.0,4.0,2.0,10,9.5,4.5,2.9,1.3,0.4,3.5,6.1,1.4,3.0,1.1,1.2,1.1,3.4,1.1
Alex Caruso,G,OKC,3-pt attempted,3.5,IND,base,Thu 8:40 PM,114.3,N/A,N/A%,27.3%,54,7.1,2.9,2.5,1.6,0.6,2.6,5.8,1.1,3.1,0.8,0.9,0.7,2.2,0.7,5,7.8,2.0,1.2,1.6,0.0,2.6,5.6,1.4,3.4,1.2,1.2,0.4,1.6,0.6,10,9.0,2.0,1.9,1.4,0.1,3.1,7.0,1.7,4.1,1.1,1.3,0.4,1.6,0.7,1.0,6.0,5.0,2.0,0.0,0.0,3.0,5.0,0.0,2.0,0.0,0.0,1.0,4.0,2.0,10,9.5,4.5,2.9,1.3,0.4,3.5,6.1,1.4,3.0,1.1,1.2,1.1,3.4,1.1
Alex Caruso,G,OKC,pts+rebs+asts,14.5,IND,base,Thu 8:40 PM,114.3,N/A,N/A%,45.5%,54,7.1,2.9,2.5,1.6,0.6,2.6,5.8,1.1,3.1,0.8,0.9,0.7,2.2,0.7,5,7.8,2.0,1.2,1.6,0.0,2.6,5.6,1.4,3.4,1.2,1.2,0.4,1.6,0.6,10,9.0,2.0,1.9,1.4,0.1,3.1,7.0,1.7,4.1,1.1,1.3,0.4,1.6,0.7,1.0,6.0,5.0,2.0,0.0,0.0,3.0,5.0,0.0,2.0,0.0,0.0,1.0,4.0,2.0,10,9.5,4.5,2.9,1.3,0.4,3.5,6.1,1.4,3.0,1.1,1.2,1.1,3.4,1.1
Alex Caruso,G,OKC,offensive rebounds,0.5,IND,base,Thu 8:40 PM,114.3,N/A,N/A%,81.8%,54,7.1,2.9,2.5,1.6,0.6,2.6,5.8,1.1,3.1,0.8,0.9,0.7,2.2,0.7,5,7.8,2.0,1.2,1.6,0.0,2.6,5.6,1.4,3.4,1.2,1.2,0.4,1.6,0.6,10,9.0,2.0,1.9,1.4,0.1,3.1,7.0,1.7,4.1,1.1,1.3,0.4,1.6,0.7,1.0,6.0,5.0,2.0,0.0,0.0,3.0,5.0,0.0,2.0,0.0,0.0,1.0,4.0,2.0,10,9.5,4.5,2.9,1.3,0.4,3.5,6.1,1.4,3.0,1.1,1.2,1.1,3.4,1.1
Alex Caruso,G,OKC,two pointers attempted,3.0,IND,base,Thu 8:40 PM,114.3,N/A,N/A%,0%,54,7.1,2.9,2.5,1.6,0.6,2.6,5.8,1.1,3.1,0.8,0.9,0.7,2.2,0.7,5,7.8,2.0,1.2,1.6,0.0,2.6,5.6,1.4,3.4,1.2,1.2,0.4,1.6,0.6,10,9.0,2.0,1.9,1.4,0.1,3.1,7.0,1.7,4.1,1.1,1.3,0.4,1.6,0.7,1.0,6.0,5.0,2.0,0.0,0.0,3.0,5.0,0.0,2.0,0.0,0.0,1.0,4.0,2.0,10,9.5,4.5,2.9,1.3,0.4,3.5,6.1,1.4,3.0,1.1,1.2,1.1,3.4,1.1
Alex Caruso,G,OKC,points,8.0,IND,base,Thu 8:40 PM,114.3,N/A,N/A%,63.6%,54,7.1,2.9,2.5,1.6,0.6,2.6,5.8,1.1,3.1,0.8,0.9,0.7,2.2,0.7,5,7.8,2.0,1.2,1.6,0.0,2.6,5.6,1.4,3.4,1.2,1.2,0.4,1.6,0.6,10,9.0,2.0,1.9,1.4,0.1,3.1,7.0,1.7,4.1,1.1,1.3,0.4,1.6,0.7,1.0,6.0,5.0,2.0,0.0,0.0,3.0,5.0,0.0,2.0,0.0,0.0,1.0,4.0,2.0,10,9.5,4.5,2.9,1.3,0.4,3.5,6.1,1.4,3.0,1.1,1.2,1.1,3.4,1.1
Alex Caruso,G,OKC,fantasy score,20.0,IND,base,Thu 8:40 PM,114.3,N/A,N/A%,0%,54,7.1,2.9,2.5,1.6,0.6,2.6,5.8,1.1,3.1,0.8,0.9,0.7,2.2,0.7,5,7.8,2.0,1.2,1.6,0.0,2.6,5.6,1.4,3.4,1.2,1.2,0.4,1.6,0.6,10,9.0,2.0,1.9,1.4,0.1,3.1,7.0,1.7,4.1,1.1,1.3,0.4,1.6,0.7,1.0,6.0,5.0,2.0,0.0,0.0,3.0,5.0,0.0,2.0,0.0,0.0,1.0,4.0,2.0,10,9.5,4.5,2.9,1.3,0.4,3.5,6.1,1.4,3.0,1.1,1.2,1.1,3.4,1.1
Alex Caruso,G,OKC,pts+asts,11.0,IND,base,Thu 8:40 PM,114.3,N/A,N/A%,54.5%,54,7.1,2.9,2.5,1.6,0.6,2.6,5.8,1.1,3.1,0.8,0.9,0.7,2.2,0.7,5,7.8,2.0,1.2,1.6,0.0,2.6,5.6,1.4,3.4,1.2,1.2,0.4,1.6,0.6,10,9.0,2.0,1.9,1.4,0.1,3.1,7.0,1.7,4.1,1.1,1.3,0.4,1.6,0.7,1.0,6.0,5.0,2.0,0.0,0.0,3.0,5.0,0.0,2.0,0.0,0.0,1.0,4.0,2.0,10,9.5,4.5,2.9,1.3,0.4,3.5,6.1,1.4,3.0,1.1,1.2,1.1,3.4,1.1
Isaiah Hartenstein,C-F,OKC,blocked shots,0.5,IND,base,Thu 8:40 PM,114.3,N/A,N/A%,0%,57,11.2,10.7,3.8,0.8,1.1,4.9,8.4,0.0,0.3,1.4,2.1,2.9,7.9,1.7,5,6.8,6.0,0.8,0.8,0.8,3.4,5.0,0.0,0.0,0.0,0.2,1.6,4.4,1.2,10,8.5,7.4,1.4,0.7,0.7,4.1,6.7,0.0,0.0,0.3,0.6,2.5,4.9,1.1,2.0,7.5,9.0,1.0,0.0,0.5,2.5,5.5,0.0,0.5,2.5,4.0,1.0,8.0,0.5,10,7.5,10.0,3.8,0.2,0.6,2.9,5.0,0.1,0.2,1.6,2.1,3.8,6.2,1.1
Isaiah Hartenstein,C-F,OKC,personal fouls,2.5,IND,base,Thu 8:40 PM,114.3,N/A,N/A%,0%,57,11.2,10.7,3.8,0.8,1.1,4.9,8.4,0.0,0.3,1.4,2.1,2.9,7.9,1.7,5,6.8,6.0,0.8,0.8,0.8,3.4,5.0,0.0,0.0,0.0,0.2,1.6,4.4,1.2,10,8.5,7.4,1.4,0.7,0.7,4.1,6.7,0.0,0.0,0.3,0.6,2.5,4.9,1.1,2.0,7.5,9.0,1.0,0.0,0.5,2.5,5.5,0.0,0.5,2.5,4.0,1.0,8.0,0.5,10,7.5,10.0,3.8,0.2,0.6,2.9,5.0,0.1,0.2,1.6,2.1,3.8,6.2,1.1
Isaiah Hartenstein,C-F,OKC,rebounds,7.0,IND,base,Thu 8:40 PM,114.3,N/A,N/A%,72.7%,57,11.2,10.7,3.8,0.8,1.1,4.9,8.4,0.0,0.3,1.4,2.1,2.9,7.9,1.7,5,6.8,6.0,0.8,0.8,0.8,3.4,5.0,0.0,0.0,0.0,0.2,1.6,4.4,1.2,10,8.5,7.4,1.4,0.7,0.7,4.1,6.7,0.0,0.0,0.3,0.6,2.5,4.9,1.1,2.0,7.5,9.0,1.0,0.0,0.5,2.5,5.5,0.0,0.5,2.5,4.0,1.0,8.0,0.5,10,7.5,10.0,3.8,0.2,0.6,2.9,5.0,0.1,0.2,1.6,2.1,3.8,6.2,1.1
Isaiah Hartenstein,C-F,OKC,points,7.5,IND,base,Thu 8:40 PM,114.3,N/A,N/A%,45.5%,57,11.2,10.7,3.8,0.8,1.1,4.9,8.4,0.0,0.3,1.4,2.1,2.9,7.9,1.7,5,6.8,6.0,0.8,0.8,0.8,3.4,5.0,0.0,0.0,0.0,0.2,1.6,4.4,1.2,10,8.5,7.4,1.4,0.7,0.7,4.1,6.7,0.0,0.0,0.3,0.6,2.5,4.9,1.1,2.0,7.5,9.0,1.0,0.0,0.5,2.5,5.5,0.0,0.5,2.5,4.0,1.0,8.0,0.5,10,7.5,10.0,3.8,0.2,0.6,2.9,5.0,0.1,0.2,1.6,2.1,3.8,6.2,1.1
Isaiah Hartenstein,C-F,OKC,defensive rebounds,5.0,IND,base,Thu 8:40 PM,114.3,N/A,N/A%,72.7%,57,11.2,10.7,3.8,0.8,1.1,4.9,8.4,0.0,0.3,1.4,2.1,2.9,7.9,1.7,5,6.8,6.0,0.8,0.8,0.8,3.4,5.0,0.0,0.0,0.0,0.2,1.6,4.4,1.2,10,8.5,7.4,1.4,0.7,0.7,4.1,6.7,0.0,0.0,0.3,0.6,2.5,4.9,1.1,2.0,7.5,9.0,1.0,0.0,0.5,2.5,5.5,0.0,0.5,2.5,4.0,1.0,8.0,0.5,10,7.5,10.0,3.8,0.2,0.6,2.9,5.0,0.1,0.2,1.6,2.1,3.8,6.2,1.1
Isaiah Hartenstein,C-F,OKC,offensive rebounds,2.0,IND,base,Thu 8:40 PM,114.3,N/A,N/A%,81.8%,57,11.2,10.7,3.8,0.8,1.1,4.9,8.4,0.0,0.3,1.4,2.1,2.9,7.9,1.7,5,6.8,6.0,0.8,0.8,0.8,3.4,5.0,0.0,0.0,0.0,0.2,1.6,4.4,1.2,10,8.5,7.4,1.4,0.7,0.7,4.1,6.7,0.0,0.0,0.3,0.6,2.5,4.9,1.1,2.0,7.5,9.0,1.0,0.0,0.5,2.5,5.5,0.0,0.5,2.5,4.0,1.0,8.0,0.5,10,7.5,10.0,3.8,0.2,0.6,2.9,5.0,0.1,0.2,1.6,2.1,3.8,6.2,1.1
Isaiah Hartenstein,C-F,OKC,fg attempted,6.0,IND,base,Thu 8:40 PM,114.3,N/A,N/A%,36.4%,57,11.2,10.7,3.8,0.8,1.1,4.9,8.4,0.0,0.3,1.4,2.1,2.9,7.9,1.7,5,6.8,6.0,0.8,0.8,0.8,3.4,5.0,0.0,0.0,0.0,0.2,1.6,4.4,1.2,10,8.5,7.4,1.4,0.7,0.7,4.1,6.7,0.0,0.0,0.3,0.6,2.5,4.9,1.1,2.0,7.5,9.0,1.0,0.0,0.5,2.5,5.5,0.0,0.5,2.5,4.0,1.0,8.0,0.5,10,7.5,10.0,3.8,0.2,0.6,2.9,5.0,0.1,0.2,1.6,2.1,3.8,6.2,1.1
Isaiah Hartenstein,C-F,OKC,rebs+asts,9.0,IND,base,Thu 8:40 PM,114.3,N/A,N/A%,81.8%,57,11.2,10.7,3.8,0.8,1.1,4.9,8.4,0.0,0.3,1.4,2.1,2.9,7.9,1.7,5,6.8,6.0,0.8,0.8,0.8,3.4,5.0,0.0,0.0,0.0,0.2,1.6,4.4,1.2,10,8.5,7.4,1.4,0.7,0.7,4.1,6.7,0.0,0.0,0.3,0.6,2.5,4.9,1.1,2.0,7.5,9.0,1.0,0.0,0.5,2.5,5.5,0.0,0.5,2.5,4.0,1.0,8.0,0.5,10,7.5,10.0,3.8,0.2,0.6,2.9,5.0,0.1,0.2,1.6,2.1,3.8,6.2,1.1
Isaiah Hartenstein,C-F,OKC,pts+asts,9.5,IND,base,Thu 8:40 PM,114.3,N/A,N/A%,72.7%,57,11.2,10.7,3.8,0.8,1.1,4.9,8.4,0.0,0.3,1.4,2.1,2.9,7.9,1.7,5,6.8,6.0,0.8,0.8,0.8,3.4,5.0,0.0,0.0,0.0,0.2,1.6,4.4,1.2,10,8.5,7.4,1.4,0.7,0.7,4.1,6.7,0.0,0.0,0.3,0.6,2.5,4.9,1.1,2.0,7.5,9.0,1.0,0.0,0.5,2.5,5.5,0.0,0.5,2.5,4.0,1.0,8.0,0.5,10,7.5,10.0,3.8,0.2,0.6,2.9,5.0,0.1,0.2,1.6,2.1,3.8,6.2,1.1
Isaiah Hartenstein,C-F,OKC,pts+rebs,14.5,IND,base,Thu 8:40 PM,114.3,N/A,N/A%,54.5%,57,11.2,10.7,3.8,0.8,1.1,4.9,8.4,0.0,0.3,1.4,2.1,2.9,7.9,1.7,5,6.8,6.0,0.8,0.8,0.8,3.4,5.0,0.0,0.0,0.0,0.2,1.6,4.4,1.2,10,8.5,7.4,1.4,0.7,0.7,4.1,6.7,0.0,0.0,0.3,0.6,2.5,4.9,1.1,2.0,7.5,9.0,1.0,0.0,0.5,2.5,5.5,0.0,0.5,2.5,4.0,1.0,8.0,0.5,10,7.5,10.0,3.8,0.2,0.6,2.9,5.0,0.1,0.2,1.6,2.1,3.8,6.2,1.1
Isaiah Hartenstein,C-F,OKC,fg made,3.5,IND,base,Thu 8:40 PM,114.3,N/A,N/A%,27.3%,57,11.2,10.7,3.8,0.8,1.1,4.9,8.4,0.0,0.3,1.4,2.1,2.9,7.9,1.7,5,6.8,6.0,0.8,0.8,0.8,3.4,5.0,0.0,0.0,0.0,0.2,1.6,4.4,1.2,10,8.5,7.4,1.4,0.7,0.7,4.1,6.7,0.0,0.0,0.3,0.6,2.5,4.9,1.1,2.0,7.5,9.0,1.0,0.0,0.5,2.5,5.5,0.0,0.5,2.5,4.0,1.0,8.0,0.5,10,7.5,10.0,3.8,0.2,0.6,2.9,5.0,0.1,0.2,1.6,2.1,3.8,6.2,1.1
Isaiah Hartenstein,C-F,OKC,fantasy score,21.0,IND,base,Thu 8:40 PM,114.3,N/A,N/A%,0%,57,11.2,10.7,3.8,0.8,1.1,4.9,8.4,0.0,0.3,1.4,2.1,2.9,7.9,1.7,5,6.8,6.0,0.8,0.8,0.8,3.4,5.0,0.0,0.0,0.0,0.2,1.6,4.4,1.2,10,8.5,7.4,1.4,0.7,0.7,4.1,6.7,0.0,0.0,0.3,0.6,2.5,4.9,1.1,2.0,7.5,9.0,1.0,0.0,0.5,2.5,5.5,0.0,0.5,2.5,4.0,1.0,8.0,0.5,10,7.5,10.0,3.8,0.2,0.6,2.9,5.0,0.1,0.2,1.6,2.1,3.8,6.2,1.1
Isaiah Hartenstein,C-F,OKC,pts+rebs+asts,17.0,IND,base,Thu 8:40 PM,114.3,N/A,N/A%,72.7%,57,11.2,10.7,3.8,0.8,1.1,4.9,8.4,0.0,0.3,1.4,2.1,2.9,7.9,1.7,5,6.8,6.0,0.8,0.8,0.8,3.4,5.0,0.0,0.0,0.0,0.2,1.6,4.4,1.2,10,8.5,7.4,1.4,0.7,0.7,4.1,6.7,0.0,0.0,0.3,0.6,2.5,4.9,1.1,2.0,7.5,9.0,1.0,0.0,0.5,2.5,5.5,0.0,0.5,2.5,4.0,1.0,8.0,0.5,10,7.5,10.0,3.8,0.2,0.6,2.9,5.0,0.1,0.2,1.6,2.1,3.8,6.2,1.1
Thomas Bryant,C-F,IND,pts+asts,3.5,OKC,base,Thu 8:40 PM,107.5,N/A,N/A%,75.0%,66,6.5,3.8,0.8,0.4,0.6,2.5,4.9,0.7,2.2,0.8,1.0,1.3,2.5,0.5,5,4.8,1.8,0.0,0.2,0.2,1.6,3.2,0.8,1.4,0.8,0.8,0.4,1.4,0.2,10,3.3,1.5,0.0,0.2,0.3,1.1,2.2,0.5,0.9,0.6,0.6,0.3,1.2,0.3,2.0,2.5,1.0,0.0,0.5,0.0,1.0,2.5,0.5,2.0,0.0,0.0,0.0,1.0,0.0,7,7.9,4.3,0.7,0.6,1.0,3.1,6.1,0.7,2.6,0.9,1.0,1.3,3.0,0.4
Thomas Bryant,C-F,IND,pts+rebs+asts,6.5,OKC,base,Thu 8:40 PM,107.5,N/A,N/A%,62.5%,66,6.5,3.8,0.8,0.4,0.6,2.5,4.9,0.7,2.2,0.8,1.0,1.3,2.5,0.5,5,4.8,1.8,0.0,0.2,0.2,1.6,3.2,0.8,1.4,0.8,0.8,0.4,1.4,0.2,10,3.3,1.5,0.0,0.2,0.3,1.1,2.2,0.5,0.9,0.6,0.6,0.3,1.2,0.3,2.0,2.5,1.0,0.0,0.5,0.0,1.0,2.5,0.5,2.0,0.0,0.0,0.0,1.0,0.0,7,7.9,4.3,0.7,0.6,1.0,3.1,6.1,0.7,2.6,0.9,1.0,1.3,3.0,0.4
Thomas Bryant,C-F,IND,pts+rebs,5.5,OKC,base,Thu 8:40 PM,107.5,N/A,N/A%,75.0%,66,6.5,3.8,0.8,0.4,0.6,2.5,4.9,0.7,2.2,0.8,1.0,1.3,2.5,0.5,5,4.8,1.8,0.0,0.2,0.2,1.6,3.2,0.8,1.4,0.8,0.8,0.4,1.4,0.2,10,3.3,1.5,0.0,0.2,0.3,1.1,2.2,0.5,0.9,0.6,0.6,0.3,1.2,0.3,2.0,2.5,1.0,0.0,0.5,0.0,1.0,2.5,0.5,2.0,0.0,0.0,0.0,1.0,0.0,7,7.9,4.3,0.7,0.6,1.0,3.1,6.1,0.7,2.6,0.9,1.0,1.3,3.0,0.4
